Gym has been unmaintained since 2022 and does not support NumPy 2.0 amongst other critical functionality.
Please upgrade to Gymnasium, the maintained drop-in replacement of Gym, or contact the authors of your software and request that they upgrade.
Users of this version of Gym should be able to simply replace 'import gym' with 'import gymnasium as gym' in the vast majority of cases.
See the migration guide at https://gymnasium.farama.org/introduction/migration_guide/ for additional information.
/home/dmy/miniconda3/envs/rag-index/lib/python3.12/site-packages/gymnasium/wrappers/rendering.py:296: UserWarning: [33mWARN: Overwriting existing videos at /home/dmy/rl_control/ppo_reacher_baseline_videos folder (try specifying a different `video_folder` for the `RecordVideo` wrapper if this is not desired)[0m
  logger.warn(
libEGL warning: Not allowed to force software rendering when API explicitly selects a hardware device.
libEGL warning: MESA-LOADER: failed to open vgem: /usr/lib/dri/vgem_dri.so: cannot open shared object file: No such file or directory (search paths /usr/lib/x86_64-linux-gnu/dri:\$${ORIGIN}/dri:/usr/lib/dri, suffix _dri)

Starting PPO training on Reacher-v5 with Optimized Hyperparameters...
Using cpu device
Logging to ppo_reacher_baseline_logs/PPO_3
---------------------------------
| rollout/           |          |
|    ep_len_mean     | 50       |
|    ep_rew_mean     | -22.6    |
| time/              |          |
|    fps             | 1067     |
|    iterations      | 1        |
|    time_elapsed    | 1        |
|    total_timesteps | 2048     |
---------------------------------
-----------------------------------------
| rollout/                |             |
|    ep_len_mean          | 50          |
|    ep_rew_mean          | -21.9       |
| time/                   |             |
|    fps                  | 1078        |
|    iterations           | 2           |
|    time_elapsed         | 3           |
|    total_timesteps      | 4096        |
| train/                  |             |
|    approx_kl            | 0.022152767 |
|    clip_fraction        | 0.258       |
|    clip_range           | 0.2         |
|    entropy_loss         | -0.416      |
|    explained_variance   | -0.0403     |
|    learning_rate        | 0.000249    |
|    loss                 | 0.217       |
|    n_updates            | 10          |
|    policy_gradient_loss | -0.0293     |
|    std                  | 0.132       |
|    value_loss           | 0.645       |
-----------------------------------------
-----------------------------------------
| rollout/                |             |
|    ep_len_mean          | 50          |
|    ep_rew_mean          | -21         |
| time/                   |             |
|    fps                  | 1061        |
|    iterations           | 3           |
|    time_elapsed         | 5           |
|    total_timesteps      | 6144        |
| train/                  |             |
|    approx_kl            | 0.022530377 |
|    clip_fraction        | 0.226       |
|    clip_range           | 0.199       |
|    entropy_loss         | -0.326      |
|    explained_variance   | 0.114       |
|    learning_rate        | 0.000249    |
|    loss                 | 0.00651     |
|    n_updates            | 20          |
|    policy_gradient_loss | -0.0329     |
|    std                  | 0.128       |
|    value_loss           | 0.156       |
-----------------------------------------
-----------------------------------------
| rollout/                |             |
|    ep_len_mean          | 50          |
|    ep_rew_mean          | -19.4       |
| time/                   |             |
|    fps                  | 1404        |
|    iterations           | 4           |
|    time_elapsed         | 5           |
|    total_timesteps      | 8192        |
| train/                  |             |
|    approx_kl            | 0.018869113 |
|    clip_fraction        | 0.218       |
|    clip_range           | 0.199       |
|    entropy_loss         | -0.248      |
|    explained_variance   | 0.332       |
|    learning_rate        | 0.000248    |
|    loss                 | -0.0067     |
|    n_updates            | 30          |
|    policy_gradient_loss | -0.0365     |
|    std                  | 0.123       |
|    value_loss           | 0.137       |
-----------------------------------------
-----------------------------------------
| rollout/                |             |
|    ep_len_mean          | 50          |
|    ep_rew_mean          | -18.3       |
| time/                   |             |
|    fps                  | 1205        |
|    iterations           | 5           |
|    time_elapsed         | 8           |
|    total_timesteps      | 10240       |
| train/                  |             |
|    approx_kl            | 0.022360854 |
|    clip_fraction        | 0.246       |
|    clip_range           | 0.198       |
|    entropy_loss         | -0.204      |
|    explained_variance   | 0.451       |
|    learning_rate        | 0.000248    |
|    loss                 | 0.00439     |
|    n_updates            | 40          |
|    policy_gradient_loss | -0.034      |
|    std                  | 0.119       |
|    value_loss           | 0.0922      |
-----------------------------------------
-----------------------------------------
| rollout/                |             |
|    ep_len_mean          | 50          |
|    ep_rew_mean          | -17.9       |
| time/                   |             |
|    fps                  | 1215        |
|    iterations           | 6           |
|    time_elapsed         | 10          |
|    total_timesteps      | 12288       |
| train/                  |             |
|    approx_kl            | 0.013104098 |
|    clip_fraction        | 0.166       |
|    clip_range           | 0.198       |
|    entropy_loss         | -0.153      |
|    explained_variance   | 0.474       |
|    learning_rate        | 0.000247    |
|    loss                 | 0.00158     |
|    n_updates            | 50          |
|    policy_gradient_loss | -0.0181     |
|    std                  | 0.116       |
|    value_loss           | 0.0704      |
-----------------------------------------
----------------------------------------
| rollout/                |            |
|    ep_len_mean          | 50         |
|    ep_rew_mean          | -17        |
| time/                   |            |
|    fps                  | 1260       |
|    iterations           | 7          |
|    time_elapsed         | 11         |
|    total_timesteps      | 14336      |
| train/                  |            |
|    approx_kl            | 0.02383329 |
|    clip_fraction        | 0.258      |
|    clip_range           | 0.198      |
|    entropy_loss         | -0.104     |
|    explained_variance   | 0.388      |
|    learning_rate        | 0.000247   |
|    loss                 | -0.0311    |
|    n_updates            | 60         |
|    policy_gradient_loss | -0.0351    |
|    std                  | 0.112      |
|    value_loss           | 0.083      |
----------------------------------------
----------------------------------------
| rollout/                |            |
|    ep_len_mean          | 50         |
|    ep_rew_mean          | -16.3      |
| time/                   |            |
|    fps                  | 1267       |
|    iterations           | 8          |
|    time_elapsed         | 12         |
|    total_timesteps      | 16384      |
| train/                  |            |
|    approx_kl            | 0.01291299 |
|    clip_fraction        | 0.172      |
|    clip_range           | 0.197      |
|    entropy_loss         | -0.0538    |
|    explained_variance   | 0.523      |
|    learning_rate        | 0.000246   |
|    loss                 | 0.0139     |
|    n_updates            | 70         |
|    policy_gradient_loss | -0.0267    |
|    std                  | 0.107      |
|    value_loss           | 0.0622     |
----------------------------------------
-----------------------------------------
| rollout/                |             |
|    ep_len_mean          | 50          |
|    ep_rew_mean          | -15.7       |
| time/                   |             |
|    fps                  | 1296        |
|    iterations           | 9           |
|    time_elapsed         | 14          |
|    total_timesteps      | 18432       |
| train/                  |             |
|    approx_kl            | 0.014302973 |
|    clip_fraction        | 0.209       |
|    clip_range           | 0.197       |
|    entropy_loss         | -0.0213     |
|    explained_variance   | 0.561       |
|    learning_rate        | 0.000246    |
|    loss                 | -0.0282     |
|    n_updates            | 80          |
|    policy_gradient_loss | -0.0232     |
|    std                  | 0.104       |
|    value_loss           | 0.0506      |
-----------------------------------------
-----------------------------------------
| rollout/                |             |
|    ep_len_mean          | 50          |
|    ep_rew_mean          | -15.2       |
| time/                   |             |
|    fps                  | 1250        |
|    iterations           | 10          |
|    time_elapsed         | 16          |
|    total_timesteps      | 20480       |
| train/                  |             |
|    approx_kl            | 0.019176912 |
|    clip_fraction        | 0.259       |
|    clip_range           | 0.196       |
|    entropy_loss         | 0.0706      |
|    explained_variance   | 0.62        |
|    learning_rate        | 0.000245    |
|    loss                 | -0.0391     |
|    n_updates            | 90          |
|    policy_gradient_loss | -0.036      |
|    std                  | 0.1         |
|    value_loss           | 0.0447      |
-----------------------------------------
-----------------------------------------
| rollout/                |             |
|    ep_len_mean          | 50          |
|    ep_rew_mean          | -14.8       |
| time/                   |             |
|    fps                  | 1270        |
|    iterations           | 11          |
|    time_elapsed         | 17          |
|    total_timesteps      | 22528       |
| train/                  |             |
|    approx_kl            | 0.017593473 |
|    clip_fraction        | 0.232       |
|    clip_range           | 0.196       |
|    entropy_loss         | 0.0943      |
|    explained_variance   | 0.642       |
|    learning_rate        | 0.000245    |
|    loss                 | -0.0067     |
|    n_updates            | 100         |
|    policy_gradient_loss | -0.0274     |
|    std                  | 0.0974      |
|    value_loss           | 0.0456      |
-----------------------------------------
----------------------------------------
| rollout/                |            |
|    ep_len_mean          | 50         |
|    ep_rew_mean          | -14.6      |
| time/                   |            |
|    fps                  | 1286       |
|    iterations           | 12         |
|    time_elapsed         | 19         |
|    total_timesteps      | 24576      |
| train/                  |            |
|    approx_kl            | 0.02309888 |
|    clip_fraction        | 0.272      |
|    clip_range           | 0.195      |
|    entropy_loss         | 0.154      |
|    explained_variance   | 0.479      |
|    learning_rate        | 0.000244   |
|    loss                 | -0.0197    |
|    n_updates            | 110        |
|    policy_gradient_loss | -0.0303    |
|    std                  | 0.0953     |
|    value_loss           | 0.0531     |
----------------------------------------
-----------------------------------------
| rollout/                |             |
|    ep_len_mean          | 50          |
|    ep_rew_mean          | -14.1       |
| time/                   |             |
|    fps                  | 1303        |
|    iterations           | 13          |
|    time_elapsed         | 20          |
|    total_timesteps      | 26624       |
| train/                  |             |
|    approx_kl            | 0.014329853 |
|    clip_fraction        | 0.21        |
|    clip_range           | 0.195       |
|    entropy_loss         | 0.181       |
|    explained_variance   | 0.492       |
|    learning_rate        | 0.000244    |
|    loss                 | -0.0303     |
|    n_updates            | 120         |
|    policy_gradient_loss | -0.0271     |
|    std                  | 0.0926      |
|    value_loss           | 0.0438      |
-----------------------------------------
------------------------------------------
| rollout/                |              |
|    ep_len_mean          | 50           |
|    ep_rew_mean          | -14.1        |
| time/                   |              |
|    fps                  | 1318         |
|    iterations           | 14           |
|    time_elapsed         | 21           |
|    total_timesteps      | 28672        |
| train/                  |              |
|    approx_kl            | 0.0137519725 |
|    clip_fraction        | 0.202        |
|    clip_range           | 0.195        |
|    entropy_loss         | 0.251        |
|    explained_variance   | 0.619        |
|    learning_rate        | 0.000243     |
|    loss                 | -0.0112      |
|    n_updates            | 130          |
|    policy_gradient_loss | -0.0218      |
|    std                  | 0.0898       |
|    value_loss           | 0.0271       |
------------------------------------------
-----------------------------------------
| rollout/                |             |
|    ep_len_mean          | 50          |
|    ep_rew_mean          | -13.7       |
| time/                   |             |
|    fps                  | 1294        |
|    iterations           | 15          |
|    time_elapsed         | 23          |
|    total_timesteps      | 30720       |
| train/                  |             |
|    approx_kl            | 0.022946967 |
|    clip_fraction        | 0.239       |
|    clip_range           | 0.194       |
|    entropy_loss         | 0.218       |
|    explained_variance   | 0.583       |
|    learning_rate        | 0.000243    |
|    loss                 | -0.0187     |
|    n_updates            | 140         |
|    policy_gradient_loss | -0.0268     |
|    std                  | 0.0873      |
|    value_loss           | 0.0323      |
-----------------------------------------
-----------------------------------------
| rollout/                |             |
|    ep_len_mean          | 50          |
|    ep_rew_mean          | -12.8       |
| time/                   |             |
|    fps                  | 1307        |
|    iterations           | 16          |
|    time_elapsed         | 25          |
|    total_timesteps      | 32768       |
| train/                  |             |
|    approx_kl            | 0.020000953 |
|    clip_fraction        | 0.216       |
|    clip_range           | 0.194       |
|    entropy_loss         | 0.299       |
|    explained_variance   | 0.568       |
|    learning_rate        | 0.000242    |
|    loss                 | -0.0372     |
|    n_updates            | 150         |
|    policy_gradient_loss | -0.0242     |
|    std                  | 0.0849      |
|    value_loss           | 0.0234      |
-----------------------------------------
----------------------------------------
| rollout/                |            |
|    ep_len_mean          | 50         |
|    ep_rew_mean          | -12.9      |
| time/                   |            |
|    fps                  | 1320       |
|    iterations           | 17         |
|    time_elapsed         | 26         |
|    total_timesteps      | 34816      |
| train/                  |            |
|    approx_kl            | 0.01871568 |
|    clip_fraction        | 0.241      |
|    clip_range           | 0.193      |
|    entropy_loss         | 0.385      |
|    explained_variance   | 0.445      |
|    learning_rate        | 0.000242   |
|    loss                 | -0.0183    |
|    n_updates            | 160        |
|    policy_gradient_loss | -0.0283    |
|    std                  | 0.0826     |
|    value_loss           | 0.0317     |
----------------------------------------
-----------------------------------------
| rollout/                |             |
|    ep_len_mean          | 50          |
|    ep_rew_mean          | -12.5       |
| time/                   |             |
|    fps                  | 1328        |
|    iterations           | 18          |
|    time_elapsed         | 27          |
|    total_timesteps      | 36864       |
| train/                  |             |
|    approx_kl            | 0.023340113 |
|    clip_fraction        | 0.223       |
|    clip_range           | 0.193       |
|    entropy_loss         | 0.404       |
|    explained_variance   | 0.637       |
|    learning_rate        | 0.000241    |
|    loss                 | -0.0362     |
|    n_updates            | 170         |
|    policy_gradient_loss | -0.0285     |
|    std                  | 0.0793      |
|    value_loss           | 0.0345      |
-----------------------------------------
----------------------------------------
| rollout/                |            |
|    ep_len_mean          | 50         |
|    ep_rew_mean          | -12.2      |
| time/                   |            |
|    fps                  | 1341       |
|    iterations           | 19         |
|    time_elapsed         | 29         |
|    total_timesteps      | 38912      |
| train/                  |            |
|    approx_kl            | 0.01433953 |
|    clip_fraction        | 0.175      |
|    clip_range           | 0.193      |
|    entropy_loss         | 0.529      |
|    explained_variance   | 0.673      |
|    learning_rate        | 0.000241   |
|    loss                 | -0.0295    |
|    n_updates            | 180        |
|    policy_gradient_loss | -0.0249    |
|    std                  | 0.0774     |
|    value_loss           | 0.0309     |
----------------------------------------
-----------------------------------------
| rollout/                |             |
|    ep_len_mean          | 50          |
|    ep_rew_mean          | -11.9       |
| time/                   |             |
|    fps                  | 1323        |
|    iterations           | 20          |
|    time_elapsed         | 30          |
|    total_timesteps      | 40960       |
| train/                  |             |
|    approx_kl            | 0.019679932 |
|    clip_fraction        | 0.203       |
|    clip_range           | 0.192       |
|    entropy_loss         | 0.533       |
|    explained_variance   | 0.61        |
|    learning_rate        | 0.00024     |
|    loss                 | -0.0165     |
|    n_updates            | 190         |
|    policy_gradient_loss | -0.0209     |
|    std                  | 0.0745      |
|    value_loss           | 0.0311      |
-----------------------------------------
-----------------------------------------
| rollout/                |             |
|    ep_len_mean          | 50          |
|    ep_rew_mean          | -11.4       |
| time/                   |             |
|    fps                  | 1330        |
|    iterations           | 21          |
|    time_elapsed         | 32          |
|    total_timesteps      | 43008       |
| train/                  |             |
|    approx_kl            | 0.019699022 |
|    clip_fraction        | 0.221       |
|    clip_range           | 0.192       |
|    entropy_loss         | 0.571       |
|    explained_variance   | 0.703       |
|    learning_rate        | 0.00024     |
|    loss                 | -0.0126     |
|    n_updates            | 200         |
|    policy_gradient_loss | -0.023      |
|    std                  | 0.0721      |
|    value_loss           | 0.0271      |
-----------------------------------------
---------------------------------------
| rollout/                |           |
|    ep_len_mean          | 50        |
|    ep_rew_mean          | -11.2     |
| time/                   |           |
|    fps                  | 1336      |
|    iterations           | 22        |
|    time_elapsed         | 33        |
|    total_timesteps      | 45056     |
| train/                  |           |
|    approx_kl            | 0.0184137 |
|    clip_fraction        | 0.246     |
|    clip_range           | 0.191     |
|    entropy_loss         | 0.729     |
|    explained_variance   | 0.756     |
|    learning_rate        | 0.000239  |
|    loss                 | 0.00414   |
|    n_updates            | 210       |
|    policy_gradient_loss | -0.0217   |
|    std                  | 0.0701    |
|    value_loss           | 0.0289    |
---------------------------------------
-----------------------------------------
| rollout/                |             |
|    ep_len_mean          | 50          |
|    ep_rew_mean          | -10.9       |
| time/                   |             |
|    fps                  | 1343        |
|    iterations           | 23          |
|    time_elapsed         | 35          |
|    total_timesteps      | 47104       |
| train/                  |             |
|    approx_kl            | 0.016337298 |
|    clip_fraction        | 0.236       |
|    clip_range           | 0.191       |
|    entropy_loss         | 0.643       |
|    explained_variance   | 0.853       |
|    learning_rate        | 0.000239    |
|    loss                 | -0.0454     |
|    n_updates            | 220         |
|    policy_gradient_loss | -0.0248     |
|    std                  | 0.0683      |
|    value_loss           | 0.0262      |
-----------------------------------------
-----------------------------------------
| rollout/                |             |
|    ep_len_mean          | 50          |
|    ep_rew_mean          | -11         |
| time/                   |             |
|    fps                  | 1351        |
|    iterations           | 24          |
|    time_elapsed         | 36          |
|    total_timesteps      | 49152       |
| train/                  |             |
|    approx_kl            | 0.020030847 |
|    clip_fraction        | 0.23        |
|    clip_range           | 0.191       |
|    entropy_loss         | 0.746       |
|    explained_variance   | 0.835       |
|    learning_rate        | 0.000238    |
|    loss                 | -0.0209     |
|    n_updates            | 230         |
|    policy_gradient_loss | -0.0271     |
|    std                  | 0.0666      |
|    value_loss           | 0.0237      |
-----------------------------------------
-----------------------------------------
| rollout/                |             |
|    ep_len_mean          | 50          |
|    ep_rew_mean          | -11         |
| time/                   |             |
|    fps                  | 1395        |
|    iterations           | 25          |
|    time_elapsed         | 36          |
|    total_timesteps      | 51200       |
| train/                  |             |
|    approx_kl            | 0.019313887 |
|    clip_fraction        | 0.232       |
|    clip_range           | 0.19        |
|    entropy_loss         | 0.714       |
|    explained_variance   | 0.876       |
|    learning_rate        | 0.000238    |
|    loss                 | -0.0267     |
|    n_updates            | 240         |
|    policy_gradient_loss | -0.0266     |
|    std                  | 0.0648      |
|    value_loss           | 0.0271      |
-----------------------------------------
----------------------------------------
| rollout/                |            |
|    ep_len_mean          | 50         |
|    ep_rew_mean          | -11.1      |
| time/                   |            |
|    fps                  | 1400       |
|    iterations           | 26         |
|    time_elapsed         | 38         |
|    total_timesteps      | 53248      |
| train/                  |            |
|    approx_kl            | 0.02816623 |
|    clip_fraction        | 0.281      |
|    clip_range           | 0.19       |
|    entropy_loss         | 0.754      |
|    explained_variance   | 0.879      |
|    learning_rate        | 0.000237   |
|    loss                 | -0.0164    |
|    n_updates            | 250        |
|    policy_gradient_loss | -0.031     |
|    std                  | 0.0631     |
|    value_loss           | 0.0271     |
----------------------------------------
-----------------------------------------
| rollout/                |             |
|    ep_len_mean          | 50          |
|    ep_rew_mean          | -10.7       |
| time/                   |             |
|    fps                  | 1404        |
|    iterations           | 27          |
|    time_elapsed         | 39          |
|    total_timesteps      | 55296       |
| train/                  |             |
|    approx_kl            | 0.022480011 |
|    clip_fraction        | 0.274       |
|    clip_range           | 0.189       |
|    entropy_loss         | 0.838       |
|    explained_variance   | 0.897       |
|    learning_rate        | 0.000237    |
|    loss                 | -0.0103     |
|    n_updates            | 260         |
|    policy_gradient_loss | -0.0278     |
|    std                  | 0.0616      |
|    value_loss           | 0.0227      |
-----------------------------------------
----------------------------------------
| rollout/                |            |
|    ep_len_mean          | 50         |
|    ep_rew_mean          | -10.2      |
| time/                   |            |
|    fps                  | 1408       |
|    iterations           | 28         |
|    time_elapsed         | 40         |
|    total_timesteps      | 57344      |
| train/                  |            |
|    approx_kl            | 0.02214342 |
|    clip_fraction        | 0.248      |
|    clip_range           | 0.189      |
|    entropy_loss         | 0.92       |
|    explained_variance   | 0.912      |
|    learning_rate        | 0.000236   |
|    loss                 | -0.0544    |
|    n_updates            | 270        |
|    policy_gradient_loss | -0.0273    |
|    std                  | 0.0599     |
|    value_loss           | 0.019      |
----------------------------------------
-----------------------------------------
| rollout/                |             |
|    ep_len_mean          | 50          |
|    ep_rew_mean          | -9.86       |
| time/                   |             |
|    fps                  | 1414        |
|    iterations           | 29          |
|    time_elapsed         | 42          |
|    total_timesteps      | 59392       |
| train/                  |             |
|    approx_kl            | 0.019829758 |
|    clip_fraction        | 0.267       |
|    clip_range           | 0.189       |
|    entropy_loss         | 0.932       |
|    explained_variance   | 0.934       |
|    learning_rate        | 0.000236    |
|    loss                 | -0.0652     |
|    n_updates            | 280         |
|    policy_gradient_loss | -0.0276     |
|    std                  | 0.0576      |
|    value_loss           | 0.019       |
-----------------------------------------
----------------------------------------
| rollout/                |            |
|    ep_len_mean          | 50         |
|    ep_rew_mean          | -9.54      |
| time/                   |            |
|    fps                  | 1399       |
|    iterations           | 30         |
|    time_elapsed         | 43         |
|    total_timesteps      | 61440      |
| train/                  |            |
|    approx_kl            | 0.03339357 |
|    clip_fraction        | 0.299      |
|    clip_range           | 0.188      |
|    entropy_loss         | 0.997      |
|    explained_variance   | 0.943      |
|    learning_rate        | 0.000235   |
|    loss                 | -0.0237    |
|    n_updates            | 290        |
|    policy_gradient_loss | -0.0267    |
|    std                  | 0.0561     |
|    value_loss           | 0.0164     |
----------------------------------------
-----------------------------------------
| rollout/                |             |
|    ep_len_mean          | 50          |
|    ep_rew_mean          | -9.11       |
| time/                   |             |
|    fps                  | 1402        |
|    iterations           | 31          |
|    time_elapsed         | 45          |
|    total_timesteps      | 63488       |
| train/                  |             |
|    approx_kl            | 0.030566331 |
|    clip_fraction        | 0.325       |
|    clip_range           | 0.188       |
|    entropy_loss         | 1.04        |
|    explained_variance   | 0.956       |
|    learning_rate        | 0.000235    |
|    loss                 | -0.0547     |
|    n_updates            | 300         |
|    policy_gradient_loss | -0.0376     |
|    std                  | 0.0544      |
|    value_loss           | 0.0164      |
-----------------------------------------
----------------------------------------
| rollout/                |            |
|    ep_len_mean          | 50         |
|    ep_rew_mean          | -8.55      |
| time/                   |            |
|    fps                  | 1407       |
|    iterations           | 32         |
|    time_elapsed         | 46         |
|    total_timesteps      | 65536      |
| train/                  |            |
|    approx_kl            | 0.02816702 |
|    clip_fraction        | 0.315      |
|    clip_range           | 0.187      |
|    entropy_loss         | 1.13       |
|    explained_variance   | 0.964      |
|    learning_rate        | 0.000234   |
|    loss                 | -0.0372    |
|    n_updates            | 310        |
|    policy_gradient_loss | -0.0358    |
|    std                  | 0.0529     |
|    value_loss           | 0.0187     |
----------------------------------------
----------------------------------------
| rollout/                |            |
|    ep_len_mean          | 50         |
|    ep_rew_mean          | -8.72      |
| time/                   |            |
|    fps                  | 1411       |
|    iterations           | 33         |
|    time_elapsed         | 47         |
|    total_timesteps      | 67584      |
| train/                  |            |
|    approx_kl            | 0.03309422 |
|    clip_fraction        | 0.334      |
|    clip_range           | 0.187      |
|    entropy_loss         | 1.16       |
|    explained_variance   | 0.959      |
|    learning_rate        | 0.000234   |
|    loss                 | -0.0313    |
|    n_updates            | 320        |
|    policy_gradient_loss | -0.0382    |
|    std                  | 0.0509     |
|    value_loss           | 0.0163     |
----------------------------------------
-----------------------------------------
| rollout/                |             |
|    ep_len_mean          | 50          |
|    ep_rew_mean          | -8.49       |
| time/                   |             |
|    fps                  | 1413        |
|    iterations           | 34          |
|    time_elapsed         | 49          |
|    total_timesteps      | 69632       |
| train/                  |             |
|    approx_kl            | 0.028512564 |
|    clip_fraction        | 0.311       |
|    clip_range           | 0.186       |
|    entropy_loss         | 1.25        |
|    explained_variance   | 0.969       |
|    learning_rate        | 0.000233    |
|    loss                 | 0.00523     |
|    n_updates            | 330         |
|    policy_gradient_loss | -0.0277     |
|    std                  | 0.0502      |
|    value_loss           | 0.0158      |
-----------------------------------------
-----------------------------------------
| rollout/                |             |
|    ep_len_mean          | 50          |
|    ep_rew_mean          | -8.18       |
| time/                   |             |
|    fps                  | 1400        |
|    iterations           | 35          |
|    time_elapsed         | 51          |
|    total_timesteps      | 71680       |
| train/                  |             |
|    approx_kl            | 0.022419149 |
|    clip_fraction        | 0.263       |
|    clip_range           | 0.186       |
|    entropy_loss         | 1.31        |
|    explained_variance   | 0.962       |
|    learning_rate        | 0.000233    |
|    loss                 | 0.0171      |
|    n_updates            | 340         |
|    policy_gradient_loss | -0.0207     |
|    std                  | 0.0494      |
|    value_loss           | 0.0162      |
-----------------------------------------
----------------------------------------
| rollout/                |            |
|    ep_len_mean          | 50         |
|    ep_rew_mean          | -7.89      |
| time/                   |            |
|    fps                  | 1405       |
|    iterations           | 36         |
|    time_elapsed         | 52         |
|    total_timesteps      | 73728      |
| train/                  |            |
|    approx_kl            | 0.04086977 |
|    clip_fraction        | 0.371      |
|    clip_range           | 0.186      |
|    entropy_loss         | 1.23       |
|    explained_variance   | 0.949      |
|    learning_rate        | 0.000232   |
|    loss                 | -0.0548    |
|    n_updates            | 350        |
|    policy_gradient_loss | -0.0403    |
|    std                  | 0.0481     |
|    value_loss           | 0.0207     |
----------------------------------------
-----------------------------------------
| rollout/                |             |
|    ep_len_mean          | 50          |
|    ep_rew_mean          | -7.79       |
| time/                   |             |
|    fps                  | 1408        |
|    iterations           | 37          |
|    time_elapsed         | 53          |
|    total_timesteps      | 75776       |
| train/                  |             |
|    approx_kl            | 0.029178504 |
|    clip_fraction        | 0.309       |
|    clip_range           | 0.185       |
|    entropy_loss         | 1.32        |
|    explained_variance   | 0.96        |
|    learning_rate        | 0.000232    |
|    loss                 | -0.0243     |
|    n_updates            | 360         |
|    policy_gradient_loss | -0.0337     |
|    std                  | 0.0468      |
|    value_loss           | 0.0166      |
-----------------------------------------
---------------------------------------
| rollout/                |           |
|    ep_len_mean          | 50        |
|    ep_rew_mean          | -7.48     |
| time/                   |           |
|    fps                  | 1411      |
|    iterations           | 38        |
|    time_elapsed         | 55        |
|    total_timesteps      | 77824     |
| train/                  |           |
|    approx_kl            | 0.0328049 |
|    clip_fraction        | 0.357     |
|    clip_range           | 0.185     |
|    entropy_loss         | 1.42      |
|    explained_variance   | 0.967     |
|    learning_rate        | 0.000231  |
|    loss                 | 0.00639   |
|    n_updates            | 370       |
|    policy_gradient_loss | -0.0307   |
|    std                  | 0.0461    |
|    value_loss           | 0.0164    |
---------------------------------------
----------------------------------------
| rollout/                |            |
|    ep_len_mean          | 50         |
|    ep_rew_mean          | -7.46      |
| time/                   |            |
|    fps                  | 1416       |
|    iterations           | 39         |
|    time_elapsed         | 56         |
|    total_timesteps      | 79872      |
| train/                  |            |
|    approx_kl            | 0.02812954 |
|    clip_fraction        | 0.303      |
|    clip_range           | 0.184      |
|    entropy_loss         | 1.44       |
|    explained_variance   | 0.965      |
|    learning_rate        | 0.000231   |
|    loss                 | -0.0433    |
|    n_updates            | 380        |
|    policy_gradient_loss | -0.0329    |
|    std                  | 0.0446     |
|    value_loss           | 0.0176     |
----------------------------------------
-----------------------------------------
| rollout/                |             |
|    ep_len_mean          | 50          |
|    ep_rew_mean          | -6.98       |
| time/                   |             |
|    fps                  | 1404        |
|    iterations           | 40          |
|    time_elapsed         | 58          |
|    total_timesteps      | 81920       |
| train/                  |             |
|    approx_kl            | 0.028413683 |
|    clip_fraction        | 0.304       |
|    clip_range           | 0.184       |
|    entropy_loss         | 1.5         |
|    explained_variance   | 0.971       |
|    learning_rate        | 0.00023     |
|    loss                 | -0.0422     |
|    n_updates            | 390         |
|    policy_gradient_loss | -0.0275     |
|    std                  | 0.0436      |
|    value_loss           | 0.0143      |
-----------------------------------------
-----------------------------------------
| rollout/                |             |
|    ep_len_mean          | 50          |
|    ep_rew_mean          | -6.71       |
| time/                   |             |
|    fps                  | 1407        |
|    iterations           | 41          |
|    time_elapsed         | 59          |
|    total_timesteps      | 83968       |
| train/                  |             |
|    approx_kl            | 0.031001221 |
|    clip_fraction        | 0.346       |
|    clip_range           | 0.184       |
|    entropy_loss         | 1.52        |
|    explained_variance   | 0.956       |
|    learning_rate        | 0.00023     |
|    loss                 | -0.0375     |
|    n_updates            | 400         |
|    policy_gradient_loss | -0.0257     |
|    std                  | 0.0432      |
|    value_loss           | 0.0197      |
-----------------------------------------
----------------------------------------
| rollout/                |            |
|    ep_len_mean          | 50         |
|    ep_rew_mean          | -6.91      |
| time/                   |            |
|    fps                  | 1411       |
|    iterations           | 42         |
|    time_elapsed         | 60         |
|    total_timesteps      | 86016      |
| train/                  |            |
|    approx_kl            | 0.03147862 |
|    clip_fraction        | 0.318      |
|    clip_range           | 0.183      |
|    entropy_loss         | 1.51       |
|    explained_variance   | 0.952      |
|    learning_rate        | 0.000229   |
|    loss                 | -0.0485    |
|    n_updates            | 410        |
|    policy_gradient_loss | -0.0309    |
|    std                  | 0.0419     |
|    value_loss           | 0.0166     |
----------------------------------------
-----------------------------------------
| rollout/                |             |
|    ep_len_mean          | 50          |
|    ep_rew_mean          | -7.13       |
| time/                   |             |
|    fps                  | 1412        |
|    iterations           | 43          |
|    time_elapsed         | 62          |
|    total_timesteps      | 88064       |
| train/                  |             |
|    approx_kl            | 0.042737618 |
|    clip_fraction        | 0.34        |
|    clip_range           | 0.183       |
|    entropy_loss         | 1.6         |
|    explained_variance   | 0.966       |
|    learning_rate        | 0.000228    |
|    loss                 | -0.0272     |
|    n_updates            | 420         |
|    policy_gradient_loss | -0.0316     |
|    std                  | 0.0408      |
|    value_loss           | 0.021       |
-----------------------------------------
-----------------------------------------
| rollout/                |             |
|    ep_len_mean          | 50          |
|    ep_rew_mean          | -6.79       |
| time/                   |             |
|    fps                  | 1401        |
|    iterations           | 44          |
|    time_elapsed         | 64          |
|    total_timesteps      | 90112       |
| train/                  |             |
|    approx_kl            | 0.030996384 |
|    clip_fraction        | 0.346       |
|    clip_range           | 0.182       |
|    entropy_loss         | 1.61        |
|    explained_variance   | 0.962       |
|    learning_rate        | 0.000228    |
|    loss                 | 0.00541     |
|    n_updates            | 430         |
|    policy_gradient_loss | -0.0236     |
|    std                  | 0.0401      |
|    value_loss           | 0.0166      |
-----------------------------------------
-----------------------------------------
| rollout/                |             |
|    ep_len_mean          | 50          |
|    ep_rew_mean          | -6.68       |
| time/                   |             |
|    fps                  | 1405        |
|    iterations           | 45          |
|    time_elapsed         | 65          |
|    total_timesteps      | 92160       |
| train/                  |             |
|    approx_kl            | 0.045416623 |
|    clip_fraction        | 0.339       |
|    clip_range           | 0.182       |
|    entropy_loss         | 1.73        |
|    explained_variance   | 0.975       |
|    learning_rate        | 0.000227    |
|    loss                 | -0.041      |
|    n_updates            | 440         |
|    policy_gradient_loss | -0.0262     |
|    std                  | 0.0393      |
|    value_loss           | 0.0105      |
-----------------------------------------
-----------------------------------------
| rollout/                |             |
|    ep_len_mean          | 50          |
|    ep_rew_mean          | -6.34       |
| time/                   |             |
|    fps                  | 1408        |
|    iterations           | 46          |
|    time_elapsed         | 66          |
|    total_timesteps      | 94208       |
| train/                  |             |
|    approx_kl            | 0.029077403 |
|    clip_fraction        | 0.309       |
|    clip_range           | 0.182       |
|    entropy_loss         | 1.74        |
|    explained_variance   | 0.975       |
|    learning_rate        | 0.000227    |
|    loss                 | -0.0377     |
|    n_updates            | 450         |
|    policy_gradient_loss | -0.0214     |
|    std                  | 0.0384      |
|    value_loss           | 0.0132      |
-----------------------------------------
----------------------------------------
| rollout/                |            |
|    ep_len_mean          | 50         |
|    ep_rew_mean          | -6.21      |
| time/                   |            |
|    fps                  | 1447       |
|    iterations           | 47         |
|    time_elapsed         | 66         |
|    total_timesteps      | 96256      |
| train/                  |            |
|    approx_kl            | 0.02213632 |
|    clip_fraction        | 0.308      |
|    clip_range           | 0.181      |
|    entropy_loss         | 1.74       |
|    explained_variance   | 0.977      |
|    learning_rate        | 0.000226   |
|    loss                 | -0.00358   |
|    n_updates            | 460        |
|    policy_gradient_loss | -0.0202    |
|    std                  | 0.0379     |
|    value_loss           | 0.0124     |
----------------------------------------
-----------------------------------------
| rollout/                |             |
|    ep_len_mean          | 50          |
|    ep_rew_mean          | -6.46       |
| time/                   |             |
|    fps                  | 1448        |
|    iterations           | 48          |
|    time_elapsed         | 67          |
|    total_timesteps      | 98304       |
| train/                  |             |
|    approx_kl            | 0.029717486 |
|    clip_fraction        | 0.31        |
|    clip_range           | 0.181       |
|    entropy_loss         | 1.76        |
|    explained_variance   | 0.98        |
|    learning_rate        | 0.000226    |
|    loss                 | -0.044      |
|    n_updates            | 470         |
|    policy_gradient_loss | -0.0145     |
|    std                  | 0.0368      |
|    value_loss           | 0.00946     |
-----------------------------------------
-----------------------------------------
| rollout/                |             |
|    ep_len_mean          | 50          |
|    ep_rew_mean          | -6.02       |
| time/                   |             |
|    fps                  | 1436        |
|    iterations           | 49          |
|    time_elapsed         | 69          |
|    total_timesteps      | 100352      |
| train/                  |             |
|    approx_kl            | 0.021633452 |
|    clip_fraction        | 0.288       |
|    clip_range           | 0.18        |
|    entropy_loss         | 1.85        |
|    explained_variance   | 0.984       |
|    learning_rate        | 0.000225    |
|    loss                 | -0.0477     |
|    n_updates            | 480         |
|    policy_gradient_loss | -0.0173     |
|    std                  | 0.0358      |
|    value_loss           | 0.00757     |
-----------------------------------------
-----------------------------------------
| rollout/                |             |
|    ep_len_mean          | 50          |
|    ep_rew_mean          | -5.89       |
| time/                   |             |
|    fps                  | 1437        |
|    iterations           | 50          |
|    time_elapsed         | 71          |
|    total_timesteps      | 102400      |
| train/                  |             |
|    approx_kl            | 0.030391844 |
|    clip_fraction        | 0.295       |
|    clip_range           | 0.18        |
|    entropy_loss         | 1.9         |
|    explained_variance   | 0.97        |
|    learning_rate        | 0.000225    |
|    loss                 | 0.00329     |
|    n_updates            | 490         |
|    policy_gradient_loss | -0.0194     |
|    std                  | 0.035       |
|    value_loss           | 0.00867     |
-----------------------------------------
----------------------------------------
| rollout/                |            |
|    ep_len_mean          | 50         |
|    ep_rew_mean          | -5.94      |
| time/                   |            |
|    fps                  | 1438       |
|    iterations           | 51         |
|    time_elapsed         | 72         |
|    total_timesteps      | 104448     |
| train/                  |            |
|    approx_kl            | 0.03321019 |
|    clip_fraction        | 0.331      |
|    clip_range           | 0.18       |
|    entropy_loss         | 1.94       |
|    explained_variance   | 0.979      |
|    learning_rate        | 0.000224   |
|    loss                 | -0.0237    |
|    n_updates            | 500        |
|    policy_gradient_loss | -0.0213    |
|    std                  | 0.0343     |
|    value_loss           | 0.00776    |
----------------------------------------
-----------------------------------------
| rollout/                |             |
|    ep_len_mean          | 50          |
|    ep_rew_mean          | -6.25       |
| time/                   |             |
|    fps                  | 1440        |
|    iterations           | 52          |
|    time_elapsed         | 73          |
|    total_timesteps      | 106496      |
| train/                  |             |
|    approx_kl            | 0.033803165 |
|    clip_fraction        | 0.352       |
|    clip_range           | 0.179       |
|    entropy_loss         | 1.97        |
|    explained_variance   | 0.98        |
|    learning_rate        | 0.000224    |
|    loss                 | -0.0196     |
|    n_updates            | 510         |
|    policy_gradient_loss | -0.0304     |
|    std                  | 0.0334      |
|    value_loss           | 0.00745     |
-----------------------------------------
-----------------------------------------
| rollout/                |             |
|    ep_len_mean          | 50          |
|    ep_rew_mean          | -6          |
| time/                   |             |
|    fps                  | 1441        |
|    iterations           | 53          |
|    time_elapsed         | 75          |
|    total_timesteps      | 108544      |
| train/                  |             |
|    approx_kl            | 0.027511412 |
|    clip_fraction        | 0.326       |
|    clip_range           | 0.179       |
|    entropy_loss         | 2.01        |
|    explained_variance   | 0.986       |
|    learning_rate        | 0.000223    |
|    loss                 | -0.0333     |
|    n_updates            | 520         |
|    policy_gradient_loss | -0.0138     |
|    std                  | 0.0328      |
|    value_loss           | 0.00697     |
-----------------------------------------
----------------------------------------
| rollout/                |            |
|    ep_len_mean          | 50         |
|    ep_rew_mean          | -5.7       |
| time/                   |            |
|    fps                  | 1430       |
|    iterations           | 54         |
|    time_elapsed         | 77         |
|    total_timesteps      | 110592     |
| train/                  |            |
|    approx_kl            | 0.04004739 |
|    clip_fraction        | 0.351      |
|    clip_range           | 0.178      |
|    entropy_loss         | 2.09       |
|    explained_variance   | 0.969      |
|    learning_rate        | 0.000223   |
|    loss                 | -0.0311    |
|    n_updates            | 530        |
|    policy_gradient_loss | -0.0236    |
|    std                  | 0.032      |
|    value_loss           | 0.0107     |
----------------------------------------
-----------------------------------------
| rollout/                |             |
|    ep_len_mean          | 50          |
|    ep_rew_mean          | -5.84       |
| time/                   |             |
|    fps                  | 1432        |
|    iterations           | 55          |
|    time_elapsed         | 78          |
|    total_timesteps      | 112640      |
| train/                  |             |
|    approx_kl            | 0.029722676 |
|    clip_fraction        | 0.337       |
|    clip_range           | 0.178       |
|    entropy_loss         | 2.1         |
|    explained_variance   | 0.978       |
|    learning_rate        | 0.000222    |
|    loss                 | -0.00818    |
|    n_updates            | 540         |
|    policy_gradient_loss | -0.017      |
|    std                  | 0.0315      |
|    value_loss           | 0.00862     |
-----------------------------------------
-----------------------------------------
| rollout/                |             |
|    ep_len_mean          | 50          |
|    ep_rew_mean          | -5.55       |
| time/                   |             |
|    fps                  | 1433        |
|    iterations           | 56          |
|    time_elapsed         | 80          |
|    total_timesteps      | 114688      |
| train/                  |             |
|    approx_kl            | 0.031317547 |
|    clip_fraction        | 0.364       |
|    clip_range           | 0.177       |
|    entropy_loss         | 2.12        |
|    explained_variance   | 0.979       |
|    learning_rate        | 0.000222    |
|    loss                 | -0.0156     |
|    n_updates            | 550         |
|    policy_gradient_loss | -0.0215     |
|    std                  | 0.031       |
|    value_loss           | 0.0105      |
-----------------------------------------
---------------------------------------
| rollout/                |           |
|    ep_len_mean          | 50        |
|    ep_rew_mean          | -5.33     |
| time/                   |           |
|    fps                  | 1436      |
|    iterations           | 57        |
|    time_elapsed         | 81        |
|    total_timesteps      | 116736    |
| train/                  |           |
|    approx_kl            | 0.0452996 |
|    clip_fraction        | 0.375     |
|    clip_range           | 0.177     |
|    entropy_loss         | 2.16      |
|    explained_variance   | 0.984     |
|    learning_rate        | 0.000221  |
|    loss                 | -0.0318   |
|    n_updates            | 560       |
|    policy_gradient_loss | -0.0221   |
|    std                  | 0.0307    |
|    value_loss           | 0.00737   |
---------------------------------------
-----------------------------------------
| rollout/                |             |
|    ep_len_mean          | 50          |
|    ep_rew_mean          | -5.22       |
| time/                   |             |
|    fps                  | 1436        |
|    iterations           | 58          |
|    time_elapsed         | 82          |
|    total_timesteps      | 118784      |
| train/                  |             |
|    approx_kl            | 0.030448683 |
|    clip_fraction        | 0.331       |
|    clip_range           | 0.177       |
|    entropy_loss         | 2.22        |
|    explained_variance   | 0.978       |
|    learning_rate        | 0.000221    |
|    loss                 | -0.0359     |
|    n_updates            | 570         |
|    policy_gradient_loss | -0.0206     |
|    std                  | 0.0302      |
|    value_loss           | 0.00554     |
-----------------------------------------
----------------------------------------
| rollout/                |            |
|    ep_len_mean          | 50         |
|    ep_rew_mean          | -5.09      |
| time/                   |            |
|    fps                  | 1428       |
|    iterations           | 59         |
|    time_elapsed         | 84         |
|    total_timesteps      | 120832     |
| train/                  |            |
|    approx_kl            | 0.03671811 |
|    clip_fraction        | 0.36       |
|    clip_range           | 0.176      |
|    entropy_loss         | 2.17       |
|    explained_variance   | 0.976      |
|    learning_rate        | 0.00022    |
|    loss                 | 0.0306     |
|    n_updates            | 580        |
|    policy_gradient_loss | -0.0182    |
|    std                  | 0.0298     |
|    value_loss           | 0.00733    |
----------------------------------------
-----------------------------------------
| rollout/                |             |
|    ep_len_mean          | 50          |
|    ep_rew_mean          | -5.43       |
| time/                   |             |
|    fps                  | 1430        |
|    iterations           | 60          |
|    time_elapsed         | 85          |
|    total_timesteps      | 122880      |
| train/                  |             |
|    approx_kl            | 0.036393944 |
|    clip_fraction        | 0.362       |
|    clip_range           | 0.176       |
|    entropy_loss         | 2.27        |
|    explained_variance   | 0.973       |
|    learning_rate        | 0.00022     |
|    loss                 | -0.00269    |
|    n_updates            | 590         |
|    policy_gradient_loss | -0.0157     |
|    std                  | 0.0292      |
|    value_loss           | 0.00644     |
-----------------------------------------
-----------------------------------------
| rollout/                |             |
|    ep_len_mean          | 50          |
|    ep_rew_mean          | -5.62       |
| time/                   |             |
|    fps                  | 1432        |
|    iterations           | 61          |
|    time_elapsed         | 87          |
|    total_timesteps      | 124928      |
| train/                  |             |
|    approx_kl            | 0.040875856 |
|    clip_fraction        | 0.346       |
|    clip_range           | 0.175       |
|    entropy_loss         | 2.32        |
|    explained_variance   | 0.981       |
|    learning_rate        | 0.000219    |
|    loss                 | -0.0441     |
|    n_updates            | 600         |
|    policy_gradient_loss | -0.017      |
|    std                  | 0.0287      |
|    value_loss           | 0.00802     |
-----------------------------------------
-----------------------------------------
| rollout/                |             |
|    ep_len_mean          | 50          |
|    ep_rew_mean          | -5.66       |
| time/                   |             |
|    fps                  | 1434        |
|    iterations           | 62          |
|    time_elapsed         | 88          |
|    total_timesteps      | 126976      |
| train/                  |             |
|    approx_kl            | 0.023689974 |
|    clip_fraction        | 0.308       |
|    clip_range           | 0.175       |
|    entropy_loss         | 2.29        |
|    explained_variance   | 0.99        |
|    learning_rate        | 0.000219    |
|    loss                 | -0.026      |
|    n_updates            | 610         |
|    policy_gradient_loss | -0.0149     |
|    std                  | 0.0284      |
|    value_loss           | 0.00345     |
-----------------------------------------
-----------------------------------------
| rollout/                |             |
|    ep_len_mean          | 50          |
|    ep_rew_mean          | -5.56       |
| time/                   |             |
|    fps                  | 1438        |
|    iterations           | 63          |
|    time_elapsed         | 89          |
|    total_timesteps      | 129024      |
| train/                  |             |
|    approx_kl            | 0.031279907 |
|    clip_fraction        | 0.36        |
|    clip_range           | 0.175       |
|    entropy_loss         | 2.34        |
|    explained_variance   | 0.983       |
|    learning_rate        | 0.000218    |
|    loss                 | -0.0195     |
|    n_updates            | 620         |
|    policy_gradient_loss | -0.0206     |
|    std                  | 0.0278      |
|    value_loss           | 0.00652     |
-----------------------------------------
-----------------------------------------
| rollout/                |             |
|    ep_len_mean          | 50          |
|    ep_rew_mean          | -5.47       |
| time/                   |             |
|    fps                  | 1430        |
|    iterations           | 64          |
|    time_elapsed         | 91          |
|    total_timesteps      | 131072      |
| train/                  |             |
|    approx_kl            | 0.038867053 |
|    clip_fraction        | 0.379       |
|    clip_range           | 0.174       |
|    entropy_loss         | 2.37        |
|    explained_variance   | 0.982       |
|    learning_rate        | 0.000218    |
|    loss                 | -0.0151     |
|    n_updates            | 630         |
|    policy_gradient_loss | -0.0143     |
|    std                  | 0.0275      |
|    value_loss           | 0.00777     |
-----------------------------------------
-----------------------------------------
| rollout/                |             |
|    ep_len_mean          | 50          |
|    ep_rew_mean          | -5.31       |
| time/                   |             |
|    fps                  | 1432        |
|    iterations           | 65          |
|    time_elapsed         | 92          |
|    total_timesteps      | 133120      |
| train/                  |             |
|    approx_kl            | 0.027846046 |
|    clip_fraction        | 0.334       |
|    clip_range           | 0.174       |
|    entropy_loss         | 2.32        |
|    explained_variance   | 0.984       |
|    learning_rate        | 0.000217    |
|    loss                 | 0.0472      |
|    n_updates            | 640         |
|    policy_gradient_loss | -0.0154     |
|    std                  | 0.027       |
|    value_loss           | 0.00727     |
-----------------------------------------
-----------------------------------------
| rollout/                |             |
|    ep_len_mean          | 50          |
|    ep_rew_mean          | -4.79       |
| time/                   |             |
|    fps                  | 1435        |
|    iterations           | 66          |
|    time_elapsed         | 94          |
|    total_timesteps      | 135168      |
| train/                  |             |
|    approx_kl            | 0.048736013 |
|    clip_fraction        | 0.439       |
|    clip_range           | 0.173       |
|    entropy_loss         | 2.35        |
|    explained_variance   | 0.957       |
|    learning_rate        | 0.000217    |
|    loss                 | 0.0103      |
|    n_updates            | 650         |
|    policy_gradient_loss | -0.012      |
|    std                  | 0.0269      |
|    value_loss           | 0.00546     |
-----------------------------------------
-----------------------------------------
| rollout/                |             |
|    ep_len_mean          | 50          |
|    ep_rew_mean          | -4.78       |
| time/                   |             |
|    fps                  | 1437        |
|    iterations           | 67          |
|    time_elapsed         | 95          |
|    total_timesteps      | 137216      |
| train/                  |             |
|    approx_kl            | 0.028969018 |
|    clip_fraction        | 0.351       |
|    clip_range           | 0.173       |
|    entropy_loss         | 2.4         |
|    explained_variance   | 0.982       |
|    learning_rate        | 0.000216    |
|    loss                 | -0.0204     |
|    n_updates            | 660         |
|    policy_gradient_loss | -0.0163     |
|    std                  | 0.0268      |
|    value_loss           | 0.00332     |
-----------------------------------------
-----------------------------------------
| rollout/                |             |
|    ep_len_mean          | 50          |
|    ep_rew_mean          | -4.78       |
| time/                   |             |
|    fps                  | 1439        |
|    iterations           | 68          |
|    time_elapsed         | 96          |
|    total_timesteps      | 139264      |
| train/                  |             |
|    approx_kl            | 0.029599419 |
|    clip_fraction        | 0.352       |
|    clip_range           | 0.173       |
|    entropy_loss         | 2.39        |
|    explained_variance   | 0.983       |
|    learning_rate        | 0.000216    |
|    loss                 | -0.00827    |
|    n_updates            | 670         |
|    policy_gradient_loss | -0.0199     |
|    std                  | 0.0264      |
|    value_loss           | 0.00321     |
-----------------------------------------
----------------------------------------
| rollout/                |            |
|    ep_len_mean          | 50         |
|    ep_rew_mean          | -4.59      |
| time/                   |            |
|    fps                  | 1455       |
|    iterations           | 69         |
|    time_elapsed         | 97         |
|    total_timesteps      | 141312     |
| train/                  |            |
|    approx_kl            | 0.03316236 |
|    clip_fraction        | 0.361      |
|    clip_range           | 0.172      |
|    entropy_loss         | 2.39       |
|    explained_variance   | 0.985      |
|    learning_rate        | 0.000215   |
|    loss                 | -0.0112    |
|    n_updates            | 680        |
|    policy_gradient_loss | -0.0188    |
|    std                  | 0.0258     |
|    value_loss           | 0.00389    |
----------------------------------------
-----------------------------------------
| rollout/                |             |
|    ep_len_mean          | 50          |
|    ep_rew_mean          | -4.63       |
| time/                   |             |
|    fps                  | 1458        |
|    iterations           | 70          |
|    time_elapsed         | 98          |
|    total_timesteps      | 143360      |
| train/                  |             |
|    approx_kl            | 0.034409817 |
|    clip_fraction        | 0.36        |
|    clip_range           | 0.172       |
|    entropy_loss         | 2.49        |
|    explained_variance   | 0.988       |
|    learning_rate        | 0.000215    |
|    loss                 | -0.0151     |
|    n_updates            | 690         |
|    policy_gradient_loss | -0.0111     |
|    std                  | 0.0254      |
|    value_loss           | 0.00352     |
-----------------------------------------
----------------------------------------
| rollout/                |            |
|    ep_len_mean          | 50         |
|    ep_rew_mean          | -4.74      |
| time/                   |            |
|    fps                  | 1459       |
|    iterations           | 71         |
|    time_elapsed         | 99         |
|    total_timesteps      | 145408     |
| train/                  |            |
|    approx_kl            | 0.03576815 |
|    clip_fraction        | 0.37       |
|    clip_range           | 0.171      |
|    entropy_loss         | 2.51       |
|    explained_variance   | 0.975      |
|    learning_rate        | 0.000214   |
|    loss                 | 0.0152     |
|    n_updates            | 700        |
|    policy_gradient_loss | -0.0126    |
|    std                  | 0.0249     |
|    value_loss           | 0.00731    |
----------------------------------------
---------------------------------------
| rollout/                |           |
|    ep_len_mean          | 50        |
|    ep_rew_mean          | -4.86     |
| time/                   |           |
|    fps                  | 1460      |
|    iterations           | 72        |
|    time_elapsed         | 100       |
|    total_timesteps      | 147456    |
| train/                  |           |
|    approx_kl            | 0.0471406 |
|    clip_fraction        | 0.417     |
|    clip_range           | 0.171     |
|    entropy_loss         | 2.55      |
|    explained_variance   | 0.989     |
|    learning_rate        | 0.000214  |
|    loss                 | -0.0449   |
|    n_updates            | 710       |
|    policy_gradient_loss | -0.0243   |
|    std                  | 0.0246    |
|    value_loss           | 0.00316   |
---------------------------------------
-----------------------------------------
| rollout/                |             |
|    ep_len_mean          | 50          |
|    ep_rew_mean          | -4.68       |
| time/                   |             |
|    fps                  | 1463        |
|    iterations           | 73          |
|    time_elapsed         | 102         |
|    total_timesteps      | 149504      |
| train/                  |             |
|    approx_kl            | 0.027070018 |
|    clip_fraction        | 0.357       |
|    clip_range           | 0.171       |
|    entropy_loss         | 2.56        |
|    explained_variance   | 0.988       |
|    learning_rate        | 0.000213    |
|    loss                 | -0.0239     |
|    n_updates            | 720         |
|    policy_gradient_loss | -0.00577    |
|    std                  | 0.0242      |
|    value_loss           | 0.00319     |
-----------------------------------------
----------------------------------------
| rollout/                |            |
|    ep_len_mean          | 50         |
|    ep_rew_mean          | -4.23      |
| time/                   |            |
|    fps                  | 1456       |
|    iterations           | 74         |
|    time_elapsed         | 104        |
|    total_timesteps      | 151552     |
| train/                  |            |
|    approx_kl            | 0.03627366 |
|    clip_fraction        | 0.379      |
|    clip_range           | 0.17       |
|    entropy_loss         | 2.63       |
|    explained_variance   | 0.985      |
|    learning_rate        | 0.000213   |
|    loss                 | -0.0257    |
|    n_updates            | 730        |
|    policy_gradient_loss | -0.00325   |
|    std                  | 0.0239     |
|    value_loss           | 0.00246    |
----------------------------------------
-----------------------------------------
| rollout/                |             |
|    ep_len_mean          | 50          |
|    ep_rew_mean          | -4.22       |
| time/                   |             |
|    fps                  | 1457        |
|    iterations           | 75          |
|    time_elapsed         | 105         |
|    total_timesteps      | 153600      |
| train/                  |             |
|    approx_kl            | 0.036620736 |
|    clip_fraction        | 0.338       |
|    clip_range           | 0.17        |
|    entropy_loss         | 2.76        |
|    explained_variance   | 0.97        |
|    learning_rate        | 0.000212    |
|    loss                 | -0.000749   |
|    n_updates            | 740         |
|    policy_gradient_loss | -0.00842    |
|    std                  | 0.0236      |
|    value_loss           | 0.00239     |
-----------------------------------------
-----------------------------------------
| rollout/                |             |
|    ep_len_mean          | 50          |
|    ep_rew_mean          | -4.45       |
| time/                   |             |
|    fps                  | 1459        |
|    iterations           | 76          |
|    time_elapsed         | 106         |
|    total_timesteps      | 155648      |
| train/                  |             |
|    approx_kl            | 0.031864874 |
|    clip_fraction        | 0.368       |
|    clip_range           | 0.169       |
|    entropy_loss         | 2.71        |
|    explained_variance   | 0.99        |
|    learning_rate        | 0.000212    |
|    loss                 | -0.0336     |
|    n_updates            | 750         |
|    policy_gradient_loss | -0.0166     |
|    std                  | 0.0231      |
|    value_loss           | 0.00237     |
-----------------------------------------
-----------------------------------------
| rollout/                |             |
|    ep_len_mean          | 50          |
|    ep_rew_mean          | -4.7        |
| time/                   |             |
|    fps                  | 1460        |
|    iterations           | 77          |
|    time_elapsed         | 107         |
|    total_timesteps      | 157696      |
| train/                  |             |
|    approx_kl            | 0.030768223 |
|    clip_fraction        | 0.356       |
|    clip_range           | 0.169       |
|    entropy_loss         | 2.69        |
|    explained_variance   | 0.988       |
|    learning_rate        | 0.000211    |
|    loss                 | -0.042      |
|    n_updates            | 760         |
|    policy_gradient_loss | -0.0268     |
|    std                  | 0.0224      |
|    value_loss           | 0.00357     |
-----------------------------------------
-----------------------------------------
| rollout/                |             |
|    ep_len_mean          | 50          |
|    ep_rew_mean          | -5.21       |
| time/                   |             |
|    fps                  | 1462        |
|    iterations           | 78          |
|    time_elapsed         | 109         |
|    total_timesteps      | 159744      |
| train/                  |             |
|    approx_kl            | 0.041756775 |
|    clip_fraction        | 0.379       |
|    clip_range           | 0.168       |
|    entropy_loss         | 2.76        |
|    explained_variance   | 0.992       |
|    learning_rate        | 0.000211    |
|    loss                 | 0.00856     |
|    n_updates            | 770         |
|    policy_gradient_loss | -0.00753    |
|    std                  | 0.0222      |
|    value_loss           | 0.00277     |
-----------------------------------------
-----------------------------------------
| rollout/                |             |
|    ep_len_mean          | 50          |
|    ep_rew_mean          | -4.88       |
| time/                   |             |
|    fps                  | 1454        |
|    iterations           | 79          |
|    time_elapsed         | 111         |
|    total_timesteps      | 161792      |
| train/                  |             |
|    approx_kl            | 0.039004683 |
|    clip_fraction        | 0.456       |
|    clip_range           | 0.168       |
|    entropy_loss         | 2.67        |
|    explained_variance   | 0.989       |
|    learning_rate        | 0.00021     |
|    loss                 | -0.00124    |
|    n_updates            | 780         |
|    policy_gradient_loss | -0.0208     |
|    std                  | 0.022       |
|    value_loss           | 0.00608     |
-----------------------------------------
-----------------------------------------
| rollout/                |             |
|    ep_len_mean          | 50          |
|    ep_rew_mean          | -4.69       |
| time/                   |             |
|    fps                  | 1454        |
|    iterations           | 80          |
|    time_elapsed         | 112         |
|    total_timesteps      | 163840      |
| train/                  |             |
|    approx_kl            | 0.029116299 |
|    clip_fraction        | 0.348       |
|    clip_range           | 0.168       |
|    entropy_loss         | 2.77        |
|    explained_variance   | 0.99        |
|    learning_rate        | 0.00021     |
|    loss                 | 0.00346     |
|    n_updates            | 790         |
|    policy_gradient_loss | -0.00697    |
|    std                  | 0.0217      |
|    value_loss           | 0.00207     |
-----------------------------------------
-----------------------------------------
| rollout/                |             |
|    ep_len_mean          | 50          |
|    ep_rew_mean          | -4.8        |
| time/                   |             |
|    fps                  | 1454        |
|    iterations           | 81          |
|    time_elapsed         | 114         |
|    total_timesteps      | 165888      |
| train/                  |             |
|    approx_kl            | 0.036554072 |
|    clip_fraction        | 0.356       |
|    clip_range           | 0.167       |
|    entropy_loss         | 2.78        |
|    explained_variance   | 0.993       |
|    learning_rate        | 0.000209    |
|    loss                 | -0.0312     |
|    n_updates            | 800         |
|    policy_gradient_loss | -0.0151     |
|    std                  | 0.0213      |
|    value_loss           | 0.00196     |
-----------------------------------------
-----------------------------------------
| rollout/                |             |
|    ep_len_mean          | 50          |
|    ep_rew_mean          | -4.64       |
| time/                   |             |
|    fps                  | 1456        |
|    iterations           | 82          |
|    time_elapsed         | 115         |
|    total_timesteps      | 167936      |
| train/                  |             |
|    approx_kl            | 0.027575387 |
|    clip_fraction        | 0.368       |
|    clip_range           | 0.167       |
|    entropy_loss         | 2.85        |
|    explained_variance   | 0.994       |
|    learning_rate        | 0.000209    |
|    loss                 | -0.0161     |
|    n_updates            | 810         |
|    policy_gradient_loss | -0.0119     |
|    std                  | 0.0212      |
|    value_loss           | 0.00144     |
-----------------------------------------
-----------------------------------------
| rollout/                |             |
|    ep_len_mean          | 50          |
|    ep_rew_mean          | -4.5        |
| time/                   |             |
|    fps                  | 1458        |
|    iterations           | 83          |
|    time_elapsed         | 116         |
|    total_timesteps      | 169984      |
| train/                  |             |
|    approx_kl            | 0.034693107 |
|    clip_fraction        | 0.395       |
|    clip_range           | 0.166       |
|    entropy_loss         | 2.86        |
|    explained_variance   | 0.986       |
|    learning_rate        | 0.000208    |
|    loss                 | -0.000485   |
|    n_updates            | 820         |
|    policy_gradient_loss | -0.00864    |
|    std                  | 0.0207      |
|    value_loss           | 0.00309     |
-----------------------------------------
-----------------------------------------
| rollout/                |             |
|    ep_len_mean          | 50          |
|    ep_rew_mean          | -4.5        |
| time/                   |             |
|    fps                  | 1450        |
|    iterations           | 84          |
|    time_elapsed         | 118         |
|    total_timesteps      | 172032      |
| train/                  |             |
|    approx_kl            | 0.045939155 |
|    clip_fraction        | 0.408       |
|    clip_range           | 0.166       |
|    entropy_loss         | 2.94        |
|    explained_variance   | 0.986       |
|    learning_rate        | 0.000208    |
|    loss                 | -0.0163     |
|    n_updates            | 830         |
|    policy_gradient_loss | -0.0138     |
|    std                  | 0.0205      |
|    value_loss           | 0.00223     |
-----------------------------------------
-----------------------------------------
| rollout/                |             |
|    ep_len_mean          | 50          |
|    ep_rew_mean          | -4.36       |
| time/                   |             |
|    fps                  | 1449        |
|    iterations           | 85          |
|    time_elapsed         | 120         |
|    total_timesteps      | 174080      |
| train/                  |             |
|    approx_kl            | 0.036422826 |
|    clip_fraction        | 0.403       |
|    clip_range           | 0.166       |
|    entropy_loss         | 2.91        |
|    explained_variance   | 0.993       |
|    learning_rate        | 0.000207    |
|    loss                 | -0.0427     |
|    n_updates            | 840         |
|    policy_gradient_loss | -0.0149     |
|    std                  | 0.0203      |
|    value_loss           | 0.00165     |
-----------------------------------------
-----------------------------------------
| rollout/                |             |
|    ep_len_mean          | 50          |
|    ep_rew_mean          | -4.24       |
| time/                   |             |
|    fps                  | 1446        |
|    iterations           | 86          |
|    time_elapsed         | 121         |
|    total_timesteps      | 176128      |
| train/                  |             |
|    approx_kl            | 0.029700235 |
|    clip_fraction        | 0.401       |
|    clip_range           | 0.165       |
|    entropy_loss         | 2.94        |
|    explained_variance   | 0.992       |
|    learning_rate        | 0.000206    |
|    loss                 | -0.0337     |
|    n_updates            | 850         |
|    policy_gradient_loss | -0.0111     |
|    std                  | 0.0198      |
|    value_loss           | 0.00191     |
-----------------------------------------
-----------------------------------------
| rollout/                |             |
|    ep_len_mean          | 50          |
|    ep_rew_mean          | -4.24       |
| time/                   |             |
|    fps                  | 1447        |
|    iterations           | 87          |
|    time_elapsed         | 123         |
|    total_timesteps      | 178176      |
| train/                  |             |
|    approx_kl            | 0.042865656 |
|    clip_fraction        | 0.44        |
|    clip_range           | 0.165       |
|    entropy_loss         | 3.02        |
|    explained_variance   | 0.994       |
|    learning_rate        | 0.000206    |
|    loss                 | -0.0465     |
|    n_updates            | 860         |
|    policy_gradient_loss | -0.00855    |
|    std                  | 0.0198      |
|    value_loss           | 0.00216     |
-----------------------------------------
----------------------------------------
| rollout/                |            |
|    ep_len_mean          | 50         |
|    ep_rew_mean          | -4.24      |
| time/                   |            |
|    fps                  | 1439       |
|    iterations           | 88         |
|    time_elapsed         | 125        |
|    total_timesteps      | 180224     |
| train/                  |            |
|    approx_kl            | 0.05427692 |
|    clip_fraction        | 0.448      |
|    clip_range           | 0.164      |
|    entropy_loss         | 3          |
|    explained_variance   | 0.995      |
|    learning_rate        | 0.000205   |
|    loss                 | -0.03      |
|    n_updates            | 870        |
|    policy_gradient_loss | -0.00854   |
|    std                  | 0.0197     |
|    value_loss           | 0.00162    |
----------------------------------------
----------------------------------------
| rollout/                |            |
|    ep_len_mean          | 50         |
|    ep_rew_mean          | -4.62      |
| time/                   |            |
|    fps                  | 1439       |
|    iterations           | 89         |
|    time_elapsed         | 126        |
|    total_timesteps      | 182272     |
| train/                  |            |
|    approx_kl            | 0.03396415 |
|    clip_fraction        | 0.404      |
|    clip_range           | 0.164      |
|    entropy_loss         | 3.03       |
|    explained_variance   | 0.994      |
|    learning_rate        | 0.000205   |
|    loss                 | -0.0292    |
|    n_updates            | 880        |
|    policy_gradient_loss | -0.0145    |
|    std                  | 0.0194     |
|    value_loss           | 0.00164    |
----------------------------------------
-----------------------------------------
| rollout/                |             |
|    ep_len_mean          | 50          |
|    ep_rew_mean          | -4.52       |
| time/                   |             |
|    fps                  | 1439        |
|    iterations           | 90          |
|    time_elapsed         | 128         |
|    total_timesteps      | 184320      |
| train/                  |             |
|    approx_kl            | 0.035058692 |
|    clip_fraction        | 0.391       |
|    clip_range           | 0.164       |
|    entropy_loss         | 2.99        |
|    explained_variance   | 0.991       |
|    learning_rate        | 0.000204    |
|    loss                 | -0.0402     |
|    n_updates            | 890         |
|    policy_gradient_loss | -0.0065     |
|    std                  | 0.0192      |
|    value_loss           | 0.00314     |
-----------------------------------------
----------------------------------------
| rollout/                |            |
|    ep_len_mean          | 50         |
|    ep_rew_mean          | -4.42      |
| time/                   |            |
|    fps                  | 1458       |
|    iterations           | 91         |
|    time_elapsed         | 127        |
|    total_timesteps      | 186368     |
| train/                  |            |
|    approx_kl            | 0.04180874 |
|    clip_fraction        | 0.424      |
|    clip_range           | 0.163      |
|    entropy_loss         | 3.04       |
|    explained_variance   | 0.989      |
|    learning_rate        | 0.000204   |
|    loss                 | -0.0282    |
|    n_updates            | 900        |
|    policy_gradient_loss | -0.00466   |
|    std                  | 0.019      |
|    value_loss           | 0.00173    |
----------------------------------------
-----------------------------------------
| rollout/                |             |
|    ep_len_mean          | 50          |
|    ep_rew_mean          | -4.44       |
| time/                   |             |
|    fps                  | 1456        |
|    iterations           | 92          |
|    time_elapsed         | 129         |
|    total_timesteps      | 188416      |
| train/                  |             |
|    approx_kl            | 0.048523437 |
|    clip_fraction        | 0.417       |
|    clip_range           | 0.163       |
|    entropy_loss         | 3.09        |
|    explained_variance   | 0.984       |
|    learning_rate        | 0.000203    |
|    loss                 | 0.00282     |
|    n_updates            | 910         |
|    policy_gradient_loss | -0.0135     |
|    std                  | 0.019       |
|    value_loss           | 0.0038      |
-----------------------------------------
----------------------------------------
| rollout/                |            |
|    ep_len_mean          | 50         |
|    ep_rew_mean          | -4.35      |
| time/                   |            |
|    fps                  | 1448       |
|    iterations           | 93         |
|    time_elapsed         | 131        |
|    total_timesteps      | 190464     |
| train/                  |            |
|    approx_kl            | 0.04821323 |
|    clip_fraction        | 0.414      |
|    clip_range           | 0.162      |
|    entropy_loss         | 3.12       |
|    explained_variance   | 0.994      |
|    learning_rate        | 0.000203   |
|    loss                 | -0.017     |
|    n_updates            | 920        |
|    policy_gradient_loss | -0.0064    |
|    std                  | 0.0187     |
|    value_loss           | 0.00256    |
----------------------------------------
-----------------------------------------
| rollout/                |             |
|    ep_len_mean          | 50          |
|    ep_rew_mean          | -4.87       |
| time/                   |             |
|    fps                  | 1449        |
|    iterations           | 94          |
|    time_elapsed         | 132         |
|    total_timesteps      | 192512      |
| train/                  |             |
|    approx_kl            | 0.031108636 |
|    clip_fraction        | 0.383       |
|    clip_range           | 0.162       |
|    entropy_loss         | 3.16        |
|    explained_variance   | 0.994       |
|    learning_rate        | 0.000202    |
|    loss                 | 0.00585     |
|    n_updates            | 930         |
|    policy_gradient_loss | -0.0076     |
|    std                  | 0.0183      |
|    value_loss           | 0.00209     |
-----------------------------------------
-----------------------------------------
| rollout/                |             |
|    ep_len_mean          | 50          |
|    ep_rew_mean          | -4.83       |
| time/                   |             |
|    fps                  | 1451        |
|    iterations           | 95          |
|    time_elapsed         | 134         |
|    total_timesteps      | 194560      |
| train/                  |             |
|    approx_kl            | 0.038121037 |
|    clip_fraction        | 0.419       |
|    clip_range           | 0.161       |
|    entropy_loss         | 3.14        |
|    explained_variance   | 0.989       |
|    learning_rate        | 0.000202    |
|    loss                 | 0.00655     |
|    n_updates            | 940         |
|    policy_gradient_loss | 0.00565     |
|    std                  | 0.0183      |
|    value_loss           | 0.0048      |
-----------------------------------------
-----------------------------------------
| rollout/                |             |
|    ep_len_mean          | 50          |
|    ep_rew_mean          | -4.89       |
| time/                   |             |
|    fps                  | 1452        |
|    iterations           | 96          |
|    time_elapsed         | 135         |
|    total_timesteps      | 196608      |
| train/                  |             |
|    approx_kl            | 0.057299275 |
|    clip_fraction        | 0.454       |
|    clip_range           | 0.161       |
|    entropy_loss         | 3.14        |
|    explained_variance   | 0.993       |
|    learning_rate        | 0.000201    |
|    loss                 | -0.016      |
|    n_updates            | 950         |
|    policy_gradient_loss | -0.00975    |
|    std                  | 0.0181      |
|    value_loss           | 0.00174     |
-----------------------------------------
----------------------------------------
| rollout/                |            |
|    ep_len_mean          | 50         |
|    ep_rew_mean          | -4.99      |
| time/                   |            |
|    fps                  | 1453       |
|    iterations           | 97         |
|    time_elapsed         | 136        |
|    total_timesteps      | 198656     |
| train/                  |            |
|    approx_kl            | 0.04350981 |
|    clip_fraction        | 0.468      |
|    clip_range           | 0.161      |
|    entropy_loss         | 3.19       |
|    explained_variance   | 0.994      |
|    learning_rate        | 0.000201   |
|    loss                 | -0.00239   |
|    n_updates            | 960        |
|    policy_gradient_loss | -0.00977   |
|    std                  | 0.0179     |
|    value_loss           | 0.00297    |
----------------------------------------
-----------------------------------------
| rollout/                |             |
|    ep_len_mean          | 50          |
|    ep_rew_mean          | -4.69       |
| time/                   |             |
|    fps                  | 1447        |
|    iterations           | 98          |
|    time_elapsed         | 138         |
|    total_timesteps      | 200704      |
| train/                  |             |
|    approx_kl            | 0.033744767 |
|    clip_fraction        | 0.371       |
|    clip_range           | 0.16        |
|    entropy_loss         | 3.15        |
|    explained_variance   | 0.991       |
|    learning_rate        | 0.0002      |
|    loss                 | -0.00643    |
|    n_updates            | 970         |
|    policy_gradient_loss | -0.00341    |
|    std                  | 0.0178      |
|    value_loss           | 0.00383     |
-----------------------------------------
----------------------------------------
| rollout/                |            |
|    ep_len_mean          | 50         |
|    ep_rew_mean          | -4.46      |
| time/                   |            |
|    fps                  | 1449       |
|    iterations           | 99         |
|    time_elapsed         | 139        |
|    total_timesteps      | 202752     |
| train/                  |            |
|    approx_kl            | 0.06933253 |
|    clip_fraction        | 0.471      |
|    clip_range           | 0.16       |
|    entropy_loss         | 3.24       |
|    explained_variance   | 0.993      |
|    learning_rate        | 0.0002     |
|    loss                 | 0.0053     |
|    n_updates            | 980        |
|    policy_gradient_loss | -0.011     |
|    std                  | 0.0176     |
|    value_loss           | 0.00145    |
----------------------------------------
----------------------------------------
| rollout/                |            |
|    ep_len_mean          | 50         |
|    ep_rew_mean          | -4.51      |
| time/                   |            |
|    fps                  | 1450       |
|    iterations           | 100        |
|    time_elapsed         | 141        |
|    total_timesteps      | 204800     |
| train/                  |            |
|    approx_kl            | 0.03575021 |
|    clip_fraction        | 0.408      |
|    clip_range           | 0.159      |
|    entropy_loss         | 3.24       |
|    explained_variance   | 0.987      |
|    learning_rate        | 0.000199   |
|    loss                 | -0.0282    |
|    n_updates            | 990        |
|    policy_gradient_loss | -0.00663   |
|    std                  | 0.0172     |
|    value_loss           | 0.0032     |
----------------------------------------
----------------------------------------
| rollout/                |            |
|    ep_len_mean          | 50         |
|    ep_rew_mean          | -4.65      |
| time/                   |            |
|    fps                  | 1449       |
|    iterations           | 101        |
|    time_elapsed         | 142        |
|    total_timesteps      | 206848     |
| train/                  |            |
|    approx_kl            | 0.03708601 |
|    clip_fraction        | 0.45       |
|    clip_range           | 0.159      |
|    entropy_loss         | 3.3        |
|    explained_variance   | 0.992      |
|    learning_rate        | 0.000199   |
|    loss                 | -0.031     |
|    n_updates            | 1000       |
|    policy_gradient_loss | -0.00333   |
|    std                  | 0.017      |
|    value_loss           | 0.00329    |
----------------------------------------
-----------------------------------------
| rollout/                |             |
|    ep_len_mean          | 50          |
|    ep_rew_mean          | -4.4        |
| time/                   |             |
|    fps                  | 1449        |
|    iterations           | 102         |
|    time_elapsed         | 144         |
|    total_timesteps      | 208896      |
| train/                  |             |
|    approx_kl            | 0.056365702 |
|    clip_fraction        | 0.409       |
|    clip_range           | 0.159       |
|    entropy_loss         | 3.26        |
|    explained_variance   | 0.97        |
|    learning_rate        | 0.000198    |
|    loss                 | -0.0132     |
|    n_updates            | 1010        |
|    policy_gradient_loss | -0.0178     |
|    std                  | 0.0167      |
|    value_loss           | 0.00471     |
-----------------------------------------
----------------------------------------
| rollout/                |            |
|    ep_len_mean          | 50         |
|    ep_rew_mean          | -4.19      |
| time/                   |            |
|    fps                  | 1441       |
|    iterations           | 103        |
|    time_elapsed         | 146        |
|    total_timesteps      | 210944     |
| train/                  |            |
|    approx_kl            | 0.04753974 |
|    clip_fraction        | 0.448      |
|    clip_range           | 0.158      |
|    entropy_loss         | 3.4        |
|    explained_variance   | 0.987      |
|    learning_rate        | 0.000198   |
|    loss                 | -0.0438    |
|    n_updates            | 1020       |
|    policy_gradient_loss | -0.0115    |
|    std                  | 0.0166     |
|    value_loss           | 0.00261    |
----------------------------------------
-----------------------------------------
| rollout/                |             |
|    ep_len_mean          | 50          |
|    ep_rew_mean          | -4.17       |
| time/                   |             |
|    fps                  | 1441        |
|    iterations           | 104         |
|    time_elapsed         | 147         |
|    total_timesteps      | 212992      |
| train/                  |             |
|    approx_kl            | 0.046912786 |
|    clip_fraction        | 0.429       |
|    clip_range           | 0.158       |
|    entropy_loss         | 3.39        |
|    explained_variance   | 0.99        |
|    learning_rate        | 0.000197    |
|    loss                 | 0.0155      |
|    n_updates            | 1030        |
|    policy_gradient_loss | -0.00175    |
|    std                  | 0.0164      |
|    value_loss           | 0.00152     |
-----------------------------------------
-----------------------------------------
| rollout/                |             |
|    ep_len_mean          | 50          |
|    ep_rew_mean          | -4.12       |
| time/                   |             |
|    fps                  | 1441        |
|    iterations           | 105         |
|    time_elapsed         | 149         |
|    total_timesteps      | 215040      |
| train/                  |             |
|    approx_kl            | 0.036944058 |
|    clip_fraction        | 0.402       |
|    clip_range           | 0.157       |
|    entropy_loss         | 3.36        |
|    explained_variance   | 0.988       |
|    learning_rate        | 0.000197    |
|    loss                 | -0.0167     |
|    n_updates            | 1040        |
|    policy_gradient_loss | -0.0149     |
|    std                  | 0.0163      |
|    value_loss           | 0.00479     |
-----------------------------------------
-----------------------------------------
| rollout/                |             |
|    ep_len_mean          | 50          |
|    ep_rew_mean          | -4.35       |
| time/                   |             |
|    fps                  | 1442        |
|    iterations           | 106         |
|    time_elapsed         | 150         |
|    total_timesteps      | 217088      |
| train/                  |             |
|    approx_kl            | 0.035958003 |
|    clip_fraction        | 0.449       |
|    clip_range           | 0.157       |
|    entropy_loss         | 3.47        |
|    explained_variance   | 0.988       |
|    learning_rate        | 0.000196    |
|    loss                 | -0.0179     |
|    n_updates            | 1050        |
|    policy_gradient_loss | 0.000597    |
|    std                  | 0.0163      |
|    value_loss           | 0.0013      |
-----------------------------------------
-----------------------------------------
| rollout/                |             |
|    ep_len_mean          | 50          |
|    ep_rew_mean          | -4.45       |
| time/                   |             |
|    fps                  | 1443        |
|    iterations           | 107         |
|    time_elapsed         | 151         |
|    total_timesteps      | 219136      |
| train/                  |             |
|    approx_kl            | 0.044425573 |
|    clip_fraction        | 0.433       |
|    clip_range           | 0.157       |
|    entropy_loss         | 3.45        |
|    explained_variance   | 0.995       |
|    learning_rate        | 0.000196    |
|    loss                 | -0.025      |
|    n_updates            | 1060        |
|    policy_gradient_loss | -0.000562   |
|    std                  | 0.0162      |
|    value_loss           | 0.00156     |
-----------------------------------------
----------------------------------------
| rollout/                |            |
|    ep_len_mean          | 50         |
|    ep_rew_mean          | -4.28      |
| time/                   |            |
|    fps                  | 1437       |
|    iterations           | 108        |
|    time_elapsed         | 153        |
|    total_timesteps      | 221184     |
| train/                  |            |
|    approx_kl            | 0.03358353 |
|    clip_fraction        | 0.397      |
|    clip_range           | 0.156      |
|    entropy_loss         | 3.41       |
|    explained_variance   | 0.989      |
|    learning_rate        | 0.000195   |
|    loss                 | -0.0511    |
|    n_updates            | 1070       |
|    policy_gradient_loss | -0.0128    |
|    std                  | 0.016      |
|    value_loss           | 0.00326    |
----------------------------------------
-----------------------------------------
| rollout/                |             |
|    ep_len_mean          | 50          |
|    ep_rew_mean          | -4.25       |
| time/                   |             |
|    fps                  | 1439        |
|    iterations           | 109         |
|    time_elapsed         | 155         |
|    total_timesteps      | 223232      |
| train/                  |             |
|    approx_kl            | 0.040476263 |
|    clip_fraction        | 0.456       |
|    clip_range           | 0.156       |
|    entropy_loss         | 3.47        |
|    explained_variance   | 0.991       |
|    learning_rate        | 0.000195    |
|    loss                 | 0.00218     |
|    n_updates            | 1080        |
|    policy_gradient_loss | -0.00124    |
|    std                  | 0.0158      |
|    value_loss           | 0.00199     |
-----------------------------------------
----------------------------------------
| rollout/                |            |
|    ep_len_mean          | 50         |
|    ep_rew_mean          | -4.09      |
| time/                   |            |
|    fps                  | 1440       |
|    iterations           | 110        |
|    time_elapsed         | 156        |
|    total_timesteps      | 225280     |
| train/                  |            |
|    approx_kl            | 0.03283697 |
|    clip_fraction        | 0.42       |
|    clip_range           | 0.155      |
|    entropy_loss         | 3.48       |
|    explained_variance   | 0.992      |
|    learning_rate        | 0.000194   |
|    loss                 | 0.00466    |
|    n_updates            | 1090       |
|    policy_gradient_loss | -0.00411   |
|    std                  | 0.0156     |
|    value_loss           | 0.000969   |
----------------------------------------
-----------------------------------------
| rollout/                |             |
|    ep_len_mean          | 50          |
|    ep_rew_mean          | -3.96       |
| time/                   |             |
|    fps                  | 1440        |
|    iterations           | 111         |
|    time_elapsed         | 157         |
|    total_timesteps      | 227328      |
| train/                  |             |
|    approx_kl            | 0.038036436 |
|    clip_fraction        | 0.414       |
|    clip_range           | 0.155       |
|    entropy_loss         | 3.55        |
|    explained_variance   | 0.993       |
|    learning_rate        | 0.000194    |
|    loss                 | 0.02        |
|    n_updates            | 1100        |
|    policy_gradient_loss | -0.00925    |
|    std                  | 0.0155      |
|    value_loss           | 0.00113     |
-----------------------------------------
-----------------------------------------
| rollout/                |             |
|    ep_len_mean          | 50          |
|    ep_rew_mean          | -4.18       |
| time/                   |             |
|    fps                  | 1441        |
|    iterations           | 112         |
|    time_elapsed         | 159         |
|    total_timesteps      | 229376      |
| train/                  |             |
|    approx_kl            | 0.057827607 |
|    clip_fraction        | 0.462       |
|    clip_range           | 0.155       |
|    entropy_loss         | 3.55        |
|    explained_variance   | 0.996       |
|    learning_rate        | 0.000193    |
|    loss                 | -0.0319     |
|    n_updates            | 1110        |
|    policy_gradient_loss | -0.0118     |
|    std                  | 0.0153      |
|    value_loss           | 0.0011      |
-----------------------------------------
-----------------------------------------
| rollout/                |             |
|    ep_len_mean          | 50          |
|    ep_rew_mean          | -4.14       |
| time/                   |             |
|    fps                  | 1452        |
|    iterations           | 113         |
|    time_elapsed         | 159         |
|    total_timesteps      | 231424      |
| train/                  |             |
|    approx_kl            | 0.036387913 |
|    clip_fraction        | 0.431       |
|    clip_range           | 0.154       |
|    entropy_loss         | 3.56        |
|    explained_variance   | 0.996       |
|    learning_rate        | 0.000193    |
|    loss                 | 0.0311      |
|    n_updates            | 1120        |
|    policy_gradient_loss | -0.00233    |
|    std                  | 0.0152      |
|    value_loss           | 0.00126     |
-----------------------------------------
-----------------------------------------
| rollout/                |             |
|    ep_len_mean          | 50          |
|    ep_rew_mean          | -4.1        |
| time/                   |             |
|    fps                  | 1454        |
|    iterations           | 114         |
|    time_elapsed         | 160         |
|    total_timesteps      | 233472      |
| train/                  |             |
|    approx_kl            | 0.058648504 |
|    clip_fraction        | 0.462       |
|    clip_range           | 0.154       |
|    entropy_loss         | 3.6         |
|    explained_variance   | 0.996       |
|    learning_rate        | 0.000192    |
|    loss                 | -0.049      |
|    n_updates            | 1130        |
|    policy_gradient_loss | -0.0102     |
|    std                  | 0.015       |
|    value_loss           | 0.00115     |
-----------------------------------------
-----------------------------------------
| rollout/                |             |
|    ep_len_mean          | 50          |
|    ep_rew_mean          | -4.37       |
| time/                   |             |
|    fps                  | 1454        |
|    iterations           | 115         |
|    time_elapsed         | 161         |
|    total_timesteps      | 235520      |
| train/                  |             |
|    approx_kl            | 0.055890188 |
|    clip_fraction        | 0.476       |
|    clip_range           | 0.153       |
|    entropy_loss         | 3.61        |
|    explained_variance   | 0.998       |
|    learning_rate        | 0.000192    |
|    loss                 | 0.0149      |
|    n_updates            | 1140        |
|    policy_gradient_loss | -0.00348    |
|    std                  | 0.0148      |
|    value_loss           | 0.000817    |
-----------------------------------------
----------------------------------------
| rollout/                |            |
|    ep_len_mean          | 50         |
|    ep_rew_mean          | -4.67      |
| time/                   |            |
|    fps                  | 1455       |
|    iterations           | 116        |
|    time_elapsed         | 163        |
|    total_timesteps      | 237568     |
| train/                  |            |
|    approx_kl            | 0.07398686 |
|    clip_fraction        | 0.478      |
|    clip_range           | 0.153      |
|    entropy_loss         | 3.66       |
|    explained_variance   | 0.996      |
|    learning_rate        | 0.000191   |
|    loss                 | -0.0235    |
|    n_updates            | 1150       |
|    policy_gradient_loss | -0.00858   |
|    std                  | 0.0147     |
|    value_loss           | 0.000836   |
----------------------------------------
----------------------------------------
| rollout/                |            |
|    ep_len_mean          | 50         |
|    ep_rew_mean          | -4.48      |
| time/                   |            |
|    fps                  | 1456       |
|    iterations           | 117        |
|    time_elapsed         | 164        |
|    total_timesteps      | 239616     |
| train/                  |            |
|    approx_kl            | 0.04087233 |
|    clip_fraction        | 0.463      |
|    clip_range           | 0.152      |
|    entropy_loss         | 3.57       |
|    explained_variance   | 0.998      |
|    learning_rate        | 0.000191   |
|    loss                 | -0.0328    |
|    n_updates            | 1160       |
|    policy_gradient_loss | -0.00288   |
|    std                  | 0.0146     |
|    value_loss           | 0.000871   |
----------------------------------------
----------------------------------------
| rollout/                |            |
|    ep_len_mean          | 50         |
|    ep_rew_mean          | -3.98      |
| time/                   |            |
|    fps                  | 1451       |
|    iterations           | 118        |
|    time_elapsed         | 166        |
|    total_timesteps      | 241664     |
| train/                  |            |
|    approx_kl            | 0.05821717 |
|    clip_fraction        | 0.488      |
|    clip_range           | 0.152      |
|    entropy_loss         | 3.68       |
|    explained_variance   | 0.994      |
|    learning_rate        | 0.00019    |
|    loss                 | 0.0096     |
|    n_updates            | 1170       |
|    policy_gradient_loss | -0.0118    |
|    std                  | 0.0144     |
|    value_loss           | 0.000659   |
----------------------------------------
----------------------------------------
| rollout/                |            |
|    ep_len_mean          | 50         |
|    ep_rew_mean          | -4.02      |
| time/                   |            |
|    fps                  | 1453       |
|    iterations           | 119        |
|    time_elapsed         | 167        |
|    total_timesteps      | 243712     |
| train/                  |            |
|    approx_kl            | 0.05489394 |
|    clip_fraction        | 0.483      |
|    clip_range           | 0.152      |
|    entropy_loss         | 3.76       |
|    explained_variance   | 0.995      |
|    learning_rate        | 0.00019    |
|    loss                 | -0.013     |
|    n_updates            | 1180       |
|    policy_gradient_loss | -0.014     |
|    std                  | 0.0143     |
|    value_loss           | 0.000599   |
----------------------------------------
-----------------------------------------
| rollout/                |             |
|    ep_len_mean          | 50          |
|    ep_rew_mean          | -4.37       |
| time/                   |             |
|    fps                  | 1453        |
|    iterations           | 120         |
|    time_elapsed         | 169         |
|    total_timesteps      | 245760      |
| train/                  |             |
|    approx_kl            | 0.058483057 |
|    clip_fraction        | 0.486       |
|    clip_range           | 0.151       |
|    entropy_loss         | 3.76        |
|    explained_variance   | 0.994       |
|    learning_rate        | 0.000189    |
|    loss                 | -0.0216     |
|    n_updates            | 1190        |
|    policy_gradient_loss | -0.0115     |
|    std                  | 0.0142      |
|    value_loss           | 0.00234     |
-----------------------------------------
----------------------------------------
| rollout/                |            |
|    ep_len_mean          | 50         |
|    ep_rew_mean          | -4.38      |
| time/                   |            |
|    fps                  | 1455       |
|    iterations           | 121        |
|    time_elapsed         | 170        |
|    total_timesteps      | 247808     |
| train/                  |            |
|    approx_kl            | 0.05284008 |
|    clip_fraction        | 0.473      |
|    clip_range           | 0.151      |
|    entropy_loss         | 3.74       |
|    explained_variance   | 0.996      |
|    learning_rate        | 0.000189   |
|    loss                 | -0.0438    |
|    n_updates            | 1200       |
|    policy_gradient_loss | -0.0134    |
|    std                  | 0.014      |
|    value_loss           | 0.00287    |
----------------------------------------
----------------------------------------
| rollout/                |            |
|    ep_len_mean          | 50         |
|    ep_rew_mean          | -4.33      |
| time/                   |            |
|    fps                  | 1456       |
|    iterations           | 122        |
|    time_elapsed         | 171        |
|    total_timesteps      | 249856     |
| train/                  |            |
|    approx_kl            | 0.04066574 |
|    clip_fraction        | 0.45       |
|    clip_range           | 0.15       |
|    entropy_loss         | 3.78       |
|    explained_variance   | 0.995      |
|    learning_rate        | 0.000188   |
|    loss                 | 0.0246     |
|    n_updates            | 1210       |
|    policy_gradient_loss | -0.00355   |
|    std                  | 0.0139     |
|    value_loss           | 0.00088    |
----------------------------------------
----------------------------------------
| rollout/                |            |
|    ep_len_mean          | 50         |
|    ep_rew_mean          | -4.44      |
| time/                   |            |
|    fps                  | 1451       |
|    iterations           | 123        |
|    time_elapsed         | 173        |
|    total_timesteps      | 251904     |
| train/                  |            |
|    approx_kl            | 0.06446248 |
|    clip_fraction        | 0.496      |
|    clip_range           | 0.15       |
|    entropy_loss         | 3.78       |
|    explained_variance   | 0.995      |
|    learning_rate        | 0.000188   |
|    loss                 | -0.0411    |
|    n_updates            | 1220       |
|    policy_gradient_loss | -0.0158    |
|    std                  | 0.0137     |
|    value_loss           | 0.00155    |
----------------------------------------
-----------------------------------------
| rollout/                |             |
|    ep_len_mean          | 50          |
|    ep_rew_mean          | -4.28       |
| time/                   |             |
|    fps                  | 1451        |
|    iterations           | 124         |
|    time_elapsed         | 174         |
|    total_timesteps      | 253952      |
| train/                  |             |
|    approx_kl            | 0.034513053 |
|    clip_fraction        | 0.494       |
|    clip_range           | 0.15        |
|    entropy_loss         | 3.75        |
|    explained_variance   | 0.996       |
|    learning_rate        | 0.000187    |
|    loss                 | -0.021      |
|    n_updates            | 1230        |
|    policy_gradient_loss | -0.00381    |
|    std                  | 0.0136      |
|    value_loss           | 0.00118     |
-----------------------------------------
-----------------------------------------
| rollout/                |             |
|    ep_len_mean          | 50          |
|    ep_rew_mean          | -4.1        |
| time/                   |             |
|    fps                  | 1451        |
|    iterations           | 125         |
|    time_elapsed         | 176         |
|    total_timesteps      | 256000      |
| train/                  |             |
|    approx_kl            | 0.037831493 |
|    clip_fraction        | 0.465       |
|    clip_range           | 0.149       |
|    entropy_loss         | 3.81        |
|    explained_variance   | 0.993       |
|    learning_rate        | 0.000187    |
|    loss                 | -0.043      |
|    n_updates            | 1240        |
|    policy_gradient_loss | -0.0131     |
|    std                  | 0.0135      |
|    value_loss           | 0.00116     |
-----------------------------------------
-----------------------------------------
| rollout/                |             |
|    ep_len_mean          | 50          |
|    ep_rew_mean          | -4.34       |
| time/                   |             |
|    fps                  | 1452        |
|    iterations           | 126         |
|    time_elapsed         | 177         |
|    total_timesteps      | 258048      |
| train/                  |             |
|    approx_kl            | 0.043452367 |
|    clip_fraction        | 0.505       |
|    clip_range           | 0.149       |
|    entropy_loss         | 3.81        |
|    explained_variance   | 0.996       |
|    learning_rate        | 0.000186    |
|    loss                 | -0.0137     |
|    n_updates            | 1250        |
|    policy_gradient_loss | -0.00771    |
|    std                  | 0.0135      |
|    value_loss           | 0.00226     |
-----------------------------------------
-----------------------------------------
| rollout/                |             |
|    ep_len_mean          | 50          |
|    ep_rew_mean          | -4.13       |
| time/                   |             |
|    fps                  | 1448        |
|    iterations           | 127         |
|    time_elapsed         | 179         |
|    total_timesteps      | 260096      |
| train/                  |             |
|    approx_kl            | 0.046779882 |
|    clip_fraction        | 0.476       |
|    clip_range           | 0.148       |
|    entropy_loss         | 3.86        |
|    explained_variance   | 0.994       |
|    learning_rate        | 0.000185    |
|    loss                 | -0.0123     |
|    n_updates            | 1260        |
|    policy_gradient_loss | -0.00244    |
|    std                  | 0.0134      |
|    value_loss           | 0.0011      |
-----------------------------------------
-----------------------------------------
| rollout/                |             |
|    ep_len_mean          | 50          |
|    ep_rew_mean          | -4.34       |
| time/                   |             |
|    fps                  | 1449        |
|    iterations           | 128         |
|    time_elapsed         | 180         |
|    total_timesteps      | 262144      |
| train/                  |             |
|    approx_kl            | 0.055487026 |
|    clip_fraction        | 0.509       |
|    clip_range           | 0.148       |
|    entropy_loss         | 3.86        |
|    explained_variance   | 0.996       |
|    learning_rate        | 0.000185    |
|    loss                 | -0.0118     |
|    n_updates            | 1270        |
|    policy_gradient_loss | 0.00893     |
|    std                  | 0.0133      |
|    value_loss           | 0.000702    |
-----------------------------------------
--------------------------------------
| rollout/                |          |
|    ep_len_mean          | 50       |
|    ep_rew_mean          | -4.17    |
| time/                   |          |
|    fps                  | 1449     |
|    iterations           | 129      |
|    time_elapsed         | 182      |
|    total_timesteps      | 264192   |
| train/                  |          |
|    approx_kl            | 0.043893 |
|    clip_fraction        | 0.482    |
|    clip_range           | 0.148    |
|    entropy_loss         | 3.86     |
|    explained_variance   | 0.996    |
|    learning_rate        | 0.000184 |
|    loss                 | -0.0145  |
|    n_updates            | 1280     |
|    policy_gradient_loss | 0.00306  |
|    std                  | 0.0133   |
|    value_loss           | 0.00152  |
--------------------------------------
----------------------------------------
| rollout/                |            |
|    ep_len_mean          | 50         |
|    ep_rew_mean          | -3.94      |
| time/                   |            |
|    fps                  | 1450       |
|    iterations           | 130        |
|    time_elapsed         | 183        |
|    total_timesteps      | 266240     |
| train/                  |            |
|    approx_kl            | 0.05104883 |
|    clip_fraction        | 0.507      |
|    clip_range           | 0.147      |
|    entropy_loss         | 3.94       |
|    explained_variance   | 0.996      |
|    learning_rate        | 0.000184   |
|    loss                 | 0.0061     |
|    n_updates            | 1290       |
|    policy_gradient_loss | 0.00241    |
|    std                  | 0.0133     |
|    value_loss           | 0.000505   |
----------------------------------------
-----------------------------------------
| rollout/                |             |
|    ep_len_mean          | 50          |
|    ep_rew_mean          | -4.25       |
| time/                   |             |
|    fps                  | 1451        |
|    iterations           | 131         |
|    time_elapsed         | 184         |
|    total_timesteps      | 268288      |
| train/                  |             |
|    approx_kl            | 0.079822436 |
|    clip_fraction        | 0.511       |
|    clip_range           | 0.147       |
|    entropy_loss         | 3.95        |
|    explained_variance   | 0.994       |
|    learning_rate        | 0.000183    |
|    loss                 | -0.0221     |
|    n_updates            | 1300        |
|    policy_gradient_loss | -0.0114     |
|    std                  | 0.0132      |
|    value_loss           | 0.00182     |
-----------------------------------------
-----------------------------------------
| rollout/                |             |
|    ep_len_mean          | 50          |
|    ep_rew_mean          | -4.32       |
| time/                   |             |
|    fps                  | 1447        |
|    iterations           | 132         |
|    time_elapsed         | 186         |
|    total_timesteps      | 270336      |
| train/                  |             |
|    approx_kl            | 0.057372015 |
|    clip_fraction        | 0.541       |
|    clip_range           | 0.146       |
|    entropy_loss         | 3.89        |
|    explained_variance   | 0.996       |
|    learning_rate        | 0.000183    |
|    loss                 | -0.0151     |
|    n_updates            | 1310        |
|    policy_gradient_loss | -0.00473    |
|    std                  | 0.0131      |
|    value_loss           | 0.00162     |
-----------------------------------------
-----------------------------------------
| rollout/                |             |
|    ep_len_mean          | 50          |
|    ep_rew_mean          | -4.26       |
| time/                   |             |
|    fps                  | 1448        |
|    iterations           | 133         |
|    time_elapsed         | 188         |
|    total_timesteps      | 272384      |
| train/                  |             |
|    approx_kl            | 0.060356162 |
|    clip_fraction        | 0.492       |
|    clip_range           | 0.146       |
|    entropy_loss         | 3.91        |
|    explained_variance   | 0.994       |
|    learning_rate        | 0.000182    |
|    loss                 | -0.0125     |
|    n_updates            | 1320        |
|    policy_gradient_loss | -0.00607    |
|    std                  | 0.013       |
|    value_loss           | 0.0013      |
-----------------------------------------
-----------------------------------------
| rollout/                |             |
|    ep_len_mean          | 50          |
|    ep_rew_mean          | -4.33       |
| time/                   |             |
|    fps                  | 1449        |
|    iterations           | 134         |
|    time_elapsed         | 189         |
|    total_timesteps      | 274432      |
| train/                  |             |
|    approx_kl            | 0.048734695 |
|    clip_fraction        | 0.485       |
|    clip_range           | 0.146       |
|    entropy_loss         | 3.94        |
|    explained_variance   | 0.996       |
|    learning_rate        | 0.000182    |
|    loss                 | -0.00104    |
|    n_updates            | 1330        |
|    policy_gradient_loss | 0.000223    |
|    std                  | 0.013       |
|    value_loss           | 0.000709    |
-----------------------------------------
-----------------------------------------
| rollout/                |             |
|    ep_len_mean          | 50          |
|    ep_rew_mean          | -4.16       |
| time/                   |             |
|    fps                  | 1463        |
|    iterations           | 135         |
|    time_elapsed         | 188         |
|    total_timesteps      | 276480      |
| train/                  |             |
|    approx_kl            | 0.068908915 |
|    clip_fraction        | 0.454       |
|    clip_range           | 0.145       |
|    entropy_loss         | 3.9         |
|    explained_variance   | 0.993       |
|    learning_rate        | 0.000181    |
|    loss                 | 0.0124      |
|    n_updates            | 1340        |
|    policy_gradient_loss | 0.00436     |
|    std                  | 0.0128      |
|    value_loss           | 0.00191     |
-----------------------------------------
-----------------------------------------
| rollout/                |             |
|    ep_len_mean          | 50          |
|    ep_rew_mean          | -3.98       |
| time/                   |             |
|    fps                  | 1464        |
|    iterations           | 136         |
|    time_elapsed         | 190         |
|    total_timesteps      | 278528      |
| train/                  |             |
|    approx_kl            | 0.047262494 |
|    clip_fraction        | 0.466       |
|    clip_range           | 0.145       |
|    entropy_loss         | 4.02        |
|    explained_variance   | 0.995       |
|    learning_rate        | 0.000181    |
|    loss                 | -0.0173     |
|    n_updates            | 1350        |
|    policy_gradient_loss | 2.17e-05    |
|    std                  | 0.0127      |
|    value_loss           | 0.000878    |
-----------------------------------------
-----------------------------------------
| rollout/                |             |
|    ep_len_mean          | 50          |
|    ep_rew_mean          | -4.15       |
| time/                   |             |
|    fps                  | 1461        |
|    iterations           | 137         |
|    time_elapsed         | 192         |
|    total_timesteps      | 280576      |
| train/                  |             |
|    approx_kl            | 0.060836975 |
|    clip_fraction        | 0.52        |
|    clip_range           | 0.144       |
|    entropy_loss         | 4.05        |
|    explained_variance   | 0.993       |
|    learning_rate        | 0.00018     |
|    loss                 | 0.0418      |
|    n_updates            | 1360        |
|    policy_gradient_loss | -0.00949    |
|    std                  | 0.0125      |
|    value_loss           | 0.00101     |
-----------------------------------------
----------------------------------------
| rollout/                |            |
|    ep_len_mean          | 50         |
|    ep_rew_mean          | -4.1       |
| time/                   |            |
|    fps                  | 1462       |
|    iterations           | 138        |
|    time_elapsed         | 193        |
|    total_timesteps      | 282624     |
| train/                  |            |
|    approx_kl            | 0.04246813 |
|    clip_fraction        | 0.523      |
|    clip_range           | 0.144      |
|    entropy_loss         | 4          |
|    explained_variance   | 0.998      |
|    learning_rate        | 0.00018    |
|    loss                 | -0.0199    |
|    n_updates            | 1370       |
|    policy_gradient_loss | 0.00448    |
|    std                  | 0.0125     |
|    value_loss           | 0.00122    |
----------------------------------------
-----------------------------------------
| rollout/                |             |
|    ep_len_mean          | 50          |
|    ep_rew_mean          | -4.01       |
| time/                   |             |
|    fps                  | 1463        |
|    iterations           | 139         |
|    time_elapsed         | 194         |
|    total_timesteps      | 284672      |
| train/                  |             |
|    approx_kl            | 0.043473765 |
|    clip_fraction        | 0.493       |
|    clip_range           | 0.143       |
|    entropy_loss         | 4.06        |
|    explained_variance   | 0.997       |
|    learning_rate        | 0.000179    |
|    loss                 | -0.0252     |
|    n_updates            | 1380        |
|    policy_gradient_loss | 0.000948    |
|    std                  | 0.0124      |
|    value_loss           | 0.000553    |
-----------------------------------------
----------------------------------------
| rollout/                |            |
|    ep_len_mean          | 50         |
|    ep_rew_mean          | -4.19      |
| time/                   |            |
|    fps                  | 1464       |
|    iterations           | 140        |
|    time_elapsed         | 195        |
|    total_timesteps      | 286720     |
| train/                  |            |
|    approx_kl            | 0.05282505 |
|    clip_fraction        | 0.544      |
|    clip_range           | 0.143      |
|    entropy_loss         | 4.06       |
|    explained_variance   | 0.981      |
|    learning_rate        | 0.000179   |
|    loss                 | -0.00888   |
|    n_updates            | 1390       |
|    policy_gradient_loss | -0.000477  |
|    std                  | 0.0123     |
|    value_loss           | 0.00335    |
----------------------------------------
----------------------------------------
| rollout/                |            |
|    ep_len_mean          | 50         |
|    ep_rew_mean          | -4.13      |
| time/                   |            |
|    fps                  | 1465       |
|    iterations           | 141        |
|    time_elapsed         | 197        |
|    total_timesteps      | 288768     |
| train/                  |            |
|    approx_kl            | 0.05735459 |
|    clip_fraction        | 0.512      |
|    clip_range           | 0.143      |
|    entropy_loss         | 4.13       |
|    explained_variance   | 0.991      |
|    learning_rate        | 0.000178   |
|    loss                 | -0.00895   |
|    n_updates            | 1400       |
|    policy_gradient_loss | -0.00712   |
|    std                  | 0.0122     |
|    value_loss           | 0.00262    |
----------------------------------------
-----------------------------------------
| rollout/                |             |
|    ep_len_mean          | 50          |
|    ep_rew_mean          | -4.06       |
| time/                   |             |
|    fps                  | 1461        |
|    iterations           | 142         |
|    time_elapsed         | 198         |
|    total_timesteps      | 290816      |
| train/                  |             |
|    approx_kl            | 0.055039756 |
|    clip_fraction        | 0.55        |
|    clip_range           | 0.142       |
|    entropy_loss         | 4.11        |
|    explained_variance   | 0.994       |
|    learning_rate        | 0.000178    |
|    loss                 | 0.00274     |
|    n_updates            | 1410        |
|    policy_gradient_loss | -0.00324    |
|    std                  | 0.0122      |
|    value_loss           | 0.00155     |
-----------------------------------------
----------------------------------------
| rollout/                |            |
|    ep_len_mean          | 50         |
|    ep_rew_mean          | -4.47      |
| time/                   |            |
|    fps                  | 1462       |
|    iterations           | 143        |
|    time_elapsed         | 200        |
|    total_timesteps      | 292864     |
| train/                  |            |
|    approx_kl            | 0.04187487 |
|    clip_fraction        | 0.495      |
|    clip_range           | 0.142      |
|    entropy_loss         | 4.08       |
|    explained_variance   | 0.992      |
|    learning_rate        | 0.000177   |
|    loss                 | -0.0047    |
|    n_updates            | 1420       |
|    policy_gradient_loss | 1.13e-05   |
|    std                  | 0.0122     |
|    value_loss           | 0.00458    |
----------------------------------------
----------------------------------------
| rollout/                |            |
|    ep_len_mean          | 50         |
|    ep_rew_mean          | -4.09      |
| time/                   |            |
|    fps                  | 1462       |
|    iterations           | 144        |
|    time_elapsed         | 201        |
|    total_timesteps      | 294912     |
| train/                  |            |
|    approx_kl            | 0.06390439 |
|    clip_fraction        | 0.551      |
|    clip_range           | 0.141      |
|    entropy_loss         | 4.05       |
|    explained_variance   | 0.994      |
|    learning_rate        | 0.000177   |
|    loss                 | -0.0139    |
|    n_updates            | 1430       |
|    policy_gradient_loss | 0.00166    |
|    std                  | 0.0121     |
|    value_loss           | 0.00181    |
----------------------------------------
-----------------------------------------
| rollout/                |             |
|    ep_len_mean          | 50          |
|    ep_rew_mean          | -3.9        |
| time/                   |             |
|    fps                  | 1462        |
|    iterations           | 145         |
|    time_elapsed         | 203         |
|    total_timesteps      | 296960      |
| train/                  |             |
|    approx_kl            | 0.052209415 |
|    clip_fraction        | 0.504       |
|    clip_range           | 0.141       |
|    entropy_loss         | 4.22        |
|    explained_variance   | 0.992       |
|    learning_rate        | 0.000176    |
|    loss                 | -0.0219     |
|    n_updates            | 1440        |
|    policy_gradient_loss | 0.00489     |
|    std                  | 0.012       |
|    value_loss           | 0.00134     |
-----------------------------------------
-----------------------------------------
| rollout/                |             |
|    ep_len_mean          | 50          |
|    ep_rew_mean          | -3.79       |
| time/                   |             |
|    fps                  | 1462        |
|    iterations           | 146         |
|    time_elapsed         | 204         |
|    total_timesteps      | 299008      |
| train/                  |             |
|    approx_kl            | 0.045105353 |
|    clip_fraction        | 0.487       |
|    clip_range           | 0.141       |
|    entropy_loss         | 4.15        |
|    explained_variance   | 0.995       |
|    learning_rate        | 0.000176    |
|    loss                 | -0.0385     |
|    n_updates            | 1450        |
|    policy_gradient_loss | -0.0161     |
|    std                  | 0.0119      |
|    value_loss           | 0.00151     |
-----------------------------------------
----------------------------------------
| rollout/                |            |
|    ep_len_mean          | 50         |
|    ep_rew_mean          | -3.68      |
| time/                   |            |
|    fps                  | 1458       |
|    iterations           | 147        |
|    time_elapsed         | 206        |
|    total_timesteps      | 301056     |
| train/                  |            |
|    approx_kl            | 0.04770512 |
|    clip_fraction        | 0.515      |
|    clip_range           | 0.14       |
|    entropy_loss         | 4.26       |
|    explained_variance   | 0.989      |
|    learning_rate        | 0.000175   |
|    loss                 | 0.0119     |
|    n_updates            | 1460       |
|    policy_gradient_loss | 0.00831    |
|    std                  | 0.0119     |
|    value_loss           | 0.000901   |
----------------------------------------
-----------------------------------------
| rollout/                |             |
|    ep_len_mean          | 50          |
|    ep_rew_mean          | -4.03       |
| time/                   |             |
|    fps                  | 1458        |
|    iterations           | 148         |
|    time_elapsed         | 207         |
|    total_timesteps      | 303104      |
| train/                  |             |
|    approx_kl            | 0.050370026 |
|    clip_fraction        | 0.515       |
|    clip_range           | 0.14        |
|    entropy_loss         | 4.2         |
|    explained_variance   | 0.994       |
|    learning_rate        | 0.000175    |
|    loss                 | 0.0304      |
|    n_updates            | 1470        |
|    policy_gradient_loss | 0.00156     |
|    std                  | 0.0119      |
|    value_loss           | 0.00169     |
-----------------------------------------
----------------------------------------
| rollout/                |            |
|    ep_len_mean          | 50         |
|    ep_rew_mean          | -4.19      |
| time/                   |            |
|    fps                  | 1459       |
|    iterations           | 149        |
|    time_elapsed         | 209        |
|    total_timesteps      | 305152     |
| train/                  |            |
|    approx_kl            | 0.06195557 |
|    clip_fraction        | 0.53       |
|    clip_range           | 0.139      |
|    entropy_loss         | 4.1        |
|    explained_variance   | 0.996      |
|    learning_rate        | 0.000174   |
|    loss                 | -0.0338    |
|    n_updates            | 1480       |
|    policy_gradient_loss | -0.00287   |
|    std                  | 0.0119     |
|    value_loss           | 0.00166    |
----------------------------------------
----------------------------------------
| rollout/                |            |
|    ep_len_mean          | 50         |
|    ep_rew_mean          | -4.28      |
| time/                   |            |
|    fps                  | 1459       |
|    iterations           | 150        |
|    time_elapsed         | 210        |
|    total_timesteps      | 307200     |
| train/                  |            |
|    approx_kl            | 0.05945607 |
|    clip_fraction        | 0.482      |
|    clip_range           | 0.139      |
|    entropy_loss         | 4.26       |
|    explained_variance   | 0.987      |
|    learning_rate        | 0.000174   |
|    loss                 | -0.0193    |
|    n_updates            | 1490       |
|    policy_gradient_loss | -0.00908   |
|    std                  | 0.0118     |
|    value_loss           | 0.00245    |
----------------------------------------
----------------------------------------
| rollout/                |            |
|    ep_len_mean          | 50         |
|    ep_rew_mean          | -4.37      |
| time/                   |            |
|    fps                  | 1460       |
|    iterations           | 151        |
|    time_elapsed         | 211        |
|    total_timesteps      | 309248     |
| train/                  |            |
|    approx_kl            | 0.07381195 |
|    clip_fraction        | 0.522      |
|    clip_range           | 0.139      |
|    entropy_loss         | 4.25       |
|    explained_variance   | 0.983      |
|    learning_rate        | 0.000173   |
|    loss                 | -0.01      |
|    n_updates            | 1500       |
|    policy_gradient_loss | 0.0138     |
|    std                  | 0.0117     |
|    value_loss           | 0.00734    |
----------------------------------------
----------------------------------------
| rollout/                |            |
|    ep_len_mean          | 50         |
|    ep_rew_mean          | -4.33      |
| time/                   |            |
|    fps                  | 1456       |
|    iterations           | 152        |
|    time_elapsed         | 213        |
|    total_timesteps      | 311296     |
| train/                  |            |
|    approx_kl            | 0.06242896 |
|    clip_fraction        | 0.518      |
|    clip_range           | 0.138      |
|    entropy_loss         | 4.24       |
|    explained_variance   | 0.98       |
|    learning_rate        | 0.000173   |
|    loss                 | -0.00554   |
|    n_updates            | 1510       |
|    policy_gradient_loss | 0.000463   |
|    std                  | 0.0117     |
|    value_loss           | 0.00376    |
----------------------------------------
----------------------------------------
| rollout/                |            |
|    ep_len_mean          | 50         |
|    ep_rew_mean          | -3.89      |
| time/                   |            |
|    fps                  | 1457       |
|    iterations           | 153        |
|    time_elapsed         | 214        |
|    total_timesteps      | 313344     |
| train/                  |            |
|    approx_kl            | 0.06347744 |
|    clip_fraction        | 0.535      |
|    clip_range           | 0.138      |
|    entropy_loss         | 4.3        |
|    explained_variance   | 0.995      |
|    learning_rate        | 0.000172   |
|    loss                 | -0.019     |
|    n_updates            | 1520       |
|    policy_gradient_loss | 0.00915    |
|    std                  | 0.0116     |
|    value_loss           | 0.00151    |
----------------------------------------
---------------------------------------
| rollout/                |           |
|    ep_len_mean          | 50        |
|    ep_rew_mean          | -3.93     |
| time/                   |           |
|    fps                  | 1457      |
|    iterations           | 154       |
|    time_elapsed         | 216       |
|    total_timesteps      | 315392    |
| train/                  |           |
|    approx_kl            | 0.0729305 |
|    clip_fraction        | 0.533     |
|    clip_range           | 0.137     |
|    entropy_loss         | 4.29      |
|    explained_variance   | 0.995     |
|    learning_rate        | 0.000172  |
|    loss                 | 0.00842   |
|    n_updates            | 1530      |
|    policy_gradient_loss | -0.000334 |
|    std                  | 0.0115    |
|    value_loss           | 0.00104   |
---------------------------------------
-----------------------------------------
| rollout/                |             |
|    ep_len_mean          | 50          |
|    ep_rew_mean          | -3.8        |
| time/                   |             |
|    fps                  | 1457        |
|    iterations           | 155         |
|    time_elapsed         | 217         |
|    total_timesteps      | 317440      |
| train/                  |             |
|    approx_kl            | 0.059763946 |
|    clip_fraction        | 0.5         |
|    clip_range           | 0.137       |
|    entropy_loss         | 4.32        |
|    explained_variance   | 0.994       |
|    learning_rate        | 0.000171    |
|    loss                 | -0.0215     |
|    n_updates            | 1540        |
|    policy_gradient_loss | -0.00158    |
|    std                  | 0.0114      |
|    value_loss           | 0.00184     |
-----------------------------------------
---------------------------------------
| rollout/                |           |
|    ep_len_mean          | 50        |
|    ep_rew_mean          | -3.8      |
| time/                   |           |
|    fps                  | 1458      |
|    iterations           | 156       |
|    time_elapsed         | 219       |
|    total_timesteps      | 319488    |
| train/                  |           |
|    approx_kl            | 0.0720376 |
|    clip_fraction        | 0.565     |
|    clip_range           | 0.137     |
|    entropy_loss         | 4.29      |
|    explained_variance   | 0.993     |
|    learning_rate        | 0.000171  |
|    loss                 | 0.00973   |
|    n_updates            | 1550      |
|    policy_gradient_loss | -0.0051   |
|    std                  | 0.0114    |
|    value_loss           | 0.00122   |
---------------------------------------
----------------------------------------
| rollout/                |            |
|    ep_len_mean          | 50         |
|    ep_rew_mean          | -3.97      |
| time/                   |            |
|    fps                  | 1465       |
|    iterations           | 157        |
|    time_elapsed         | 219        |
|    total_timesteps      | 321536     |
| train/                  |            |
|    approx_kl            | 0.06516575 |
|    clip_fraction        | 0.535      |
|    clip_range           | 0.136      |
|    entropy_loss         | 4.32       |
|    explained_variance   | 0.995      |
|    learning_rate        | 0.00017    |
|    loss                 | -0.026     |
|    n_updates            | 1560       |
|    policy_gradient_loss | 0.000255   |
|    std                  | 0.0113     |
|    value_loss           | 0.000715   |
----------------------------------------
-----------------------------------------
| rollout/                |             |
|    ep_len_mean          | 50          |
|    ep_rew_mean          | -4.22       |
| time/                   |             |
|    fps                  | 1466        |
|    iterations           | 158         |
|    time_elapsed         | 220         |
|    total_timesteps      | 323584      |
| train/                  |             |
|    approx_kl            | 0.056572195 |
|    clip_fraction        | 0.524       |
|    clip_range           | 0.136       |
|    entropy_loss         | 4.34        |
|    explained_variance   | 0.996       |
|    learning_rate        | 0.00017     |
|    loss                 | -0.0232     |
|    n_updates            | 1570        |
|    policy_gradient_loss | 0.000381    |
|    std                  | 0.0113      |
|    value_loss           | 0.00108     |
-----------------------------------------
----------------------------------------
| rollout/                |            |
|    ep_len_mean          | 50         |
|    ep_rew_mean          | -4.31      |
| time/                   |            |
|    fps                  | 1467       |
|    iterations           | 159        |
|    time_elapsed         | 221        |
|    total_timesteps      | 325632     |
| train/                  |            |
|    approx_kl            | 0.05269465 |
|    clip_fraction        | 0.543      |
|    clip_range           | 0.135      |
|    entropy_loss         | 4.35       |
|    explained_variance   | 0.996      |
|    learning_rate        | 0.000169   |
|    loss                 | 0.00526    |
|    n_updates            | 1580       |
|    policy_gradient_loss | 0.00889    |
|    std                  | 0.0113     |
|    value_loss           | 0.00112    |
----------------------------------------
-----------------------------------------
| rollout/                |             |
|    ep_len_mean          | 50          |
|    ep_rew_mean          | -4.19       |
| time/                   |             |
|    fps                  | 1467        |
|    iterations           | 160         |
|    time_elapsed         | 223         |
|    total_timesteps      | 327680      |
| train/                  |             |
|    approx_kl            | 0.049501844 |
|    clip_fraction        | 0.516       |
|    clip_range           | 0.135       |
|    entropy_loss         | 4.34        |
|    explained_variance   | 0.996       |
|    learning_rate        | 0.000169    |
|    loss                 | 0.0197      |
|    n_updates            | 1590        |
|    policy_gradient_loss | -0.00628    |
|    std                  | 0.0113      |
|    value_loss           | 0.000842    |
-----------------------------------------
-----------------------------------------
| rollout/                |             |
|    ep_len_mean          | 50          |
|    ep_rew_mean          | -4.24       |
| time/                   |             |
|    fps                  | 1468        |
|    iterations           | 161         |
|    time_elapsed         | 224         |
|    total_timesteps      | 329728      |
| train/                  |             |
|    approx_kl            | 0.045648426 |
|    clip_fraction        | 0.525       |
|    clip_range           | 0.134       |
|    entropy_loss         | 4.36        |
|    explained_variance   | 0.996       |
|    learning_rate        | 0.000168    |
|    loss                 | -0.0121     |
|    n_updates            | 1600        |
|    policy_gradient_loss | 0.00927     |
|    std                  | 0.0113      |
|    value_loss           | 0.00165     |
-----------------------------------------
----------------------------------------
| rollout/                |            |
|    ep_len_mean          | 50         |
|    ep_rew_mean          | -4.12      |
| time/                   |            |
|    fps                  | 1464       |
|    iterations           | 162        |
|    time_elapsed         | 226        |
|    total_timesteps      | 331776     |
| train/                  |            |
|    approx_kl            | 0.07209111 |
|    clip_fraction        | 0.545      |
|    clip_range           | 0.134      |
|    entropy_loss         | 4.34       |
|    explained_variance   | 0.996      |
|    learning_rate        | 0.000168   |
|    loss                 | -0.00489   |
|    n_updates            | 1610       |
|    policy_gradient_loss | 0.00128    |
|    std                  | 0.0112     |
|    value_loss           | 0.00116    |
----------------------------------------
-----------------------------------------
| rollout/                |             |
|    ep_len_mean          | 50          |
|    ep_rew_mean          | -4          |
| time/                   |             |
|    fps                  | 1464        |
|    iterations           | 163         |
|    time_elapsed         | 227         |
|    total_timesteps      | 333824      |
| train/                  |             |
|    approx_kl            | 0.054280777 |
|    clip_fraction        | 0.515       |
|    clip_range           | 0.134       |
|    entropy_loss         | 4.43        |
|    explained_variance   | 0.992       |
|    learning_rate        | 0.000167    |
|    loss                 | 0.0533      |
|    n_updates            | 1620        |
|    policy_gradient_loss | 0.00352     |
|    std                  | 0.0112      |
|    value_loss           | 0.0022      |
-----------------------------------------
-----------------------------------------
| rollout/                |             |
|    ep_len_mean          | 50          |
|    ep_rew_mean          | -3.99       |
| time/                   |             |
|    fps                  | 1465        |
|    iterations           | 164         |
|    time_elapsed         | 229         |
|    total_timesteps      | 335872      |
| train/                  |             |
|    approx_kl            | 0.053951852 |
|    clip_fraction        | 0.541       |
|    clip_range           | 0.133       |
|    entropy_loss         | 4.4         |
|    explained_variance   | 0.995       |
|    learning_rate        | 0.000167    |
|    loss                 | -0.0329     |
|    n_updates            | 1630        |
|    policy_gradient_loss | -0.00297    |
|    std                  | 0.0111      |
|    value_loss           | 0.000749    |
-----------------------------------------
----------------------------------------
| rollout/                |            |
|    ep_len_mean          | 50         |
|    ep_rew_mean          | -4.46      |
| time/                   |            |
|    fps                  | 1465       |
|    iterations           | 165        |
|    time_elapsed         | 230        |
|    total_timesteps      | 337920     |
| train/                  |            |
|    approx_kl            | 0.05680101 |
|    clip_fraction        | 0.518      |
|    clip_range           | 0.133      |
|    entropy_loss         | 4.34       |
|    explained_variance   | 0.988      |
|    learning_rate        | 0.000166   |
|    loss                 | 0.0573     |
|    n_updates            | 1640       |
|    policy_gradient_loss | 0.00792    |
|    std                  | 0.0111     |
|    value_loss           | 0.0051     |
----------------------------------------
-----------------------------------------
| rollout/                |             |
|    ep_len_mean          | 50          |
|    ep_rew_mean          | -4.43       |
| time/                   |             |
|    fps                  | 1466        |
|    iterations           | 166         |
|    time_elapsed         | 231         |
|    total_timesteps      | 339968      |
| train/                  |             |
|    approx_kl            | 0.061876733 |
|    clip_fraction        | 0.579       |
|    clip_range           | 0.132       |
|    entropy_loss         | 4.39        |
|    explained_variance   | 0.995       |
|    learning_rate        | 0.000166    |
|    loss                 | -0.0121     |
|    n_updates            | 1650        |
|    policy_gradient_loss | 0.00133     |
|    std                  | 0.011       |
|    value_loss           | 0.00247     |
-----------------------------------------
----------------------------------------
| rollout/                |            |
|    ep_len_mean          | 50         |
|    ep_rew_mean          | -4.53      |
| time/                   |            |
|    fps                  | 1463       |
|    iterations           | 167        |
|    time_elapsed         | 233        |
|    total_timesteps      | 342016     |
| train/                  |            |
|    approx_kl            | 0.06134072 |
|    clip_fraction        | 0.571      |
|    clip_range           | 0.132      |
|    entropy_loss         | 4.4        |
|    explained_variance   | 0.993      |
|    learning_rate        | 0.000165   |
|    loss                 | 0.0728     |
|    n_updates            | 1660       |
|    policy_gradient_loss | 0.00889    |
|    std                  | 0.0111     |
|    value_loss           | 0.00338    |
----------------------------------------
-----------------------------------------
| rollout/                |             |
|    ep_len_mean          | 50          |
|    ep_rew_mean          | -4.51       |
| time/                   |             |
|    fps                  | 1464        |
|    iterations           | 168         |
|    time_elapsed         | 235         |
|    total_timesteps      | 344064      |
| train/                  |             |
|    approx_kl            | 0.050375685 |
|    clip_fraction        | 0.538       |
|    clip_range           | 0.132       |
|    entropy_loss         | 4.32        |
|    explained_variance   | 0.989       |
|    learning_rate        | 0.000164    |
|    loss                 | -0.0116     |
|    n_updates            | 1670        |
|    policy_gradient_loss | 0.00103     |
|    std                  | 0.0111      |
|    value_loss           | 0.00164     |
-----------------------------------------
----------------------------------------
| rollout/                |            |
|    ep_len_mean          | 50         |
|    ep_rew_mean          | -4.12      |
| time/                   |            |
|    fps                  | 1464       |
|    iterations           | 169        |
|    time_elapsed         | 236        |
|    total_timesteps      | 346112     |
| train/                  |            |
|    approx_kl            | 0.05815881 |
|    clip_fraction        | 0.566      |
|    clip_range           | 0.131      |
|    entropy_loss         | 4.42       |
|    explained_variance   | 0.998      |
|    learning_rate        | 0.000164   |
|    loss                 | 0.000808   |
|    n_updates            | 1680       |
|    policy_gradient_loss | -0.00363   |
|    std                  | 0.011      |
|    value_loss           | 0.00089    |
----------------------------------------
-----------------------------------------
| rollout/                |             |
|    ep_len_mean          | 50          |
|    ep_rew_mean          | -3.89       |
| time/                   |             |
|    fps                  | 1465        |
|    iterations           | 170         |
|    time_elapsed         | 237         |
|    total_timesteps      | 348160      |
| train/                  |             |
|    approx_kl            | 0.048574694 |
|    clip_fraction        | 0.522       |
|    clip_range           | 0.131       |
|    entropy_loss         | 4.44        |
|    explained_variance   | 0.998       |
|    learning_rate        | 0.000163    |
|    loss                 | 0.0101      |
|    n_updates            | 1690        |
|    policy_gradient_loss | -0.00449    |
|    std                  | 0.011       |
|    value_loss           | 0.000588    |
-----------------------------------------
----------------------------------------
| rollout/                |            |
|    ep_len_mean          | 50         |
|    ep_rew_mean          | -4.27      |
| time/                   |            |
|    fps                  | 1461       |
|    iterations           | 171        |
|    time_elapsed         | 239        |
|    total_timesteps      | 350208     |
| train/                  |            |
|    approx_kl            | 0.06863078 |
|    clip_fraction        | 0.558      |
|    clip_range           | 0.13       |
|    entropy_loss         | 4.42       |
|    explained_variance   | 0.993      |
|    learning_rate        | 0.000163   |
|    loss                 | 0.00968    |
|    n_updates            | 1700       |
|    policy_gradient_loss | 0.00678    |
|    std                  | 0.0109     |
|    value_loss           | 0.000895   |
----------------------------------------
----------------------------------------
| rollout/                |            |
|    ep_len_mean          | 50         |
|    ep_rew_mean          | -4.35      |
| time/                   |            |
|    fps                  | 1462       |
|    iterations           | 172        |
|    time_elapsed         | 240        |
|    total_timesteps      | 352256     |
| train/                  |            |
|    approx_kl            | 0.06401671 |
|    clip_fraction        | 0.548      |
|    clip_range           | 0.13       |
|    entropy_loss         | 4.4        |
|    explained_variance   | 0.998      |
|    learning_rate        | 0.000162   |
|    loss                 | -0.00239   |
|    n_updates            | 1710       |
|    policy_gradient_loss | -0.0007    |
|    std                  | 0.0109     |
|    value_loss           | 0.000903   |
----------------------------------------
----------------------------------------
| rollout/                |            |
|    ep_len_mean          | 50         |
|    ep_rew_mean          | -4.49      |
| time/                   |            |
|    fps                  | 1462       |
|    iterations           | 173        |
|    time_elapsed         | 242        |
|    total_timesteps      | 354304     |
| train/                  |            |
|    approx_kl            | 0.08321032 |
|    clip_fraction        | 0.537      |
|    clip_range           | 0.13       |
|    entropy_loss         | 4.51       |
|    explained_variance   | 0.995      |
|    learning_rate        | 0.000162   |
|    loss                 | -0.0183    |
|    n_updates            | 1720       |
|    policy_gradient_loss | 0.0139     |
|    std                  | 0.0108     |
|    value_loss           | 0.00106    |
----------------------------------------
----------------------------------------
| rollout/                |            |
|    ep_len_mean          | 50         |
|    ep_rew_mean          | -4.2       |
| time/                   |            |
|    fps                  | 1463       |
|    iterations           | 174        |
|    time_elapsed         | 243        |
|    total_timesteps      | 356352     |
| train/                  |            |
|    approx_kl            | 0.05677271 |
|    clip_fraction        | 0.556      |
|    clip_range           | 0.129      |
|    entropy_loss         | 4.48       |
|    explained_variance   | 0.995      |
|    learning_rate        | 0.000161   |
|    loss                 | 0.0236     |
|    n_updates            | 1730       |
|    policy_gradient_loss | 0.00951    |
|    std                  | 0.0108     |
|    value_loss           | 0.00122    |
----------------------------------------
----------------------------------------
| rollout/                |            |
|    ep_len_mean          | 50         |
|    ep_rew_mean          | -3.84      |
| time/                   |            |
|    fps                  | 1463       |
|    iterations           | 175        |
|    time_elapsed         | 244        |
|    total_timesteps      | 358400     |
| train/                  |            |
|    approx_kl            | 0.05177879 |
|    clip_fraction        | 0.538      |
|    clip_range           | 0.129      |
|    entropy_loss         | 4.5        |
|    explained_variance   | 0.998      |
|    learning_rate        | 0.000161   |
|    loss                 | -0.0359    |
|    n_updates            | 1740       |
|    policy_gradient_loss | -5.73e-05  |
|    std                  | 0.0107     |
|    value_loss           | 0.000575   |
----------------------------------------
---------------------------------------
| rollout/                |           |
|    ep_len_mean          | 50        |
|    ep_rew_mean          | -3.75     |
| time/                   |           |
|    fps                  | 1460      |
|    iterations           | 176       |
|    time_elapsed         | 246       |
|    total_timesteps      | 360448    |
| train/                  |           |
|    approx_kl            | 0.0531359 |
|    clip_fraction        | 0.504     |
|    clip_range           | 0.128     |
|    entropy_loss         | 4.49      |
|    explained_variance   | 0.997     |
|    learning_rate        | 0.00016   |
|    loss                 | 0.00441   |
|    n_updates            | 1750      |
|    policy_gradient_loss | 0.00653   |
|    std                  | 0.0107    |
|    value_loss           | 0.000458  |
---------------------------------------
----------------------------------------
| rollout/                |            |
|    ep_len_mean          | 50         |
|    ep_rew_mean          | -4.05      |
| time/                   |            |
|    fps                  | 1460       |
|    iterations           | 177        |
|    time_elapsed         | 248        |
|    total_timesteps      | 362496     |
| train/                  |            |
|    approx_kl            | 0.03228931 |
|    clip_fraction        | 0.519      |
|    clip_range           | 0.128      |
|    entropy_loss         | 4.52       |
|    explained_variance   | 0.998      |
|    learning_rate        | 0.00016    |
|    loss                 | 0.038      |
|    n_updates            | 1760       |
|    policy_gradient_loss | 0.0201     |
|    std                  | 0.0106     |
|    value_loss           | 0.00112    |
----------------------------------------
-----------------------------------------
| rollout/                |             |
|    ep_len_mean          | 50          |
|    ep_rew_mean          | -3.95       |
| time/                   |             |
|    fps                  | 1461        |
|    iterations           | 178         |
|    time_elapsed         | 249         |
|    total_timesteps      | 364544      |
| train/                  |             |
|    approx_kl            | 0.061118353 |
|    clip_fraction        | 0.596       |
|    clip_range           | 0.128       |
|    entropy_loss         | 4.56        |
|    explained_variance   | 0.998       |
|    learning_rate        | 0.000159    |
|    loss                 | 0.0044      |
|    n_updates            | 1770        |
|    policy_gradient_loss | 0.00755     |
|    std                  | 0.0105      |
|    value_loss           | 0.00103     |
-----------------------------------------
-----------------------------------------
| rollout/                |             |
|    ep_len_mean          | 50          |
|    ep_rew_mean          | -4.14       |
| time/                   |             |
|    fps                  | 1462        |
|    iterations           | 179         |
|    time_elapsed         | 250         |
|    total_timesteps      | 366592      |
| train/                  |             |
|    approx_kl            | 0.049348123 |
|    clip_fraction        | 0.517       |
|    clip_range           | 0.127       |
|    entropy_loss         | 4.55        |
|    explained_variance   | 0.989       |
|    learning_rate        | 0.000159    |
|    loss                 | -0.0192     |
|    n_updates            | 1780        |
|    policy_gradient_loss | 0.00397     |
|    std                  | 0.0105      |
|    value_loss           | 0.000964    |
-----------------------------------------
-----------------------------------------
| rollout/                |             |
|    ep_len_mean          | 50          |
|    ep_rew_mean          | -4.17       |
| time/                   |             |
|    fps                  | 1472        |
|    iterations           | 180         |
|    time_elapsed         | 250         |
|    total_timesteps      | 368640      |
| train/                  |             |
|    approx_kl            | 0.051783003 |
|    clip_fraction        | 0.519       |
|    clip_range           | 0.127       |
|    entropy_loss         | 4.46        |
|    explained_variance   | 0.994       |
|    learning_rate        | 0.000158    |
|    loss                 | 0.000386    |
|    n_updates            | 1790        |
|    policy_gradient_loss | 0.00313     |
|    std                  | 0.0105      |
|    value_loss           | 0.00128     |
-----------------------------------------
----------------------------------------
| rollout/                |            |
|    ep_len_mean          | 50         |
|    ep_rew_mean          | -4.09      |
| time/                   |            |
|    fps                  | 1469       |
|    iterations           | 181        |
|    time_elapsed         | 252        |
|    total_timesteps      | 370688     |
| train/                  |            |
|    approx_kl            | 0.07161435 |
|    clip_fraction        | 0.553      |
|    clip_range           | 0.126      |
|    entropy_loss         | 4.61       |
|    explained_variance   | 0.996      |
|    learning_rate        | 0.000158   |
|    loss                 | -0.0285    |
|    n_updates            | 1800       |
|    policy_gradient_loss | -0.00369   |
|    std                  | 0.0104     |
|    value_loss           | 0.00123    |
----------------------------------------
----------------------------------------
| rollout/                |            |
|    ep_len_mean          | 50         |
|    ep_rew_mean          | -4.08      |
| time/                   |            |
|    fps                  | 1470       |
|    iterations           | 182        |
|    time_elapsed         | 253        |
|    total_timesteps      | 372736     |
| train/                  |            |
|    approx_kl            | 0.04638648 |
|    clip_fraction        | 0.545      |
|    clip_range           | 0.126      |
|    entropy_loss         | 4.56       |
|    explained_variance   | 0.997      |
|    learning_rate        | 0.000157   |
|    loss                 | -0.00222   |
|    n_updates            | 1810       |
|    policy_gradient_loss | -0.000865  |
|    std                  | 0.0104     |
|    value_loss           | 0.00095    |
----------------------------------------
----------------------------------------
| rollout/                |            |
|    ep_len_mean          | 50         |
|    ep_rew_mean          | -4.21      |
| time/                   |            |
|    fps                  | 1470       |
|    iterations           | 183        |
|    time_elapsed         | 254        |
|    total_timesteps      | 374784     |
| train/                  |            |
|    approx_kl            | 0.06900416 |
|    clip_fraction        | 0.563      |
|    clip_range           | 0.125      |
|    entropy_loss         | 4.61       |
|    explained_variance   | 0.995      |
|    learning_rate        | 0.000157   |
|    loss                 | 0.0272     |
|    n_updates            | 1820       |
|    policy_gradient_loss | 0.000824   |
|    std                  | 0.0104     |
|    value_loss           | 0.00127    |
----------------------------------------
-----------------------------------------
| rollout/                |             |
|    ep_len_mean          | 50          |
|    ep_rew_mean          | -4.41       |
| time/                   |             |
|    fps                  | 1471        |
|    iterations           | 184         |
|    time_elapsed         | 256         |
|    total_timesteps      | 376832      |
| train/                  |             |
|    approx_kl            | 0.041182235 |
|    clip_fraction        | 0.514       |
|    clip_range           | 0.125       |
|    entropy_loss         | 4.57        |
|    explained_variance   | 0.98        |
|    learning_rate        | 0.000156    |
|    loss                 | -0.0187     |
|    n_updates            | 1830        |
|    policy_gradient_loss | -0.00333    |
|    std                  | 0.0104      |
|    value_loss           | 0.00446     |
-----------------------------------------
-----------------------------------------
| rollout/                |             |
|    ep_len_mean          | 50          |
|    ep_rew_mean          | -4.32       |
| time/                   |             |
|    fps                  | 1472        |
|    iterations           | 185         |
|    time_elapsed         | 257         |
|    total_timesteps      | 378880      |
| train/                  |             |
|    approx_kl            | 0.040826716 |
|    clip_fraction        | 0.518       |
|    clip_range           | 0.125       |
|    entropy_loss         | 4.55        |
|    explained_variance   | 0.978       |
|    learning_rate        | 0.000156    |
|    loss                 | -0.03       |
|    n_updates            | 1840        |
|    policy_gradient_loss | -0.000882   |
|    std                  | 0.0105      |
|    value_loss           | 0.0107      |
-----------------------------------------
----------------------------------------
| rollout/                |            |
|    ep_len_mean          | 50         |
|    ep_rew_mean          | -4.13      |
| time/                   |            |
|    fps                  | 1469       |
|    iterations           | 186        |
|    time_elapsed         | 259        |
|    total_timesteps      | 380928     |
| train/                  |            |
|    approx_kl            | 0.09513572 |
|    clip_fraction        | 0.59       |
|    clip_range           | 0.124      |
|    entropy_loss         | 4.52       |
|    explained_variance   | 0.991      |
|    learning_rate        | 0.000155   |
|    loss                 | -0.00649   |
|    n_updates            | 1850       |
|    policy_gradient_loss | -0.00631   |
|    std                  | 0.0104     |
|    value_loss           | 0.00137    |
----------------------------------------
-----------------------------------------
| rollout/                |             |
|    ep_len_mean          | 50          |
|    ep_rew_mean          | -4.09       |
| time/                   |             |
|    fps                  | 1470        |
|    iterations           | 187         |
|    time_elapsed         | 260         |
|    total_timesteps      | 382976      |
| train/                  |             |
|    approx_kl            | 0.035956487 |
|    clip_fraction        | 0.543       |
|    clip_range           | 0.124       |
|    entropy_loss         | 4.57        |
|    explained_variance   | 0.992       |
|    learning_rate        | 0.000155    |
|    loss                 | 0.00309     |
|    n_updates            | 1860        |
|    policy_gradient_loss | 0.0102      |
|    std                  | 0.0104      |
|    value_loss           | 0.00117     |
-----------------------------------------
-----------------------------------------
| rollout/                |             |
|    ep_len_mean          | 50          |
|    ep_rew_mean          | -4.07       |
| time/                   |             |
|    fps                  | 1471        |
|    iterations           | 188         |
|    time_elapsed         | 261         |
|    total_timesteps      | 385024      |
| train/                  |             |
|    approx_kl            | 0.060594503 |
|    clip_fraction        | 0.542       |
|    clip_range           | 0.123       |
|    entropy_loss         | 4.58        |
|    explained_variance   | 0.996       |
|    learning_rate        | 0.000154    |
|    loss                 | 0.0102      |
|    n_updates            | 1870        |
|    policy_gradient_loss | 0.00397     |
|    std                  | 0.0104      |
|    value_loss           | 0.00159     |
-----------------------------------------
-----------------------------------------
| rollout/                |             |
|    ep_len_mean          | 50          |
|    ep_rew_mean          | -3.95       |
| time/                   |             |
|    fps                  | 1471        |
|    iterations           | 189         |
|    time_elapsed         | 263         |
|    total_timesteps      | 387072      |
| train/                  |             |
|    approx_kl            | 0.043817654 |
|    clip_fraction        | 0.567       |
|    clip_range           | 0.123       |
|    entropy_loss         | 4.56        |
|    explained_variance   | 0.997       |
|    learning_rate        | 0.000154    |
|    loss                 | 0.0106      |
|    n_updates            | 1880        |
|    policy_gradient_loss | 0.00181     |
|    std                  | 0.0104      |
|    value_loss           | 0.000766    |
-----------------------------------------
-----------------------------------------
| rollout/                |             |
|    ep_len_mean          | 50          |
|    ep_rew_mean          | -3.93       |
| time/                   |             |
|    fps                  | 1471        |
|    iterations           | 190         |
|    time_elapsed         | 264         |
|    total_timesteps      | 389120      |
| train/                  |             |
|    approx_kl            | 0.035947744 |
|    clip_fraction        | 0.515       |
|    clip_range           | 0.123       |
|    entropy_loss         | 4.59        |
|    explained_variance   | 0.997       |
|    learning_rate        | 0.000153    |
|    loss                 | 0.0121      |
|    n_updates            | 1890        |
|    policy_gradient_loss | -0.00329    |
|    std                  | 0.0103      |
|    value_loss           | 0.000692    |
-----------------------------------------
----------------------------------------
| rollout/                |            |
|    ep_len_mean          | 50         |
|    ep_rew_mean          | -3.92      |
| time/                   |            |
|    fps                  | 1467       |
|    iterations           | 191        |
|    time_elapsed         | 266        |
|    total_timesteps      | 391168     |
| train/                  |            |
|    approx_kl            | 0.06470067 |
|    clip_fraction        | 0.596      |
|    clip_range           | 0.122      |
|    entropy_loss         | 4.62       |
|    explained_variance   | 0.998      |
|    learning_rate        | 0.000153   |
|    loss                 | -0.00641   |
|    n_updates            | 1900       |
|    policy_gradient_loss | 0.00318    |
|    std                  | 0.0103     |
|    value_loss           | 0.000852   |
----------------------------------------
-----------------------------------------
| rollout/                |             |
|    ep_len_mean          | 50          |
|    ep_rew_mean          | -3.96       |
| time/                   |             |
|    fps                  | 1467        |
|    iterations           | 192         |
|    time_elapsed         | 267         |
|    total_timesteps      | 393216      |
| train/                  |             |
|    approx_kl            | 0.036585417 |
|    clip_fraction        | 0.495       |
|    clip_range           | 0.122       |
|    entropy_loss         | 4.67        |
|    explained_variance   | 0.993       |
|    learning_rate        | 0.000152    |
|    loss                 | -0.0221     |
|    n_updates            | 1910        |
|    policy_gradient_loss | -0.00208    |
|    std                  | 0.0103      |
|    value_loss           | 0.000788    |
-----------------------------------------
-----------------------------------------
| rollout/                |             |
|    ep_len_mean          | 50          |
|    ep_rew_mean          | -4.34       |
| time/                   |             |
|    fps                  | 1468        |
|    iterations           | 193         |
|    time_elapsed         | 269         |
|    total_timesteps      | 395264      |
| train/                  |             |
|    approx_kl            | 0.046417166 |
|    clip_fraction        | 0.554       |
|    clip_range           | 0.121       |
|    entropy_loss         | 4.64        |
|    explained_variance   | 0.996       |
|    learning_rate        | 0.000152    |
|    loss                 | -0.027      |
|    n_updates            | 1920        |
|    policy_gradient_loss | -0.00163    |
|    std                  | 0.0103      |
|    value_loss           | 0.00092     |
-----------------------------------------
----------------------------------------
| rollout/                |            |
|    ep_len_mean          | 50         |
|    ep_rew_mean          | -4.32      |
| time/                   |            |
|    fps                  | 1468       |
|    iterations           | 194        |
|    time_elapsed         | 270        |
|    total_timesteps      | 397312     |
| train/                  |            |
|    approx_kl            | 0.04467763 |
|    clip_fraction        | 0.508      |
|    clip_range           | 0.121      |
|    entropy_loss         | 4.53       |
|    explained_variance   | 0.997      |
|    learning_rate        | 0.000151   |
|    loss                 | -0.00612   |
|    n_updates            | 1930       |
|    policy_gradient_loss | 0.00107    |
|    std                  | 0.0102     |
|    value_loss           | 0.00131    |
----------------------------------------
-----------------------------------------
| rollout/                |             |
|    ep_len_mean          | 50          |
|    ep_rew_mean          | -4.15       |
| time/                   |             |
|    fps                  | 1469        |
|    iterations           | 195         |
|    time_elapsed         | 271         |
|    total_timesteps      | 399360      |
| train/                  |             |
|    approx_kl            | 0.038954753 |
|    clip_fraction        | 0.518       |
|    clip_range           | 0.121       |
|    entropy_loss         | 4.64        |
|    explained_variance   | 0.99        |
|    learning_rate        | 0.000151    |
|    loss                 | -0.0145     |
|    n_updates            | 1940        |
|    policy_gradient_loss | -0.0109     |
|    std                  | 0.0101      |
|    value_loss           | 0.00184     |
-----------------------------------------
-----------------------------------------
| rollout/                |             |
|    ep_len_mean          | 50          |
|    ep_rew_mean          | -4.21       |
| time/                   |             |
|    fps                  | 1466        |
|    iterations           | 196         |
|    time_elapsed         | 273         |
|    total_timesteps      | 401408      |
| train/                  |             |
|    approx_kl            | 0.036693577 |
|    clip_fraction        | 0.507       |
|    clip_range           | 0.12        |
|    entropy_loss         | 4.61        |
|    explained_variance   | 0.995       |
|    learning_rate        | 0.00015     |
|    loss                 | -0.0212     |
|    n_updates            | 1950        |
|    policy_gradient_loss | 0.00102     |
|    std                  | 0.0101      |
|    value_loss           | 0.000646    |
-----------------------------------------
-----------------------------------------
| rollout/                |             |
|    ep_len_mean          | 50          |
|    ep_rew_mean          | -3.95       |
| time/                   |             |
|    fps                  | 1466        |
|    iterations           | 197         |
|    time_elapsed         | 275         |
|    total_timesteps      | 403456      |
| train/                  |             |
|    approx_kl            | 0.063829795 |
|    clip_fraction        | 0.588       |
|    clip_range           | 0.12        |
|    entropy_loss         | 4.64        |
|    explained_variance   | 0.985       |
|    learning_rate        | 0.00015     |
|    loss                 | -0.0291     |
|    n_updates            | 1960        |
|    policy_gradient_loss | 0.00359     |
|    std                  | 0.0101      |
|    value_loss           | 0.00213     |
-----------------------------------------
-----------------------------------------
| rollout/                |             |
|    ep_len_mean          | 50          |
|    ep_rew_mean          | -3.73       |
| time/                   |             |
|    fps                  | 1466        |
|    iterations           | 198         |
|    time_elapsed         | 276         |
|    total_timesteps      | 405504      |
| train/                  |             |
|    approx_kl            | 0.043610778 |
|    clip_fraction        | 0.536       |
|    clip_range           | 0.119       |
|    entropy_loss         | 4.66        |
|    explained_variance   | 0.997       |
|    learning_rate        | 0.000149    |
|    loss                 | -0.0178     |
|    n_updates            | 1970        |
|    policy_gradient_loss | 0.00496     |
|    std                  | 0.0101      |
|    value_loss           | 0.000558    |
-----------------------------------------
-----------------------------------------
| rollout/                |             |
|    ep_len_mean          | 50          |
|    ep_rew_mean          | -3.79       |
| time/                   |             |
|    fps                  | 1467        |
|    iterations           | 199         |
|    time_elapsed         | 277         |
|    total_timesteps      | 407552      |
| train/                  |             |
|    approx_kl            | 0.032761272 |
|    clip_fraction        | 0.497       |
|    clip_range           | 0.119       |
|    entropy_loss         | 4.66        |
|    explained_variance   | 0.997       |
|    learning_rate        | 0.000149    |
|    loss                 | -0.00876    |
|    n_updates            | 1980        |
|    policy_gradient_loss | 0.00234     |
|    std                  | 0.01        |
|    value_loss           | 0.000694    |
-----------------------------------------
-----------------------------------------
| rollout/                |             |
|    ep_len_mean          | 50          |
|    ep_rew_mean          | -3.95       |
| time/                   |             |
|    fps                  | 1467        |
|    iterations           | 200         |
|    time_elapsed         | 279         |
|    total_timesteps      | 409600      |
| train/                  |             |
|    approx_kl            | 0.055337846 |
|    clip_fraction        | 0.547       |
|    clip_range           | 0.118       |
|    entropy_loss         | 4.7         |
|    explained_variance   | 0.991       |
|    learning_rate        | 0.000148    |
|    loss                 | 0.0164      |
|    n_updates            | 1990        |
|    policy_gradient_loss | 0.00206     |
|    std                  | 0.01        |
|    value_loss           | 0.00163     |
-----------------------------------------
----------------------------------------
| rollout/                |            |
|    ep_len_mean          | 50         |
|    ep_rew_mean          | -4.09      |
| time/                   |            |
|    fps                  | 1463       |
|    iterations           | 201        |
|    time_elapsed         | 281        |
|    total_timesteps      | 411648     |
| train/                  |            |
|    approx_kl            | 0.05372955 |
|    clip_fraction        | 0.556      |
|    clip_range           | 0.118      |
|    entropy_loss         | 4.68       |
|    explained_variance   | 0.992      |
|    learning_rate        | 0.000148   |
|    loss                 | -0.0115    |
|    n_updates            | 2000       |
|    policy_gradient_loss | -0.000799  |
|    std                  | 0.00995    |
|    value_loss           | 0.00452    |
----------------------------------------
-----------------------------------------
| rollout/                |             |
|    ep_len_mean          | 50          |
|    ep_rew_mean          | -4.34       |
| time/                   |             |
|    fps                  | 1473        |
|    iterations           | 202         |
|    time_elapsed         | 280         |
|    total_timesteps      | 413696      |
| train/                  |             |
|    approx_kl            | 0.048331372 |
|    clip_fraction        | 0.587       |
|    clip_range           | 0.118       |
|    entropy_loss         | 4.71        |
|    explained_variance   | 0.987       |
|    learning_rate        | 0.000147    |
|    loss                 | -0.0166     |
|    n_updates            | 2010        |
|    policy_gradient_loss | 0.01        |
|    std                  | 0.00988     |
|    value_loss           | 0.00184     |
-----------------------------------------
----------------------------------------
| rollout/                |            |
|    ep_len_mean          | 50         |
|    ep_rew_mean          | -4.38      |
| time/                   |            |
|    fps                  | 1473       |
|    iterations           | 203        |
|    time_elapsed         | 282        |
|    total_timesteps      | 415744     |
| train/                  |            |
|    approx_kl            | 0.05021604 |
|    clip_fraction        | 0.569      |
|    clip_range           | 0.117      |
|    entropy_loss         | 4.65       |
|    explained_variance   | 0.987      |
|    learning_rate        | 0.000147   |
|    loss                 | -0.0133    |
|    n_updates            | 2020       |
|    policy_gradient_loss | 0.00529    |
|    std                  | 0.00988    |
|    value_loss           | 0.00432    |
----------------------------------------
-----------------------------------------
| rollout/                |             |
|    ep_len_mean          | 50          |
|    ep_rew_mean          | -4.08       |
| time/                   |             |
|    fps                  | 1474        |
|    iterations           | 204         |
|    time_elapsed         | 283         |
|    total_timesteps      | 417792      |
| train/                  |             |
|    approx_kl            | 0.058493387 |
|    clip_fraction        | 0.564       |
|    clip_range           | 0.117       |
|    entropy_loss         | 4.67        |
|    explained_variance   | 0.987       |
|    learning_rate        | 0.000146    |
|    loss                 | 0.103       |
|    n_updates            | 2030        |
|    policy_gradient_loss | 0.00888     |
|    std                  | 0.00987     |
|    value_loss           | 0.00279     |
-----------------------------------------
----------------------------------------
| rollout/                |            |
|    ep_len_mean          | 50         |
|    ep_rew_mean          | -4.07      |
| time/                   |            |
|    fps                  | 1474       |
|    iterations           | 205        |
|    time_elapsed         | 284        |
|    total_timesteps      | 419840     |
| train/                  |            |
|    approx_kl            | 0.05483465 |
|    clip_fraction        | 0.561      |
|    clip_range           | 0.116      |
|    entropy_loss         | 4.73       |
|    explained_variance   | 0.991      |
|    learning_rate        | 0.000146   |
|    loss                 | -0.0102    |
|    n_updates            | 2040       |
|    policy_gradient_loss | 0.0173     |
|    std                  | 0.00988    |
|    value_loss           | 0.00166    |
----------------------------------------
-----------------------------------------
| rollout/                |             |
|    ep_len_mean          | 50          |
|    ep_rew_mean          | -4.09       |
| time/                   |             |
|    fps                  | 1471        |
|    iterations           | 206         |
|    time_elapsed         | 286         |
|    total_timesteps      | 421888      |
| train/                  |             |
|    approx_kl            | 0.054864082 |
|    clip_fraction        | 0.583       |
|    clip_range           | 0.116       |
|    entropy_loss         | 4.7         |
|    explained_variance   | 0.995       |
|    learning_rate        | 0.000145    |
|    loss                 | 0.00236     |
|    n_updates            | 2050        |
|    policy_gradient_loss | -0.0033     |
|    std                  | 0.00983     |
|    value_loss           | 0.00095     |
-----------------------------------------
----------------------------------------
| rollout/                |            |
|    ep_len_mean          | 50         |
|    ep_rew_mean          | -4.12      |
| time/                   |            |
|    fps                  | 1471       |
|    iterations           | 207        |
|    time_elapsed         | 288        |
|    total_timesteps      | 423936     |
| train/                  |            |
|    approx_kl            | 0.05637239 |
|    clip_fraction        | 0.578      |
|    clip_range           | 0.116      |
|    entropy_loss         | 4.75       |
|    explained_variance   | 0.993      |
|    learning_rate        | 0.000145   |
|    loss                 | -0.00559   |
|    n_updates            | 2060       |
|    policy_gradient_loss | 0.00752    |
|    std                  | 0.00988    |
|    value_loss           | 0.0018     |
----------------------------------------
----------------------------------------
| rollout/                |            |
|    ep_len_mean          | 50         |
|    ep_rew_mean          | -4.23      |
| time/                   |            |
|    fps                  | 1472       |
|    iterations           | 208        |
|    time_elapsed         | 289        |
|    total_timesteps      | 425984     |
| train/                  |            |
|    approx_kl            | 0.07448852 |
|    clip_fraction        | 0.595      |
|    clip_range           | 0.115      |
|    entropy_loss         | 4.74       |
|    explained_variance   | 0.993      |
|    learning_rate        | 0.000144   |
|    loss                 | -0.0297    |
|    n_updates            | 2070       |
|    policy_gradient_loss | 0.00319    |
|    std                  | 0.00986    |
|    value_loss           | 0.00163    |
----------------------------------------
----------------------------------------
| rollout/                |            |
|    ep_len_mean          | 50         |
|    ep_rew_mean          | -4.26      |
| time/                   |            |
|    fps                  | 1472       |
|    iterations           | 209        |
|    time_elapsed         | 290        |
|    total_timesteps      | 428032     |
| train/                  |            |
|    approx_kl            | 0.06207852 |
|    clip_fraction        | 0.576      |
|    clip_range           | 0.115      |
|    entropy_loss         | 4.72       |
|    explained_variance   | 0.988      |
|    learning_rate        | 0.000144   |
|    loss                 | -0.0283    |
|    n_updates            | 2080       |
|    policy_gradient_loss | 0.00309    |
|    std                  | 0.00977    |
|    value_loss           | 0.00168    |
----------------------------------------
----------------------------------------
| rollout/                |            |
|    ep_len_mean          | 50         |
|    ep_rew_mean          | -3.91      |
| time/                   |            |
|    fps                  | 1469       |
|    iterations           | 210        |
|    time_elapsed         | 292        |
|    total_timesteps      | 430080     |
| train/                  |            |
|    approx_kl            | 0.19580828 |
|    clip_fraction        | 0.661      |
|    clip_range           | 0.114      |
|    entropy_loss         | 4.75       |
|    explained_variance   | 0.992      |
|    learning_rate        | 0.000143   |
|    loss                 | 0.047      |
|    n_updates            | 2090       |
|    policy_gradient_loss | 0.00958    |
|    std                  | 0.00975    |
|    value_loss           | 0.00114    |
----------------------------------------
----------------------------------------
| rollout/                |            |
|    ep_len_mean          | 50         |
|    ep_rew_mean          | -3.64      |
| time/                   |            |
|    fps                  | 1469       |
|    iterations           | 211        |
|    time_elapsed         | 293        |
|    total_timesteps      | 432128     |
| train/                  |            |
|    approx_kl            | 0.05331522 |
|    clip_fraction        | 0.517      |
|    clip_range           | 0.114      |
|    entropy_loss         | 4.78       |
|    explained_variance   | 0.995      |
|    learning_rate        | 0.000142   |
|    loss                 | -0.0149    |
|    n_updates            | 2100       |
|    policy_gradient_loss | 0.00525    |
|    std                  | 0.00971    |
|    value_loss           | 0.000774   |
----------------------------------------
-----------------------------------------
| rollout/                |             |
|    ep_len_mean          | 50          |
|    ep_rew_mean          | -3.55       |
| time/                   |             |
|    fps                  | 1470        |
|    iterations           | 212         |
|    time_elapsed         | 295         |
|    total_timesteps      | 434176      |
| train/                  |             |
|    approx_kl            | 0.033914976 |
|    clip_fraction        | 0.519       |
|    clip_range           | 0.114       |
|    entropy_loss         | 4.75        |
|    explained_variance   | 0.996       |
|    learning_rate        | 0.000142    |
|    loss                 | -0.0163     |
|    n_updates            | 2110        |
|    policy_gradient_loss | -0.00156    |
|    std                  | 0.00967     |
|    value_loss           | 0.000581    |
-----------------------------------------
-----------------------------------------
| rollout/                |             |
|    ep_len_mean          | 50          |
|    ep_rew_mean          | -3.95       |
| time/                   |             |
|    fps                  | 1471        |
|    iterations           | 213         |
|    time_elapsed         | 296         |
|    total_timesteps      | 436224      |
| train/                  |             |
|    approx_kl            | 0.053414468 |
|    clip_fraction        | 0.597       |
|    clip_range           | 0.113       |
|    entropy_loss         | 4.75        |
|    explained_variance   | 0.996       |
|    learning_rate        | 0.000141    |
|    loss                 | -0.0161     |
|    n_updates            | 2120        |
|    policy_gradient_loss | 0.00654     |
|    std                  | 0.00968     |
|    value_loss           | 0.000618    |
-----------------------------------------
----------------------------------------
| rollout/                |            |
|    ep_len_mean          | 50         |
|    ep_rew_mean          | -4.18      |
| time/                   |            |
|    fps                  | 1471       |
|    iterations           | 214        |
|    time_elapsed         | 297        |
|    total_timesteps      | 438272     |
| train/                  |            |
|    approx_kl            | 0.04667961 |
|    clip_fraction        | 0.553      |
|    clip_range           | 0.113      |
|    entropy_loss         | 4.77       |
|    explained_variance   | 0.996      |
|    learning_rate        | 0.000141   |
|    loss                 | 0.00833    |
|    n_updates            | 2130       |
|    policy_gradient_loss | 0.0141     |
|    std                  | 0.00969    |
|    value_loss           | 0.00122    |
----------------------------------------
----------------------------------------
| rollout/                |            |
|    ep_len_mean          | 50         |
|    ep_rew_mean          | -4.7       |
| time/                   |            |
|    fps                  | 1469       |
|    iterations           | 215        |
|    time_elapsed         | 299        |
|    total_timesteps      | 440320     |
| train/                  |            |
|    approx_kl            | 0.06506788 |
|    clip_fraction        | 0.586      |
|    clip_range           | 0.112      |
|    entropy_loss         | 4.74       |
|    explained_variance   | 0.995      |
|    learning_rate        | 0.00014    |
|    loss                 | 0.00292    |
|    n_updates            | 2140       |
|    policy_gradient_loss | 0.00179    |
|    std                  | 0.00969    |
|    value_loss           | 0.00163    |
----------------------------------------
----------------------------------------
| rollout/                |            |
|    ep_len_mean          | 50         |
|    ep_rew_mean          | -4.84      |
| time/                   |            |
|    fps                  | 1469       |
|    iterations           | 216        |
|    time_elapsed         | 301        |
|    total_timesteps      | 442368     |
| train/                  |            |
|    approx_kl            | 0.04290244 |
|    clip_fraction        | 0.563      |
|    clip_range           | 0.112      |
|    entropy_loss         | 4.7        |
|    explained_variance   | 0.989      |
|    learning_rate        | 0.00014    |
|    loss                 | -0.0174    |
|    n_updates            | 2150       |
|    policy_gradient_loss | -0.00137   |
|    std                  | 0.0097     |
|    value_loss           | 0.00671    |
----------------------------------------
-----------------------------------------
| rollout/                |             |
|    ep_len_mean          | 50          |
|    ep_rew_mean          | -3.99       |
| time/                   |             |
|    fps                  | 1469        |
|    iterations           | 217         |
|    time_elapsed         | 302         |
|    total_timesteps      | 444416      |
| train/                  |             |
|    approx_kl            | 0.042693615 |
|    clip_fraction        | 0.564       |
|    clip_range           | 0.112       |
|    entropy_loss         | 4.74        |
|    explained_variance   | 0.994       |
|    learning_rate        | 0.000139    |
|    loss                 | 0.0282      |
|    n_updates            | 2160        |
|    policy_gradient_loss | 0.00257     |
|    std                  | 0.00963     |
|    value_loss           | 0.00151     |
-----------------------------------------
----------------------------------------
| rollout/                |            |
|    ep_len_mean          | 50         |
|    ep_rew_mean          | -3.99      |
| time/                   |            |
|    fps                  | 1469       |
|    iterations           | 218        |
|    time_elapsed         | 303        |
|    total_timesteps      | 446464     |
| train/                  |            |
|    approx_kl            | 0.04001289 |
|    clip_fraction        | 0.552      |
|    clip_range           | 0.111      |
|    entropy_loss         | 4.83       |
|    explained_variance   | 0.994      |
|    learning_rate        | 0.000139   |
|    loss                 | -0.0105    |
|    n_updates            | 2170       |
|    policy_gradient_loss | -0.00372   |
|    std                  | 0.00959    |
|    value_loss           | 0.00102    |
----------------------------------------
-----------------------------------------
| rollout/                |             |
|    ep_len_mean          | 50          |
|    ep_rew_mean          | -4.13       |
| time/                   |             |
|    fps                  | 1470        |
|    iterations           | 219         |
|    time_elapsed         | 305         |
|    total_timesteps      | 448512      |
| train/                  |             |
|    approx_kl            | 0.065660834 |
|    clip_fraction        | 0.566       |
|    clip_range           | 0.111       |
|    entropy_loss         | 4.79        |
|    explained_variance   | 0.981       |
|    learning_rate        | 0.000138    |
|    loss                 | -0.00742    |
|    n_updates            | 2180        |
|    policy_gradient_loss | 0.00291     |
|    std                  | 0.00954     |
|    value_loss           | 0.00659     |
-----------------------------------------
-----------------------------------------
| rollout/                |             |
|    ep_len_mean          | 50          |
|    ep_rew_mean          | -4.22       |
| time/                   |             |
|    fps                  | 1467        |
|    iterations           | 220         |
|    time_elapsed         | 306         |
|    total_timesteps      | 450560      |
| train/                  |             |
|    approx_kl            | 0.038284533 |
|    clip_fraction        | 0.57        |
|    clip_range           | 0.11        |
|    entropy_loss         | 4.83        |
|    explained_variance   | 0.991       |
|    learning_rate        | 0.000138    |
|    loss                 | 0.00704     |
|    n_updates            | 2190        |
|    policy_gradient_loss | 0.0043      |
|    std                  | 0.00949     |
|    value_loss           | 0.00175     |
-----------------------------------------
---------------------------------------
| rollout/                |           |
|    ep_len_mean          | 50        |
|    ep_rew_mean          | -3.98     |
| time/                   |           |
|    fps                  | 1468      |
|    iterations           | 221       |
|    time_elapsed         | 308       |
|    total_timesteps      | 452608    |
| train/                  |           |
|    approx_kl            | 0.1254606 |
|    clip_fraction        | 0.629     |
|    clip_range           | 0.11      |
|    entropy_loss         | 4.82      |
|    explained_variance   | 0.99      |
|    learning_rate        | 0.000137  |
|    loss                 | 0.0313    |
|    n_updates            | 2200      |
|    policy_gradient_loss | 0.00644   |
|    std                  | 0.00949   |
|    value_loss           | 0.00184   |
---------------------------------------
-----------------------------------------
| rollout/                |             |
|    ep_len_mean          | 50          |
|    ep_rew_mean          | -4.02       |
| time/                   |             |
|    fps                  | 1468        |
|    iterations           | 222         |
|    time_elapsed         | 309         |
|    total_timesteps      | 454656      |
| train/                  |             |
|    approx_kl            | 0.035153802 |
|    clip_fraction        | 0.536       |
|    clip_range           | 0.109       |
|    entropy_loss         | 4.83        |
|    explained_variance   | 0.992       |
|    learning_rate        | 0.000137    |
|    loss                 | -0.0214     |
|    n_updates            | 2210        |
|    policy_gradient_loss | 0.00104     |
|    std                  | 0.00948     |
|    value_loss           | 0.00342     |
-----------------------------------------
-----------------------------------------
| rollout/                |             |
|    ep_len_mean          | 50          |
|    ep_rew_mean          | -4.11       |
| time/                   |             |
|    fps                  | 1469        |
|    iterations           | 223         |
|    time_elapsed         | 310         |
|    total_timesteps      | 456704      |
| train/                  |             |
|    approx_kl            | 0.036685932 |
|    clip_fraction        | 0.541       |
|    clip_range           | 0.109       |
|    entropy_loss         | 4.81        |
|    explained_variance   | 0.994       |
|    learning_rate        | 0.000136    |
|    loss                 | 0.0391      |
|    n_updates            | 2220        |
|    policy_gradient_loss | 0.00745     |
|    std                  | 0.00949     |
|    value_loss           | 0.00165     |
-----------------------------------------
----------------------------------------
| rollout/                |            |
|    ep_len_mean          | 50         |
|    ep_rew_mean          | -3.94      |
| time/                   |            |
|    fps                  | 1477       |
|    iterations           | 224        |
|    time_elapsed         | 310        |
|    total_timesteps      | 458752     |
| train/                  |            |
|    approx_kl            | 0.05889765 |
|    clip_fraction        | 0.582      |
|    clip_range           | 0.109      |
|    entropy_loss         | 4.81       |
|    explained_variance   | 0.993      |
|    learning_rate        | 0.000136   |
|    loss                 | -0.00925   |
|    n_updates            | 2230       |
|    policy_gradient_loss | 0.00228    |
|    std                  | 0.0095     |
|    value_loss           | 0.00281    |
----------------------------------------
-----------------------------------------
| rollout/                |             |
|    ep_len_mean          | 50          |
|    ep_rew_mean          | -4.06       |
| time/                   |             |
|    fps                  | 1474        |
|    iterations           | 225         |
|    time_elapsed         | 312         |
|    total_timesteps      | 460800      |
| train/                  |             |
|    approx_kl            | 0.041828368 |
|    clip_fraction        | 0.526       |
|    clip_range           | 0.108       |
|    entropy_loss         | 4.84        |
|    explained_variance   | 0.997       |
|    learning_rate        | 0.000135    |
|    loss                 | -0.015      |
|    n_updates            | 2240        |
|    policy_gradient_loss | 0.00252     |
|    std                  | 0.00951     |
|    value_loss           | 0.00108     |
-----------------------------------------
----------------------------------------
| rollout/                |            |
|    ep_len_mean          | 50         |
|    ep_rew_mean          | -4.23      |
| time/                   |            |
|    fps                  | 1474       |
|    iterations           | 226        |
|    time_elapsed         | 313        |
|    total_timesteps      | 462848     |
| train/                  |            |
|    approx_kl            | 0.07856357 |
|    clip_fraction        | 0.617      |
|    clip_range           | 0.108      |
|    entropy_loss         | 4.79       |
|    explained_variance   | 0.995      |
|    learning_rate        | 0.000135   |
|    loss                 | -0.0298    |
|    n_updates            | 2250       |
|    policy_gradient_loss | -0.00238   |
|    std                  | 0.0095     |
|    value_loss           | 0.00153    |
----------------------------------------
-----------------------------------------
| rollout/                |             |
|    ep_len_mean          | 50          |
|    ep_rew_mean          | -4          |
| time/                   |             |
|    fps                  | 1475        |
|    iterations           | 227         |
|    time_elapsed         | 315         |
|    total_timesteps      | 464896      |
| train/                  |             |
|    approx_kl            | 0.047873028 |
|    clip_fraction        | 0.604       |
|    clip_range           | 0.107       |
|    entropy_loss         | 4.74        |
|    explained_variance   | 0.993       |
|    learning_rate        | 0.000134    |
|    loss                 | -0.00132    |
|    n_updates            | 2260        |
|    policy_gradient_loss | 0.00699     |
|    std                  | 0.00954     |
|    value_loss           | 0.00112     |
-----------------------------------------
-----------------------------------------
| rollout/                |             |
|    ep_len_mean          | 50          |
|    ep_rew_mean          | -4.16       |
| time/                   |             |
|    fps                  | 1475        |
|    iterations           | 228         |
|    time_elapsed         | 316         |
|    total_timesteps      | 466944      |
| train/                  |             |
|    approx_kl            | 0.034798753 |
|    clip_fraction        | 0.492       |
|    clip_range           | 0.107       |
|    entropy_loss         | 4.76        |
|    explained_variance   | 0.98        |
|    learning_rate        | 0.000134    |
|    loss                 | -0.0177     |
|    n_updates            | 2270        |
|    policy_gradient_loss | -0.00475    |
|    std                  | 0.0095      |
|    value_loss           | 0.00157     |
-----------------------------------------
----------------------------------------
| rollout/                |            |
|    ep_len_mean          | 50         |
|    ep_rew_mean          | -4.19      |
| time/                   |            |
|    fps                  | 1476       |
|    iterations           | 229        |
|    time_elapsed         | 317        |
|    total_timesteps      | 468992     |
| train/                  |            |
|    approx_kl            | 0.04212037 |
|    clip_fraction        | 0.56       |
|    clip_range           | 0.107      |
|    entropy_loss         | 4.74       |
|    explained_variance   | 0.996      |
|    learning_rate        | 0.000133   |
|    loss                 | -0.00136   |
|    n_updates            | 2280       |
|    policy_gradient_loss | 0.00349    |
|    std                  | 0.00951    |
|    value_loss           | 0.00146    |
----------------------------------------
-----------------------------------------
| rollout/                |             |
|    ep_len_mean          | 50          |
|    ep_rew_mean          | -3.98       |
| time/                   |             |
|    fps                  | 1474        |
|    iterations           | 230         |
|    time_elapsed         | 319         |
|    total_timesteps      | 471040      |
| train/                  |             |
|    approx_kl            | 0.030129503 |
|    clip_fraction        | 0.527       |
|    clip_range           | 0.106       |
|    entropy_loss         | 4.81        |
|    explained_variance   | 0.996       |
|    learning_rate        | 0.000133    |
|    loss                 | 0.016       |
|    n_updates            | 2290        |
|    policy_gradient_loss | -0.000597   |
|    std                  | 0.00944     |
|    value_loss           | 0.00109     |
-----------------------------------------
-----------------------------------------
| rollout/                |             |
|    ep_len_mean          | 50          |
|    ep_rew_mean          | -3.76       |
| time/                   |             |
|    fps                  | 1474        |
|    iterations           | 231         |
|    time_elapsed         | 320         |
|    total_timesteps      | 473088      |
| train/                  |             |
|    approx_kl            | 0.042690188 |
|    clip_fraction        | 0.601       |
|    clip_range           | 0.106       |
|    entropy_loss         | 4.82        |
|    explained_variance   | 0.972       |
|    learning_rate        | 0.000132    |
|    loss                 | -0.00748    |
|    n_updates            | 2300        |
|    policy_gradient_loss | -0.00074    |
|    std                  | 0.00946     |
|    value_loss           | 0.00162     |
-----------------------------------------
-----------------------------------------
| rollout/                |             |
|    ep_len_mean          | 50          |
|    ep_rew_mean          | -3.57       |
| time/                   |             |
|    fps                  | 1475        |
|    iterations           | 232         |
|    time_elapsed         | 322         |
|    total_timesteps      | 475136      |
| train/                  |             |
|    approx_kl            | 0.049034916 |
|    clip_fraction        | 0.526       |
|    clip_range           | 0.105       |
|    entropy_loss         | 4.84        |
|    explained_variance   | 0.994       |
|    learning_rate        | 0.000132    |
|    loss                 | -0.0155     |
|    n_updates            | 2310        |
|    policy_gradient_loss | 0.00151     |
|    std                  | 0.00943     |
|    value_loss           | 0.000954    |
-----------------------------------------
-----------------------------------------
| rollout/                |             |
|    ep_len_mean          | 50          |
|    ep_rew_mean          | -4.02       |
| time/                   |             |
|    fps                  | 1475        |
|    iterations           | 233         |
|    time_elapsed         | 323         |
|    total_timesteps      | 477184      |
| train/                  |             |
|    approx_kl            | 0.050409384 |
|    clip_fraction        | 0.609       |
|    clip_range           | 0.105       |
|    entropy_loss         | 4.85        |
|    explained_variance   | 0.993       |
|    learning_rate        | 0.000131    |
|    loss                 | -0.0107     |
|    n_updates            | 2320        |
|    policy_gradient_loss | -0.00383    |
|    std                  | 0.00939     |
|    value_loss           | 0.00134     |
-----------------------------------------
-----------------------------------------
| rollout/                |             |
|    ep_len_mean          | 50          |
|    ep_rew_mean          | -4.35       |
| time/                   |             |
|    fps                  | 1474        |
|    iterations           | 234         |
|    time_elapsed         | 324         |
|    total_timesteps      | 479232      |
| train/                  |             |
|    approx_kl            | 0.040766582 |
|    clip_fraction        | 0.592       |
|    clip_range           | 0.105       |
|    entropy_loss         | 4.8         |
|    explained_variance   | 0.993       |
|    learning_rate        | 0.000131    |
|    loss                 | -0.0172     |
|    n_updates            | 2330        |
|    policy_gradient_loss | 0.0117      |
|    std                  | 0.00935     |
|    value_loss           | 0.00232     |
-----------------------------------------
---------------------------------------
| rollout/                |           |
|    ep_len_mean          | 50        |
|    ep_rew_mean          | -4.12     |
| time/                   |           |
|    fps                  | 1472      |
|    iterations           | 235       |
|    time_elapsed         | 326       |
|    total_timesteps      | 481280    |
| train/                  |           |
|    approx_kl            | 0.0585676 |
|    clip_fraction        | 0.586     |
|    clip_range           | 0.104     |
|    entropy_loss         | 4.85      |
|    explained_variance   | 0.996     |
|    learning_rate        | 0.00013   |
|    loss                 | 0.044     |
|    n_updates            | 2340      |
|    policy_gradient_loss | 0.00971   |
|    std                  | 0.00935   |
|    value_loss           | 0.00138   |
---------------------------------------
----------------------------------------
| rollout/                |            |
|    ep_len_mean          | 50         |
|    ep_rew_mean          | -3.86      |
| time/                   |            |
|    fps                  | 1472       |
|    iterations           | 236        |
|    time_elapsed         | 328        |
|    total_timesteps      | 483328     |
| train/                  |            |
|    approx_kl            | 0.04381748 |
|    clip_fraction        | 0.55       |
|    clip_range           | 0.104      |
|    entropy_loss         | 4.87       |
|    explained_variance   | 0.996      |
|    learning_rate        | 0.00013    |
|    loss                 | -0.0143    |
|    n_updates            | 2350       |
|    policy_gradient_loss | 0.000372   |
|    std                  | 0.00934    |
|    value_loss           | 0.000463   |
----------------------------------------
-----------------------------------------
| rollout/                |             |
|    ep_len_mean          | 50          |
|    ep_rew_mean          | -3.78       |
| time/                   |             |
|    fps                  | 1473        |
|    iterations           | 237         |
|    time_elapsed         | 329         |
|    total_timesteps      | 485376      |
| train/                  |             |
|    approx_kl            | 0.050719727 |
|    clip_fraction        | 0.582       |
|    clip_range           | 0.103       |
|    entropy_loss         | 4.9         |
|    explained_variance   | 0.989       |
|    learning_rate        | 0.000129    |
|    loss                 | 0.0191      |
|    n_updates            | 2360        |
|    policy_gradient_loss | 0.0112      |
|    std                  | 0.0093      |
|    value_loss           | 0.00215     |
-----------------------------------------
----------------------------------------
| rollout/                |            |
|    ep_len_mean          | 50         |
|    ep_rew_mean          | -3.76      |
| time/                   |            |
|    fps                  | 1473       |
|    iterations           | 238        |
|    time_elapsed         | 330        |
|    total_timesteps      | 487424     |
| train/                  |            |
|    approx_kl            | 0.05172176 |
|    clip_fraction        | 0.599      |
|    clip_range           | 0.103      |
|    entropy_loss         | 4.9        |
|    explained_variance   | 0.995      |
|    learning_rate        | 0.000129   |
|    loss                 | -0.0113    |
|    n_updates            | 2370       |
|    policy_gradient_loss | 0.00794    |
|    std                  | 0.00931    |
|    value_loss           | 0.00106    |
----------------------------------------
----------------------------------------
| rollout/                |            |
|    ep_len_mean          | 50         |
|    ep_rew_mean          | -3.83      |
| time/                   |            |
|    fps                  | 1474       |
|    iterations           | 239        |
|    time_elapsed         | 332        |
|    total_timesteps      | 489472     |
| train/                  |            |
|    approx_kl            | 0.03280892 |
|    clip_fraction        | 0.554      |
|    clip_range           | 0.103      |
|    entropy_loss         | 4.91       |
|    explained_variance   | 0.987      |
|    learning_rate        | 0.000128   |
|    loss                 | 0.00421    |
|    n_updates            | 2380       |
|    policy_gradient_loss | 0.00254    |
|    std                  | 0.00928    |
|    value_loss           | 0.00118    |
----------------------------------------
----------------------------------------
| rollout/                |            |
|    ep_len_mean          | 50         |
|    ep_rew_mean          | -3.9       |
| time/                   |            |
|    fps                  | 1472       |
|    iterations           | 240        |
|    time_elapsed         | 333        |
|    total_timesteps      | 491520     |
| train/                  |            |
|    approx_kl            | 0.04490524 |
|    clip_fraction        | 0.572      |
|    clip_range           | 0.102      |
|    entropy_loss         | 4.91       |
|    explained_variance   | 0.996      |
|    learning_rate        | 0.000128   |
|    loss                 | -0.0137    |
|    n_updates            | 2390       |
|    policy_gradient_loss | 0.00278    |
|    std                  | 0.00925    |
|    value_loss           | 0.000984   |
----------------------------------------
----------------------------------------
| rollout/                |            |
|    ep_len_mean          | 50         |
|    ep_rew_mean          | -3.98      |
| time/                   |            |
|    fps                  | 1472       |
|    iterations           | 241        |
|    time_elapsed         | 335        |
|    total_timesteps      | 493568     |
| train/                  |            |
|    approx_kl            | 0.04291952 |
|    clip_fraction        | 0.59       |
|    clip_range           | 0.102      |
|    entropy_loss         | 4.89       |
|    explained_variance   | 0.997      |
|    learning_rate        | 0.000127   |
|    loss                 | -0.000155  |
|    n_updates            | 2400       |
|    policy_gradient_loss | 0.00236    |
|    std                  | 0.00926    |
|    value_loss           | 0.000642   |
----------------------------------------
-----------------------------------------
| rollout/                |             |
|    ep_len_mean          | 50          |
|    ep_rew_mean          | -3.93       |
| time/                   |             |
|    fps                  | 1472        |
|    iterations           | 242         |
|    time_elapsed         | 336         |
|    total_timesteps      | 495616      |
| train/                  |             |
|    approx_kl            | 0.055117965 |
|    clip_fraction        | 0.595       |
|    clip_range           | 0.101       |
|    entropy_loss         | 4.85        |
|    explained_variance   | 0.998       |
|    learning_rate        | 0.000127    |
|    loss                 | 0.0485      |
|    n_updates            | 2410        |
|    policy_gradient_loss | 0.00113     |
|    std                  | 0.00924     |
|    value_loss           | 0.000742    |
-----------------------------------------
-----------------------------------------
| rollout/                |             |
|    ep_len_mean          | 50          |
|    ep_rew_mean          | -3.67       |
| time/                   |             |
|    fps                  | 1473        |
|    iterations           | 243         |
|    time_elapsed         | 337         |
|    total_timesteps      | 497664      |
| train/                  |             |
|    approx_kl            | 0.027220186 |
|    clip_fraction        | 0.535       |
|    clip_range           | 0.101       |
|    entropy_loss         | 4.89        |
|    explained_variance   | 0.993       |
|    learning_rate        | 0.000126    |
|    loss                 | 0.0093      |
|    n_updates            | 2420        |
|    policy_gradient_loss | 0.0014      |
|    std                  | 0.00921     |
|    value_loss           | 0.00087     |
-----------------------------------------
----------------------------------------
| rollout/                |            |
|    ep_len_mean          | 50         |
|    ep_rew_mean          | -3.79      |
| time/                   |            |
|    fps                  | 1473       |
|    iterations           | 244        |
|    time_elapsed         | 339        |
|    total_timesteps      | 499712     |
| train/                  |            |
|    approx_kl            | 0.03927318 |
|    clip_fraction        | 0.559      |
|    clip_range           | 0.1        |
|    entropy_loss         | 4.9        |
|    explained_variance   | 0.997      |
|    learning_rate        | 0.000126   |
|    loss                 | 0.012      |
|    n_updates            | 2430       |
|    policy_gradient_loss | -0.00223   |
|    std                  | 0.00917    |
|    value_loss           | 0.000872   |
----------------------------------------
----------------------------------------
| rollout/                |            |
|    ep_len_mean          | 50         |
|    ep_rew_mean          | -4.01      |
| time/                   |            |
|    fps                  | 1470       |
|    iterations           | 245        |
|    time_elapsed         | 341        |
|    total_timesteps      | 501760     |
| train/                  |            |
|    approx_kl            | 0.04238902 |
|    clip_fraction        | 0.582      |
|    clip_range           | 0.1        |
|    entropy_loss         | 4.88       |
|    explained_variance   | 0.99       |
|    learning_rate        | 0.000125   |
|    loss                 | -0.0102    |
|    n_updates            | 2440       |
|    policy_gradient_loss | 0.00598    |
|    std                  | 0.00914    |
|    value_loss           | 0.00112    |
----------------------------------------
-----------------------------------------
| rollout/                |             |
|    ep_len_mean          | 50          |
|    ep_rew_mean          | -3.98       |
| time/                   |             |
|    fps                  | 1471        |
|    iterations           | 246         |
|    time_elapsed         | 342         |
|    total_timesteps      | 503808      |
| train/                  |             |
|    approx_kl            | 0.045415282 |
|    clip_fraction        | 0.61        |
|    clip_range           | 0.0996      |
|    entropy_loss         | 4.89        |
|    explained_variance   | 0.996       |
|    learning_rate        | 0.000125    |
|    loss                 | -0.0168     |
|    n_updates            | 2450        |
|    policy_gradient_loss | 0.00164     |
|    std                  | 0.00913     |
|    value_loss           | 0.000952    |
-----------------------------------------
----------------------------------------
| rollout/                |            |
|    ep_len_mean          | 50         |
|    ep_rew_mean          | -4.05      |
| time/                   |            |
|    fps                  | 1478       |
|    iterations           | 247        |
|    time_elapsed         | 342        |
|    total_timesteps      | 505856     |
| train/                  |            |
|    approx_kl            | 0.03661471 |
|    clip_fraction        | 0.55       |
|    clip_range           | 0.0992     |
|    entropy_loss         | 4.91       |
|    explained_variance   | 0.998      |
|    learning_rate        | 0.000124   |
|    loss                 | -0.0148    |
|    n_updates            | 2460       |
|    policy_gradient_loss | 0.000983   |
|    std                  | 0.0091     |
|    value_loss           | 0.000508   |
----------------------------------------
-----------------------------------------
| rollout/                |             |
|    ep_len_mean          | 50          |
|    ep_rew_mean          | -3.88       |
| time/                   |             |
|    fps                  | 1478        |
|    iterations           | 248         |
|    time_elapsed         | 343         |
|    total_timesteps      | 507904      |
| train/                  |             |
|    approx_kl            | 0.043345593 |
|    clip_fraction        | 0.582       |
|    clip_range           | 0.0988      |
|    entropy_loss         | 4.94        |
|    explained_variance   | 0.997       |
|    learning_rate        | 0.000124    |
|    loss                 | -0.0286     |
|    n_updates            | 2470        |
|    policy_gradient_loss | 0.00182     |
|    std                  | 0.00908     |
|    value_loss           | 0.000462    |
-----------------------------------------
-----------------------------------------
| rollout/                |             |
|    ep_len_mean          | 50          |
|    ep_rew_mean          | -4.26       |
| time/                   |             |
|    fps                  | 1479        |
|    iterations           | 249         |
|    time_elapsed         | 344         |
|    total_timesteps      | 509952      |
| train/                  |             |
|    approx_kl            | 0.044188127 |
|    clip_fraction        | 0.613       |
|    clip_range           | 0.0984      |
|    entropy_loss         | 4.95        |
|    explained_variance   | 0.997       |
|    learning_rate        | 0.000123    |
|    loss                 | -0.00425    |
|    n_updates            | 2480        |
|    policy_gradient_loss | 0.00584     |
|    std                  | 0.00906     |
|    value_loss           | 0.000624    |
-----------------------------------------
-----------------------------------------
| rollout/                |             |
|    ep_len_mean          | 50          |
|    ep_rew_mean          | -4.39       |
| time/                   |             |
|    fps                  | 1477        |
|    iterations           | 250         |
|    time_elapsed         | 346         |
|    total_timesteps      | 512000      |
| train/                  |             |
|    approx_kl            | 0.046194483 |
|    clip_fraction        | 0.552       |
|    clip_range           | 0.098       |
|    entropy_loss         | 4.88        |
|    explained_variance   | 0.986       |
|    learning_rate        | 0.000123    |
|    loss                 | 0.000147    |
|    n_updates            | 2490        |
|    policy_gradient_loss | 0.000588    |
|    std                  | 0.00902     |
|    value_loss           | 0.00588     |
-----------------------------------------
-----------------------------------------
| rollout/                |             |
|    ep_len_mean          | 50          |
|    ep_rew_mean          | -4.18       |
| time/                   |             |
|    fps                  | 1477        |
|    iterations           | 251         |
|    time_elapsed         | 347         |
|    total_timesteps      | 514048      |
| train/                  |             |
|    approx_kl            | 0.031581476 |
|    clip_fraction        | 0.579       |
|    clip_range           | 0.0976      |
|    entropy_loss         | 4.96        |
|    explained_variance   | 0.994       |
|    learning_rate        | 0.000122    |
|    loss                 | -0.0274     |
|    n_updates            | 2500        |
|    policy_gradient_loss | 0.00598     |
|    std                  | 0.009       |
|    value_loss           | 0.00141     |
-----------------------------------------
----------------------------------------
| rollout/                |            |
|    ep_len_mean          | 50         |
|    ep_rew_mean          | -3.86      |
| time/                   |            |
|    fps                  | 1478       |
|    iterations           | 252        |
|    time_elapsed         | 349        |
|    total_timesteps      | 516096     |
| train/                  |            |
|    approx_kl            | 0.05737847 |
|    clip_fraction        | 0.59       |
|    clip_range           | 0.0972     |
|    entropy_loss         | 4.96       |
|    explained_variance   | 0.996      |
|    learning_rate        | 0.000121   |
|    loss                 | -0.0132    |
|    n_updates            | 2510       |
|    policy_gradient_loss | 0.00604    |
|    std                  | 0.00901    |
|    value_loss           | 0.00103    |
----------------------------------------
----------------------------------------
| rollout/                |            |
|    ep_len_mean          | 50         |
|    ep_rew_mean          | -3.83      |
| time/                   |            |
|    fps                  | 1479       |
|    iterations           | 253        |
|    time_elapsed         | 350        |
|    total_timesteps      | 518144     |
| train/                  |            |
|    approx_kl            | 0.04334681 |
|    clip_fraction        | 0.59       |
|    clip_range           | 0.0968     |
|    entropy_loss         | 4.99       |
|    explained_variance   | 0.996      |
|    learning_rate        | 0.000121   |
|    loss                 | 0.0167     |
|    n_updates            | 2520       |
|    policy_gradient_loss | 0.00892    |
|    std                  | 0.00898    |
|    value_loss           | 0.000531   |
----------------------------------------
----------------------------------------
| rollout/                |            |
|    ep_len_mean          | 50         |
|    ep_rew_mean          | -3.68      |
| time/                   |            |
|    fps                  | 1477       |
|    iterations           | 254        |
|    time_elapsed         | 352        |
|    total_timesteps      | 520192     |
| train/                  |            |
|    approx_kl            | 0.03398515 |
|    clip_fraction        | 0.573      |
|    clip_range           | 0.0964     |
|    entropy_loss         | 4.93       |
|    explained_variance   | 0.998      |
|    learning_rate        | 0.00012    |
|    loss                 | -0.0145    |
|    n_updates            | 2530       |
|    policy_gradient_loss | 0.00274    |
|    std                  | 0.00894    |
|    value_loss           | 0.000479   |
----------------------------------------
-----------------------------------------
| rollout/                |             |
|    ep_len_mean          | 50          |
|    ep_rew_mean          | -3.84       |
| time/                   |             |
|    fps                  | 1477        |
|    iterations           | 255         |
|    time_elapsed         | 353         |
|    total_timesteps      | 522240      |
| train/                  |             |
|    approx_kl            | 0.051053233 |
|    clip_fraction        | 0.625       |
|    clip_range           | 0.096       |
|    entropy_loss         | 4.99        |
|    explained_variance   | 0.989       |
|    learning_rate        | 0.00012     |
|    loss                 | -0.00252    |
|    n_updates            | 2540        |
|    policy_gradient_loss | 0.00134     |
|    std                  | 0.00894     |
|    value_loss           | 0.0014      |
-----------------------------------------
-----------------------------------------
| rollout/                |             |
|    ep_len_mean          | 50          |
|    ep_rew_mean          | -3.99       |
| time/                   |             |
|    fps                  | 1477        |
|    iterations           | 256         |
|    time_elapsed         | 354         |
|    total_timesteps      | 524288      |
| train/                  |             |
|    approx_kl            | 0.067984916 |
|    clip_fraction        | 0.565       |
|    clip_range           | 0.0956      |
|    entropy_loss         | 4.99        |
|    explained_variance   | 0.993       |
|    learning_rate        | 0.000119    |
|    loss                 | -0.00137    |
|    n_updates            | 2550        |
|    policy_gradient_loss | -0.00241    |
|    std                  | 0.00889     |
|    value_loss           | 0.00117     |
-----------------------------------------
----------------------------------------
| rollout/                |            |
|    ep_len_mean          | 50         |
|    ep_rew_mean          | -4.13      |
| time/                   |            |
|    fps                  | 1478       |
|    iterations           | 257        |
|    time_elapsed         | 356        |
|    total_timesteps      | 526336     |
| train/                  |            |
|    approx_kl            | 0.03932521 |
|    clip_fraction        | 0.593      |
|    clip_range           | 0.0951     |
|    entropy_loss         | 5.02       |
|    explained_variance   | 0.993      |
|    learning_rate        | 0.000119   |
|    loss                 | 0.00113    |
|    n_updates            | 2560       |
|    policy_gradient_loss | -0.0012    |
|    std                  | 0.00886    |
|    value_loss           | 0.000964   |
----------------------------------------
-----------------------------------------
| rollout/                |             |
|    ep_len_mean          | 50          |
|    ep_rew_mean          | -4.21       |
| time/                   |             |
|    fps                  | 1478        |
|    iterations           | 258         |
|    time_elapsed         | 357         |
|    total_timesteps      | 528384      |
| train/                  |             |
|    approx_kl            | 0.042969104 |
|    clip_fraction        | 0.552       |
|    clip_range           | 0.0947      |
|    entropy_loss         | 4.93        |
|    explained_variance   | 0.994       |
|    learning_rate        | 0.000118    |
|    loss                 | 0.023       |
|    n_updates            | 2570        |
|    policy_gradient_loss | 0.0109      |
|    std                  | 0.00888     |
|    value_loss           | 0.00182     |
-----------------------------------------
-----------------------------------------
| rollout/                |             |
|    ep_len_mean          | 50          |
|    ep_rew_mean          | -3.79       |
| time/                   |             |
|    fps                  | 1476        |
|    iterations           | 259         |
|    time_elapsed         | 359         |
|    total_timesteps      | 530432      |
| train/                  |             |
|    approx_kl            | 0.037970856 |
|    clip_fraction        | 0.563       |
|    clip_range           | 0.0943      |
|    entropy_loss         | 4.99        |
|    explained_variance   | 0.997       |
|    learning_rate        | 0.000118    |
|    loss                 | -0.00294    |
|    n_updates            | 2580        |
|    policy_gradient_loss | 0.000909    |
|    std                  | 0.00891     |
|    value_loss           | 0.000825    |
-----------------------------------------
----------------------------------------
| rollout/                |            |
|    ep_len_mean          | 50         |
|    ep_rew_mean          | -3.89      |
| time/                   |            |
|    fps                  | 1476       |
|    iterations           | 260        |
|    time_elapsed         | 360        |
|    total_timesteps      | 532480     |
| train/                  |            |
|    approx_kl            | 0.04561518 |
|    clip_fraction        | 0.558      |
|    clip_range           | 0.0939     |
|    entropy_loss         | 5.06       |
|    explained_variance   | 0.995      |
|    learning_rate        | 0.000117   |
|    loss                 | 0.00231    |
|    n_updates            | 2590       |
|    policy_gradient_loss | -0.000114  |
|    std                  | 0.00885    |
|    value_loss           | 0.000552   |
----------------------------------------
-----------------------------------------
| rollout/                |             |
|    ep_len_mean          | 50          |
|    ep_rew_mean          | -3.95       |
| time/                   |             |
|    fps                  | 1477        |
|    iterations           | 261         |
|    time_elapsed         | 361         |
|    total_timesteps      | 534528      |
| train/                  |             |
|    approx_kl            | 0.034094274 |
|    clip_fraction        | 0.614       |
|    clip_range           | 0.0935      |
|    entropy_loss         | 4.98        |
|    explained_variance   | 0.996       |
|    learning_rate        | 0.000117    |
|    loss                 | 0.0193      |
|    n_updates            | 2600        |
|    policy_gradient_loss | 0.00752     |
|    std                  | 0.00882     |
|    value_loss           | 0.000882    |
-----------------------------------------
-----------------------------------------
| rollout/                |             |
|    ep_len_mean          | 50          |
|    ep_rew_mean          | -3.94       |
| time/                   |             |
|    fps                  | 1477        |
|    iterations           | 262         |
|    time_elapsed         | 363         |
|    total_timesteps      | 536576      |
| train/                  |             |
|    approx_kl            | 0.036252856 |
|    clip_fraction        | 0.573       |
|    clip_range           | 0.0931      |
|    entropy_loss         | 4.99        |
|    explained_variance   | 0.996       |
|    learning_rate        | 0.000116    |
|    loss                 | -0.00475    |
|    n_updates            | 2610        |
|    policy_gradient_loss | 0.00587     |
|    std                  | 0.00882     |
|    value_loss           | 0.000519    |
-----------------------------------------
-----------------------------------------
| rollout/                |             |
|    ep_len_mean          | 50          |
|    ep_rew_mean          | -3.58       |
| time/                   |             |
|    fps                  | 1477        |
|    iterations           | 263         |
|    time_elapsed         | 364         |
|    total_timesteps      | 538624      |
| train/                  |             |
|    approx_kl            | 0.041683596 |
|    clip_fraction        | 0.576       |
|    clip_range           | 0.0927      |
|    entropy_loss         | 5.02        |
|    explained_variance   | 0.996       |
|    learning_rate        | 0.000116    |
|    loss                 | 0.000459    |
|    n_updates            | 2620        |
|    policy_gradient_loss | 0.00183     |
|    std                  | 0.00879     |
|    value_loss           | 0.00102     |
-----------------------------------------
----------------------------------------
| rollout/                |            |
|    ep_len_mean          | 50         |
|    ep_rew_mean          | -3.72      |
| time/                   |            |
|    fps                  | 1475       |
|    iterations           | 264        |
|    time_elapsed         | 366        |
|    total_timesteps      | 540672     |
| train/                  |            |
|    approx_kl            | 0.05917637 |
|    clip_fraction        | 0.605      |
|    clip_range           | 0.0923     |
|    entropy_loss         | 5.12       |
|    explained_variance   | 0.994      |
|    learning_rate        | 0.000115   |
|    loss                 | -0.00911   |
|    n_updates            | 2630       |
|    policy_gradient_loss | 0.00963    |
|    std                  | 0.0088     |
|    value_loss           | 0.000686   |
----------------------------------------
-----------------------------------------
| rollout/                |             |
|    ep_len_mean          | 50          |
|    ep_rew_mean          | -3.78       |
| time/                   |             |
|    fps                  | 1476        |
|    iterations           | 265         |
|    time_elapsed         | 367         |
|    total_timesteps      | 542720      |
| train/                  |             |
|    approx_kl            | 0.037084326 |
|    clip_fraction        | 0.584       |
|    clip_range           | 0.0919      |
|    entropy_loss         | 5.08        |
|    explained_variance   | 0.998       |
|    learning_rate        | 0.000115    |
|    loss                 | -0.00252    |
|    n_updates            | 2640        |
|    policy_gradient_loss | 0.00523     |
|    std                  | 0.00878     |
|    value_loss           | 0.000329    |
-----------------------------------------
----------------------------------------
| rollout/                |            |
|    ep_len_mean          | 50         |
|    ep_rew_mean          | -3.63      |
| time/                   |            |
|    fps                  | 1476       |
|    iterations           | 266        |
|    time_elapsed         | 368        |
|    total_timesteps      | 544768     |
| train/                  |            |
|    approx_kl            | 0.03782245 |
|    clip_fraction        | 0.581      |
|    clip_range           | 0.0915     |
|    entropy_loss         | 5.06       |
|    explained_variance   | 0.997      |
|    learning_rate        | 0.000114   |
|    loss                 | -0.00342   |
|    n_updates            | 2650       |
|    policy_gradient_loss | -0.00241   |
|    std                  | 0.0088     |
|    value_loss           | 0.000611   |
----------------------------------------
-----------------------------------------
| rollout/                |             |
|    ep_len_mean          | 50          |
|    ep_rew_mean          | -3.48       |
| time/                   |             |
|    fps                  | 1477        |
|    iterations           | 267         |
|    time_elapsed         | 370         |
|    total_timesteps      | 546816      |
| train/                  |             |
|    approx_kl            | 0.025623957 |
|    clip_fraction        | 0.548       |
|    clip_range           | 0.091       |
|    entropy_loss         | 5.06        |
|    explained_variance   | 0.996       |
|    learning_rate        | 0.000114    |
|    loss                 | -0.00368    |
|    n_updates            | 2660        |
|    policy_gradient_loss | 0.00878     |
|    std                  | 0.0088      |
|    value_loss           | 0.000436    |
-----------------------------------------
-----------------------------------------
| rollout/                |             |
|    ep_len_mean          | 50          |
|    ep_rew_mean          | -3.83       |
| time/                   |             |
|    fps                  | 1477        |
|    iterations           | 268         |
|    time_elapsed         | 371         |
|    total_timesteps      | 548864      |
| train/                  |             |
|    approx_kl            | 0.032606058 |
|    clip_fraction        | 0.59        |
|    clip_range           | 0.0906      |
|    entropy_loss         | 5.09        |
|    explained_variance   | 0.998       |
|    learning_rate        | 0.000113    |
|    loss                 | -0.0164     |
|    n_updates            | 2670        |
|    policy_gradient_loss | 0.000584    |
|    std                  | 0.00882     |
|    value_loss           | 0.000592    |
-----------------------------------------
-----------------------------------------
| rollout/                |             |
|    ep_len_mean          | 50          |
|    ep_rew_mean          | -3.99       |
| time/                   |             |
|    fps                  | 1475        |
|    iterations           | 269         |
|    time_elapsed         | 373         |
|    total_timesteps      | 550912      |
| train/                  |             |
|    approx_kl            | 0.027183302 |
|    clip_fraction        | 0.575       |
|    clip_range           | 0.0902      |
|    entropy_loss         | 4.96        |
|    explained_variance   | 0.993       |
|    learning_rate        | 0.000113    |
|    loss                 | -0.0182     |
|    n_updates            | 2680        |
|    policy_gradient_loss | 0.00601     |
|    std                  | 0.00885     |
|    value_loss           | 0.00135     |
-----------------------------------------
-----------------------------------------
| rollout/                |             |
|    ep_len_mean          | 50          |
|    ep_rew_mean          | -3.95       |
| time/                   |             |
|    fps                  | 1483        |
|    iterations           | 270         |
|    time_elapsed         | 372         |
|    total_timesteps      | 552960      |
| train/                  |             |
|    approx_kl            | 0.031970784 |
|    clip_fraction        | 0.614       |
|    clip_range           | 0.0898      |
|    entropy_loss         | 5           |
|    explained_variance   | 0.998       |
|    learning_rate        | 0.000112    |
|    loss                 | 0.0183      |
|    n_updates            | 2690        |
|    policy_gradient_loss | 0.00547     |
|    std                  | 0.00884     |
|    value_loss           | 0.00072     |
-----------------------------------------
-----------------------------------------
| rollout/                |             |
|    ep_len_mean          | 50          |
|    ep_rew_mean          | -3.59       |
| time/                   |             |
|    fps                  | 1483        |
|    iterations           | 271         |
|    time_elapsed         | 374         |
|    total_timesteps      | 555008      |
| train/                  |             |
|    approx_kl            | 0.027109122 |
|    clip_fraction        | 0.556       |
|    clip_range           | 0.0894      |
|    entropy_loss         | 5.08        |
|    explained_variance   | 0.993       |
|    learning_rate        | 0.000112    |
|    loss                 | 0.00947     |
|    n_updates            | 2700        |
|    policy_gradient_loss | -0.000667   |
|    std                  | 0.00884     |
|    value_loss           | 0.000817    |
-----------------------------------------
-----------------------------------------
| rollout/                |             |
|    ep_len_mean          | 50          |
|    ep_rew_mean          | -3.6        |
| time/                   |             |
|    fps                  | 1483        |
|    iterations           | 272         |
|    time_elapsed         | 375         |
|    total_timesteps      | 557056      |
| train/                  |             |
|    approx_kl            | 0.026967399 |
|    clip_fraction        | 0.559       |
|    clip_range           | 0.089       |
|    entropy_loss         | 5.12        |
|    explained_variance   | 0.994       |
|    learning_rate        | 0.000111    |
|    loss                 | 0.0123      |
|    n_updates            | 2710        |
|    policy_gradient_loss | 0.0104      |
|    std                  | 0.00884     |
|    value_loss           | 0.000636    |
-----------------------------------------
----------------------------------------
| rollout/                |            |
|    ep_len_mean          | 50         |
|    ep_rew_mean          | -4.02      |
| time/                   |            |
|    fps                  | 1483       |
|    iterations           | 273        |
|    time_elapsed         | 376        |
|    total_timesteps      | 559104     |
| train/                  |            |
|    approx_kl            | 0.02402499 |
|    clip_fraction        | 0.587      |
|    clip_range           | 0.0886     |
|    entropy_loss         | 5.03       |
|    explained_variance   | 0.998      |
|    learning_rate        | 0.000111   |
|    loss                 | 0.0152     |
|    n_updates            | 2720       |
|    policy_gradient_loss | 0.00588    |
|    std                  | 0.00885    |
|    value_loss           | 0.000625   |
----------------------------------------
-----------------------------------------
| rollout/                |             |
|    ep_len_mean          | 50          |
|    ep_rew_mean          | -4.15       |
| time/                   |             |
|    fps                  | 1481        |
|    iterations           | 274         |
|    time_elapsed         | 378         |
|    total_timesteps      | 561152      |
| train/                  |             |
|    approx_kl            | 0.030355591 |
|    clip_fraction        | 0.589       |
|    clip_range           | 0.0882      |
|    entropy_loss         | 4.95        |
|    explained_variance   | 0.996       |
|    learning_rate        | 0.00011     |
|    loss                 | -0.019      |
|    n_updates            | 2730        |
|    policy_gradient_loss | 0.00811     |
|    std                  | 0.00886     |
|    value_loss           | 0.00105     |
-----------------------------------------
-----------------------------------------
| rollout/                |             |
|    ep_len_mean          | 50          |
|    ep_rew_mean          | -4.2        |
| time/                   |             |
|    fps                  | 1482        |
|    iterations           | 275         |
|    time_elapsed         | 379         |
|    total_timesteps      | 563200      |
| train/                  |             |
|    approx_kl            | 0.025655717 |
|    clip_fraction        | 0.538       |
|    clip_range           | 0.0878      |
|    entropy_loss         | 5.05        |
|    explained_variance   | 0.994       |
|    learning_rate        | 0.00011     |
|    loss                 | 0.0159      |
|    n_updates            | 2740        |
|    policy_gradient_loss | 0.00415     |
|    std                  | 0.00883     |
|    value_loss           | 0.000795    |
-----------------------------------------
-----------------------------------------
| rollout/                |             |
|    ep_len_mean          | 50          |
|    ep_rew_mean          | -3.9        |
| time/                   |             |
|    fps                  | 1482        |
|    iterations           | 276         |
|    time_elapsed         | 381         |
|    total_timesteps      | 565248      |
| train/                  |             |
|    approx_kl            | 0.036675215 |
|    clip_fraction        | 0.579       |
|    clip_range           | 0.0874      |
|    entropy_loss         | 5.01        |
|    explained_variance   | 0.997       |
|    learning_rate        | 0.000109    |
|    loss                 | 0.00182     |
|    n_updates            | 2750        |
|    policy_gradient_loss | 0.00507     |
|    std                  | 0.00883     |
|    value_loss           | 0.00104     |
-----------------------------------------
---------------------------------------
| rollout/                |           |
|    ep_len_mean          | 50        |
|    ep_rew_mean          | -4.03     |
| time/                   |           |
|    fps                  | 1483      |
|    iterations           | 277       |
|    time_elapsed         | 382       |
|    total_timesteps      | 567296    |
| train/                  |           |
|    approx_kl            | 0.0365453 |
|    clip_fraction        | 0.58      |
|    clip_range           | 0.087     |
|    entropy_loss         | 5.03      |
|    explained_variance   | 0.994     |
|    learning_rate        | 0.000109  |
|    loss                 | -0.0195   |
|    n_updates            | 2760      |
|    policy_gradient_loss | 0.000857  |
|    std                  | 0.00883   |
|    value_loss           | 0.000691  |
---------------------------------------
-----------------------------------------
| rollout/                |             |
|    ep_len_mean          | 50          |
|    ep_rew_mean          | -3.68       |
| time/                   |             |
|    fps                  | 1482        |
|    iterations           | 278         |
|    time_elapsed         | 384         |
|    total_timesteps      | 569344      |
| train/                  |             |
|    approx_kl            | 0.023398286 |
|    clip_fraction        | 0.551       |
|    clip_range           | 0.0865      |
|    entropy_loss         | 5.03        |
|    explained_variance   | 0.996       |
|    learning_rate        | 0.000108    |
|    loss                 | -0.00948    |
|    n_updates            | 2770        |
|    policy_gradient_loss | 0.00217     |
|    std                  | 0.00881     |
|    value_loss           | 0.000674    |
-----------------------------------------
-----------------------------------------
| rollout/                |             |
|    ep_len_mean          | 50          |
|    ep_rew_mean          | -3.47       |
| time/                   |             |
|    fps                  | 1479        |
|    iterations           | 279         |
|    time_elapsed         | 386         |
|    total_timesteps      | 571392      |
| train/                  |             |
|    approx_kl            | 0.029722765 |
|    clip_fraction        | 0.573       |
|    clip_range           | 0.0861      |
|    entropy_loss         | 5.09        |
|    explained_variance   | 0.998       |
|    learning_rate        | 0.000108    |
|    loss                 | 0.00858     |
|    n_updates            | 2780        |
|    policy_gradient_loss | 0.00684     |
|    std                  | 0.00879     |
|    value_loss           | 0.000708    |
-----------------------------------------
-----------------------------------------
| rollout/                |             |
|    ep_len_mean          | 50          |
|    ep_rew_mean          | -3.47       |
| time/                   |             |
|    fps                  | 1479        |
|    iterations           | 280         |
|    time_elapsed         | 387         |
|    total_timesteps      | 573440      |
| train/                  |             |
|    approx_kl            | 0.032379895 |
|    clip_fraction        | 0.573       |
|    clip_range           | 0.0857      |
|    entropy_loss         | 5.07        |
|    explained_variance   | 0.995       |
|    learning_rate        | 0.000107    |
|    loss                 | -0.0125     |
|    n_updates            | 2790        |
|    policy_gradient_loss | 0.0123      |
|    std                  | 0.00877     |
|    value_loss           | 0.000536    |
-----------------------------------------
-----------------------------------------
| rollout/                |             |
|    ep_len_mean          | 50          |
|    ep_rew_mean          | -3.65       |
| time/                   |             |
|    fps                  | 1480        |
|    iterations           | 281         |
|    time_elapsed         | 388         |
|    total_timesteps      | 575488      |
| train/                  |             |
|    approx_kl            | 0.056034997 |
|    clip_fraction        | 0.655       |
|    clip_range           | 0.0853      |
|    entropy_loss         | 5.1         |
|    explained_variance   | 0.996       |
|    learning_rate        | 0.000107    |
|    loss                 | 0.0169      |
|    n_updates            | 2800        |
|    policy_gradient_loss | 0.0042      |
|    std                  | 0.00875     |
|    value_loss           | 0.000659    |
-----------------------------------------
-----------------------------------------
| rollout/                |             |
|    ep_len_mean          | 50          |
|    ep_rew_mean          | -3.83       |
| time/                   |             |
|    fps                  | 1480        |
|    iterations           | 282         |
|    time_elapsed         | 390         |
|    total_timesteps      | 577536      |
| train/                  |             |
|    approx_kl            | 0.031203166 |
|    clip_fraction        | 0.579       |
|    clip_range           | 0.0849      |
|    entropy_loss         | 5.11        |
|    explained_variance   | 0.995       |
|    learning_rate        | 0.000106    |
|    loss                 | -0.00884    |
|    n_updates            | 2810        |
|    policy_gradient_loss | 0.0101      |
|    std                  | 0.00877     |
|    value_loss           | 0.00168     |
-----------------------------------------
-----------------------------------------
| rollout/                |             |
|    ep_len_mean          | 50          |
|    ep_rew_mean          | -3.6        |
| time/                   |             |
|    fps                  | 1480        |
|    iterations           | 283         |
|    time_elapsed         | 391         |
|    total_timesteps      | 579584      |
| train/                  |             |
|    approx_kl            | 0.033929728 |
|    clip_fraction        | 0.617       |
|    clip_range           | 0.0845      |
|    entropy_loss         | 5.04        |
|    explained_variance   | 0.998       |
|    learning_rate        | 0.000106    |
|    loss                 | 0.0139      |
|    n_updates            | 2820        |
|    policy_gradient_loss | 0.00349     |
|    std                  | 0.00878     |
|    value_loss           | 0.000806    |
-----------------------------------------
-----------------------------------------
| rollout/                |             |
|    ep_len_mean          | 50          |
|    ep_rew_mean          | -3.62       |
| time/                   |             |
|    fps                  | 1477        |
|    iterations           | 284         |
|    time_elapsed         | 393         |
|    total_timesteps      | 581632      |
| train/                  |             |
|    approx_kl            | 0.021040495 |
|    clip_fraction        | 0.561       |
|    clip_range           | 0.0841      |
|    entropy_loss         | 5.06        |
|    explained_variance   | 0.993       |
|    learning_rate        | 0.000105    |
|    loss                 | -0.00685    |
|    n_updates            | 2830        |
|    policy_gradient_loss | 0.00515     |
|    std                  | 0.00878     |
|    value_loss           | 0.000849    |
-----------------------------------------
----------------------------------------
| rollout/                |            |
|    ep_len_mean          | 50         |
|    ep_rew_mean          | -3.88      |
| time/                   |            |
|    fps                  | 1477       |
|    iterations           | 285        |
|    time_elapsed         | 394        |
|    total_timesteps      | 583680     |
| train/                  |            |
|    approx_kl            | 0.02907797 |
|    clip_fraction        | 0.591      |
|    clip_range           | 0.0837     |
|    entropy_loss         | 5.08       |
|    explained_variance   | 0.996      |
|    learning_rate        | 0.000105   |
|    loss                 | -0.00258   |
|    n_updates            | 2840       |
|    policy_gradient_loss | 0.00477    |
|    std                  | 0.00878    |
|    value_loss           | 0.00093    |
----------------------------------------
-----------------------------------------
| rollout/                |             |
|    ep_len_mean          | 50          |
|    ep_rew_mean          | -4.15       |
| time/                   |             |
|    fps                  | 1477        |
|    iterations           | 286         |
|    time_elapsed         | 396         |
|    total_timesteps      | 585728      |
| train/                  |             |
|    approx_kl            | 0.026180912 |
|    clip_fraction        | 0.592       |
|    clip_range           | 0.0833      |
|    entropy_loss         | 5           |
|    explained_variance   | 0.997       |
|    learning_rate        | 0.000104    |
|    loss                 | 0.0199      |
|    n_updates            | 2850        |
|    policy_gradient_loss | 0.0049      |
|    std                  | 0.00879     |
|    value_loss           | 0.000852    |
-----------------------------------------
-----------------------------------------
| rollout/                |             |
|    ep_len_mean          | 50          |
|    ep_rew_mean          | -4.07       |
| time/                   |             |
|    fps                  | 1477        |
|    iterations           | 287         |
|    time_elapsed         | 397         |
|    total_timesteps      | 587776      |
| train/                  |             |
|    approx_kl            | 0.026540589 |
|    clip_fraction        | 0.557       |
|    clip_range           | 0.0829      |
|    entropy_loss         | 5           |
|    explained_variance   | 0.998       |
|    learning_rate        | 0.000104    |
|    loss                 | 0.0169      |
|    n_updates            | 2860        |
|    policy_gradient_loss | 0.00589     |
|    std                  | 0.00876     |
|    value_loss           | 0.000851    |
-----------------------------------------
-----------------------------------------
| rollout/                |             |
|    ep_len_mean          | 50          |
|    ep_rew_mean          | -4.09       |
| time/                   |             |
|    fps                  | 1477        |
|    iterations           | 288         |
|    time_elapsed         | 399         |
|    total_timesteps      | 589824      |
| train/                  |             |
|    approx_kl            | 0.029716652 |
|    clip_fraction        | 0.568       |
|    clip_range           | 0.0824      |
|    entropy_loss         | 5.08        |
|    explained_variance   | 0.998       |
|    learning_rate        | 0.000103    |
|    loss                 | -0.0203     |
|    n_updates            | 2870        |
|    policy_gradient_loss | 0.000763    |
|    std                  | 0.00878     |
|    value_loss           | 0.000392    |
-----------------------------------------
-----------------------------------------
| rollout/                |             |
|    ep_len_mean          | 50          |
|    ep_rew_mean          | -3.56       |
| time/                   |             |
|    fps                  | 1475        |
|    iterations           | 289         |
|    time_elapsed         | 401         |
|    total_timesteps      | 591872      |
| train/                  |             |
|    approx_kl            | 0.035007857 |
|    clip_fraction        | 0.594       |
|    clip_range           | 0.082       |
|    entropy_loss         | 5.02        |
|    explained_variance   | 0.996       |
|    learning_rate        | 0.000103    |
|    loss                 | -0.000554   |
|    n_updates            | 2880        |
|    policy_gradient_loss | 0.00359     |
|    std                  | 0.00878     |
|    value_loss           | 0.000851    |
-----------------------------------------
-----------------------------------------
| rollout/                |             |
|    ep_len_mean          | 50          |
|    ep_rew_mean          | -3.58       |
| time/                   |             |
|    fps                  | 1474        |
|    iterations           | 290         |
|    time_elapsed         | 402         |
|    total_timesteps      | 593920      |
| train/                  |             |
|    approx_kl            | 0.034724932 |
|    clip_fraction        | 0.584       |
|    clip_range           | 0.0816      |
|    entropy_loss         | 5.11        |
|    explained_variance   | 0.997       |
|    learning_rate        | 0.000102    |
|    loss                 | 0.0081      |
|    n_updates            | 2890        |
|    policy_gradient_loss | 0.00649     |
|    std                  | 0.0088      |
|    value_loss           | 0.000377    |
-----------------------------------------
-----------------------------------------
| rollout/                |             |
|    ep_len_mean          | 50          |
|    ep_rew_mean          | -3.83       |
| time/                   |             |
|    fps                  | 1480        |
|    iterations           | 291         |
|    time_elapsed         | 402         |
|    total_timesteps      | 595968      |
| train/                  |             |
|    approx_kl            | 0.026223196 |
|    clip_fraction        | 0.56        |
|    clip_range           | 0.0812      |
|    entropy_loss         | 5.04        |
|    explained_variance   | 0.998       |
|    learning_rate        | 0.000102    |
|    loss                 | 0.00419     |
|    n_updates            | 2900        |
|    policy_gradient_loss | 0.00474     |
|    std                  | 0.00877     |
|    value_loss           | 0.000492    |
-----------------------------------------
-----------------------------------------
| rollout/                |             |
|    ep_len_mean          | 50          |
|    ep_rew_mean          | -3.85       |
| time/                   |             |
|    fps                  | 1478        |
|    iterations           | 292         |
|    time_elapsed         | 404         |
|    total_timesteps      | 598016      |
| train/                  |             |
|    approx_kl            | 0.024064004 |
|    clip_fraction        | 0.587       |
|    clip_range           | 0.0808      |
|    entropy_loss         | 5.11        |
|    explained_variance   | 0.997       |
|    learning_rate        | 0.000101    |
|    loss                 | -0.00138    |
|    n_updates            | 2910        |
|    policy_gradient_loss | 0.011       |
|    std                  | 0.00874     |
|    value_loss           | 0.000653    |
-----------------------------------------
-----------------------------------------
| rollout/                |             |
|    ep_len_mean          | 50          |
|    ep_rew_mean          | -3.86       |
| time/                   |             |
|    fps                  | 1474        |
|    iterations           | 293         |
|    time_elapsed         | 406         |
|    total_timesteps      | 600064      |
| train/                  |             |
|    approx_kl            | 0.022491205 |
|    clip_fraction        | 0.57        |
|    clip_range           | 0.0804      |
|    entropy_loss         | 5.03        |
|    explained_variance   | 0.997       |
|    learning_rate        | 0.0001      |
|    loss                 | 0.0023      |
|    n_updates            | 2920        |
|    policy_gradient_loss | 0.0029      |
|    std                  | 0.00873     |
|    value_loss           | 0.000671    |
-----------------------------------------
-----------------------------------------
| rollout/                |             |
|    ep_len_mean          | 50          |
|    ep_rew_mean          | -4.02       |
| time/                   |             |
|    fps                  | 1473        |
|    iterations           | 294         |
|    time_elapsed         | 408         |
|    total_timesteps      | 602112      |
| train/                  |             |
|    approx_kl            | 0.034155406 |
|    clip_fraction        | 0.584       |
|    clip_range           | 0.08        |
|    entropy_loss         | 5.12        |
|    explained_variance   | 0.993       |
|    learning_rate        | 0.0001      |
|    loss                 | 0.00934     |
|    n_updates            | 2930        |
|    policy_gradient_loss | 0.00771     |
|    std                  | 0.00872     |
|    value_loss           | 0.000774    |
-----------------------------------------
----------------------------------------
| rollout/                |            |
|    ep_len_mean          | 50         |
|    ep_rew_mean          | -3.86      |
| time/                   |            |
|    fps                  | 1470       |
|    iterations           | 295        |
|    time_elapsed         | 410        |
|    total_timesteps      | 604160     |
| train/                  |            |
|    approx_kl            | 0.02590277 |
|    clip_fraction        | 0.568      |
|    clip_range           | 0.0796     |
|    entropy_loss         | 5.1        |
|    explained_variance   | 0.959      |
|    learning_rate        | 9.95e-05   |
|    loss                 | -0.0085    |
|    n_updates            | 2940       |
|    policy_gradient_loss | -0.000599  |
|    std                  | 0.00871    |
|    value_loss           | 0.00779    |
----------------------------------------
----------------------------------------
| rollout/                |            |
|    ep_len_mean          | 50         |
|    ep_rew_mean          | -3.63      |
| time/                   |            |
|    fps                  | 1467       |
|    iterations           | 296        |
|    time_elapsed         | 412        |
|    total_timesteps      | 606208     |
| train/                  |            |
|    approx_kl            | 0.02039227 |
|    clip_fraction        | 0.553      |
|    clip_range           | 0.0792     |
|    entropy_loss         | 5.11       |
|    explained_variance   | 0.993      |
|    learning_rate        | 9.9e-05    |
|    loss                 | -0.0157    |
|    n_updates            | 2950       |
|    policy_gradient_loss | 0.00197    |
|    std                  | 0.0087     |
|    value_loss           | 0.000962   |
----------------------------------------
-----------------------------------------
| rollout/                |             |
|    ep_len_mean          | 50          |
|    ep_rew_mean          | -3.88       |
| time/                   |             |
|    fps                  | 1466        |
|    iterations           | 297         |
|    time_elapsed         | 414         |
|    total_timesteps      | 608256      |
| train/                  |             |
|    approx_kl            | 0.022715265 |
|    clip_fraction        | 0.566       |
|    clip_range           | 0.0788      |
|    entropy_loss         | 5.11        |
|    explained_variance   | 0.994       |
|    learning_rate        | 9.84e-05    |
|    loss                 | 0.00929     |
|    n_updates            | 2960        |
|    policy_gradient_loss | -0.00122    |
|    std                  | 0.00872     |
|    value_loss           | 0.00102     |
-----------------------------------------
-----------------------------------------
| rollout/                |             |
|    ep_len_mean          | 50          |
|    ep_rew_mean          | -3.9        |
| time/                   |             |
|    fps                  | 1462        |
|    iterations           | 298         |
|    time_elapsed         | 417         |
|    total_timesteps      | 610304      |
| train/                  |             |
|    approx_kl            | 0.020218818 |
|    clip_fraction        | 0.586       |
|    clip_range           | 0.0783      |
|    entropy_loss         | 5.07        |
|    explained_variance   | 0.988       |
|    learning_rate        | 9.79e-05    |
|    loss                 | -0.0148     |
|    n_updates            | 2970        |
|    policy_gradient_loss | 0.00182     |
|    std                  | 0.0087      |
|    value_loss           | 0.00306     |
-----------------------------------------
-----------------------------------------
| rollout/                |             |
|    ep_len_mean          | 50          |
|    ep_rew_mean          | -3.81       |
| time/                   |             |
|    fps                  | 1460        |
|    iterations           | 299         |
|    time_elapsed         | 419         |
|    total_timesteps      | 612352      |
| train/                  |             |
|    approx_kl            | 0.024804238 |
|    clip_fraction        | 0.591       |
|    clip_range           | 0.0779      |
|    entropy_loss         | 5.12        |
|    explained_variance   | 0.992       |
|    learning_rate        | 9.74e-05    |
|    loss                 | 0.00595     |
|    n_updates            | 2980        |
|    policy_gradient_loss | 0.00194     |
|    std                  | 0.00869     |
|    value_loss           | 0.00149     |
-----------------------------------------
-----------------------------------------
| rollout/                |             |
|    ep_len_mean          | 50          |
|    ep_rew_mean          | -4.02       |
| time/                   |             |
|    fps                  | 1458        |
|    iterations           | 300         |
|    time_elapsed         | 421         |
|    total_timesteps      | 614400      |
| train/                  |             |
|    approx_kl            | 0.029895825 |
|    clip_fraction        | 0.6         |
|    clip_range           | 0.0775      |
|    entropy_loss         | 5.08        |
|    explained_variance   | 0.996       |
|    learning_rate        | 9.69e-05    |
|    loss                 | 0.0286      |
|    n_updates            | 2990        |
|    policy_gradient_loss | 0.00649     |
|    std                  | 0.00868     |
|    value_loss           | 0.000751    |
-----------------------------------------
----------------------------------------
| rollout/                |            |
|    ep_len_mean          | 50         |
|    ep_rew_mean          | -3.79      |
| time/                   |            |
|    fps                  | 1456       |
|    iterations           | 301        |
|    time_elapsed         | 423        |
|    total_timesteps      | 616448     |
| train/                  |            |
|    approx_kl            | 0.01648652 |
|    clip_fraction        | 0.548      |
|    clip_range           | 0.0771     |
|    entropy_loss         | 5.07       |
|    explained_variance   | 0.997      |
|    learning_rate        | 9.64e-05   |
|    loss                 | -0.00735   |
|    n_updates            | 3000       |
|    policy_gradient_loss | 0.002      |
|    std                  | 0.00865    |
|    value_loss           | 0.00119    |
----------------------------------------
----------------------------------------
| rollout/                |            |
|    ep_len_mean          | 50         |
|    ep_rew_mean          | -3.59      |
| time/                   |            |
|    fps                  | 1454       |
|    iterations           | 302        |
|    time_elapsed         | 425        |
|    total_timesteps      | 618496     |
| train/                  |            |
|    approx_kl            | 0.02567965 |
|    clip_fraction        | 0.585      |
|    clip_range           | 0.0767     |
|    entropy_loss         | 5.16       |
|    explained_variance   | 0.992      |
|    learning_rate        | 9.59e-05   |
|    loss                 | -0.00494   |
|    n_updates            | 3010       |
|    policy_gradient_loss | -0.0019    |
|    std                  | 0.00863    |
|    value_loss           | 0.000701   |
----------------------------------------
-----------------------------------------
| rollout/                |             |
|    ep_len_mean          | 50          |
|    ep_rew_mean          | -3.72       |
| time/                   |             |
|    fps                  | 1450        |
|    iterations           | 303         |
|    time_elapsed         | 427         |
|    total_timesteps      | 620544      |
| train/                  |             |
|    approx_kl            | 0.016647989 |
|    clip_fraction        | 0.563       |
|    clip_range           | 0.0763      |
|    entropy_loss         | 5.2         |
|    explained_variance   | 0.996       |
|    learning_rate        | 9.54e-05    |
|    loss                 | -0.00115    |
|    n_updates            | 3020        |
|    policy_gradient_loss | 0.00177     |
|    std                  | 0.00862     |
|    value_loss           | 0.000506    |
-----------------------------------------
-----------------------------------------
| rollout/                |             |
|    ep_len_mean          | 50          |
|    ep_rew_mean          | -3.8        |
| time/                   |             |
|    fps                  | 1449        |
|    iterations           | 304         |
|    time_elapsed         | 429         |
|    total_timesteps      | 622592      |
| train/                  |             |
|    approx_kl            | 0.022987574 |
|    clip_fraction        | 0.555       |
|    clip_range           | 0.0759      |
|    entropy_loss         | 5.1         |
|    explained_variance   | 0.95        |
|    learning_rate        | 9.49e-05    |
|    loss                 | -0.0108     |
|    n_updates            | 3030        |
|    policy_gradient_loss | -0.00247    |
|    std                  | 0.00858     |
|    value_loss           | 0.0139      |
-----------------------------------------
-----------------------------------------
| rollout/                |             |
|    ep_len_mean          | 50          |
|    ep_rew_mean          | -4.07       |
| time/                   |             |
|    fps                  | 1447        |
|    iterations           | 305         |
|    time_elapsed         | 431         |
|    total_timesteps      | 624640      |
| train/                  |             |
|    approx_kl            | 0.026167661 |
|    clip_fraction        | 0.581       |
|    clip_range           | 0.0755      |
|    entropy_loss         | 5.17        |
|    explained_variance   | 0.991       |
|    learning_rate        | 9.44e-05    |
|    loss                 | 0.0139      |
|    n_updates            | 3040        |
|    policy_gradient_loss | -0.00183    |
|    std                  | 0.00857     |
|    value_loss           | 0.00144     |
-----------------------------------------
-----------------------------------------
| rollout/                |             |
|    ep_len_mean          | 50          |
|    ep_rew_mean          | -3.95       |
| time/                   |             |
|    fps                  | 1446        |
|    iterations           | 306         |
|    time_elapsed         | 433         |
|    total_timesteps      | 626688      |
| train/                  |             |
|    approx_kl            | 0.021302793 |
|    clip_fraction        | 0.62        |
|    clip_range           | 0.0751      |
|    entropy_loss         | 5.13        |
|    explained_variance   | 0.986       |
|    learning_rate        | 9.38e-05    |
|    loss                 | -0.015      |
|    n_updates            | 3050        |
|    policy_gradient_loss | 0.00159     |
|    std                  | 0.0086      |
|    value_loss           | 0.00253     |
-----------------------------------------
-----------------------------------------
| rollout/                |             |
|    ep_len_mean          | 50          |
|    ep_rew_mean          | -3.72       |
| time/                   |             |
|    fps                  | 1450        |
|    iterations           | 307         |
|    time_elapsed         | 433         |
|    total_timesteps      | 628736      |
| train/                  |             |
|    approx_kl            | 0.042855926 |
|    clip_fraction        | 0.619       |
|    clip_range           | 0.0747      |
|    entropy_loss         | 5.16        |
|    explained_variance   | 0.991       |
|    learning_rate        | 9.33e-05    |
|    loss                 | -0.0026     |
|    n_updates            | 3060        |
|    policy_gradient_loss | 0.00753     |
|    std                  | 0.00859     |
|    value_loss           | 0.00186     |
-----------------------------------------
-----------------------------------------
| rollout/                |             |
|    ep_len_mean          | 50          |
|    ep_rew_mean          | -3.79       |
| time/                   |             |
|    fps                  | 1445        |
|    iterations           | 308         |
|    time_elapsed         | 436         |
|    total_timesteps      | 630784      |
| train/                  |             |
|    approx_kl            | 0.018666122 |
|    clip_fraction        | 0.559       |
|    clip_range           | 0.0743      |
|    entropy_loss         | 5.16        |
|    explained_variance   | 0.996       |
|    learning_rate        | 9.28e-05    |
|    loss                 | -0.0126     |
|    n_updates            | 3070        |
|    policy_gradient_loss | 0.00337     |
|    std                  | 0.00856     |
|    value_loss           | 0.000701    |
-----------------------------------------
-----------------------------------------
| rollout/                |             |
|    ep_len_mean          | 50          |
|    ep_rew_mean          | -4.01       |
| time/                   |             |
|    fps                  | 1444        |
|    iterations           | 309         |
|    time_elapsed         | 438         |
|    total_timesteps      | 632832      |
| train/                  |             |
|    approx_kl            | 0.017298117 |
|    clip_fraction        | 0.553       |
|    clip_range           | 0.0738      |
|    entropy_loss         | 5.09        |
|    explained_variance   | 0.997       |
|    learning_rate        | 9.23e-05    |
|    loss                 | 0.00138     |
|    n_updates            | 3080        |
|    policy_gradient_loss | 0.0029      |
|    std                  | 0.00855     |
|    value_loss           | 0.000782    |
-----------------------------------------
-----------------------------------------
| rollout/                |             |
|    ep_len_mean          | 50          |
|    ep_rew_mean          | -3.92       |
| time/                   |             |
|    fps                  | 1442        |
|    iterations           | 310         |
|    time_elapsed         | 440         |
|    total_timesteps      | 634880      |
| train/                  |             |
|    approx_kl            | 0.021712855 |
|    clip_fraction        | 0.59        |
|    clip_range           | 0.0734      |
|    entropy_loss         | 5.16        |
|    explained_variance   | 0.993       |
|    learning_rate        | 9.18e-05    |
|    loss                 | -0.0141     |
|    n_updates            | 3090        |
|    policy_gradient_loss | -0.0003     |
|    std                  | 0.00854     |
|    value_loss           | 0.00341     |
-----------------------------------------
-----------------------------------------
| rollout/                |             |
|    ep_len_mean          | 50          |
|    ep_rew_mean          | -4.19       |
| time/                   |             |
|    fps                  | 1441        |
|    iterations           | 311         |
|    time_elapsed         | 441         |
|    total_timesteps      | 636928      |
| train/                  |             |
|    approx_kl            | 0.029570779 |
|    clip_fraction        | 0.566       |
|    clip_range           | 0.073       |
|    entropy_loss         | 5.14        |
|    explained_variance   | 0.991       |
|    learning_rate        | 9.13e-05    |
|    loss                 | -0.0146     |
|    n_updates            | 3100        |
|    policy_gradient_loss | 0.00371     |
|    std                  | 0.00855     |
|    value_loss           | 0.000911    |
-----------------------------------------
-----------------------------------------
| rollout/                |             |
|    ep_len_mean          | 50          |
|    ep_rew_mean          | -3.97       |
| time/                   |             |
|    fps                  | 1439        |
|    iterations           | 312         |
|    time_elapsed         | 443         |
|    total_timesteps      | 638976      |
| train/                  |             |
|    approx_kl            | 0.018923549 |
|    clip_fraction        | 0.563       |
|    clip_range           | 0.0726      |
|    entropy_loss         | 5.13        |
|    explained_variance   | 0.992       |
|    learning_rate        | 9.08e-05    |
|    loss                 | 0.0161      |
|    n_updates            | 3110        |
|    policy_gradient_loss | 0.00453     |
|    std                  | 0.0085      |
|    value_loss           | 0.00292     |
-----------------------------------------
-----------------------------------------
| rollout/                |             |
|    ep_len_mean          | 50          |
|    ep_rew_mean          | -3.83       |
| time/                   |             |
|    fps                  | 1435        |
|    iterations           | 313         |
|    time_elapsed         | 446         |
|    total_timesteps      | 641024      |
| train/                  |             |
|    approx_kl            | 0.025190074 |
|    clip_fraction        | 0.601       |
|    clip_range           | 0.0722      |
|    entropy_loss         | 5.16        |
|    explained_variance   | 0.994       |
|    learning_rate        | 9.03e-05    |
|    loss                 | 0.0178      |
|    n_updates            | 3120        |
|    policy_gradient_loss | 0.00585     |
|    std                  | 0.00848     |
|    value_loss           | 0.00132     |
-----------------------------------------
----------------------------------------
| rollout/                |            |
|    ep_len_mean          | 50         |
|    ep_rew_mean          | -4.1       |
| time/                   |            |
|    fps                  | 1434       |
|    iterations           | 314        |
|    time_elapsed         | 448        |
|    total_timesteps      | 643072     |
| train/                  |            |
|    approx_kl            | 0.02971292 |
|    clip_fraction        | 0.588      |
|    clip_range           | 0.0718     |
|    entropy_loss         | 5.22       |
|    explained_variance   | 0.992      |
|    learning_rate        | 8.97e-05   |
|    loss                 | 0.0115     |
|    n_updates            | 3130       |
|    policy_gradient_loss | 0.00259    |
|    std                  | 0.00846    |
|    value_loss           | 0.000856   |
----------------------------------------
----------------------------------------
| rollout/                |            |
|    ep_len_mean          | 50         |
|    ep_rew_mean          | -4.25      |
| time/                   |            |
|    fps                  | 1433       |
|    iterations           | 315        |
|    time_elapsed         | 450        |
|    total_timesteps      | 645120     |
| train/                  |            |
|    approx_kl            | 0.02274878 |
|    clip_fraction        | 0.616      |
|    clip_range           | 0.0714     |
|    entropy_loss         | 5.09       |
|    explained_variance   | 0.99       |
|    learning_rate        | 8.92e-05   |
|    loss                 | -0.00435   |
|    n_updates            | 3140       |
|    policy_gradient_loss | 0.0036     |
|    std                  | 0.00846    |
|    value_loss           | 0.00918    |
----------------------------------------
-----------------------------------------
| rollout/                |             |
|    ep_len_mean          | 50          |
|    ep_rew_mean          | -4          |
| time/                   |             |
|    fps                  | 1431        |
|    iterations           | 316         |
|    time_elapsed         | 452         |
|    total_timesteps      | 647168      |
| train/                  |             |
|    approx_kl            | 0.019876333 |
|    clip_fraction        | 0.609       |
|    clip_range           | 0.071       |
|    entropy_loss         | 5.2         |
|    explained_variance   | 0.989       |
|    learning_rate        | 8.87e-05    |
|    loss                 | -0.00681    |
|    n_updates            | 3150        |
|    policy_gradient_loss | 0.00819     |
|    std                  | 0.00844     |
|    value_loss           | 0.00276     |
-----------------------------------------
-----------------------------------------
| rollout/                |             |
|    ep_len_mean          | 50          |
|    ep_rew_mean          | -4.04       |
| time/                   |             |
|    fps                  | 1430        |
|    iterations           | 317         |
|    time_elapsed         | 453         |
|    total_timesteps      | 649216      |
| train/                  |             |
|    approx_kl            | 0.018822607 |
|    clip_fraction        | 0.572       |
|    clip_range           | 0.0706      |
|    entropy_loss         | 5.16        |
|    explained_variance   | 0.988       |
|    learning_rate        | 8.82e-05    |
|    loss                 | 0.0253      |
|    n_updates            | 3160        |
|    policy_gradient_loss | 0.00197     |
|    std                  | 0.00843     |
|    value_loss           | 0.00192     |
-----------------------------------------
----------------------------------------
| rollout/                |            |
|    ep_len_mean          | 50         |
|    ep_rew_mean          | -3.84      |
| time/                   |            |
|    fps                  | 1425       |
|    iterations           | 318        |
|    time_elapsed         | 456        |
|    total_timesteps      | 651264     |
| train/                  |            |
|    approx_kl            | 0.02104615 |
|    clip_fraction        | 0.589      |
|    clip_range           | 0.0702     |
|    entropy_loss         | 5.22       |
|    explained_variance   | 0.995      |
|    learning_rate        | 8.77e-05   |
|    loss                 | 0.00718    |
|    n_updates            | 3170       |
|    policy_gradient_loss | 6.03e-05   |
|    std                  | 0.00845    |
|    value_loss           | 0.00103    |
----------------------------------------
----------------------------------------
| rollout/                |            |
|    ep_len_mean          | 50         |
|    ep_rew_mean          | -3.84      |
| time/                   |            |
|    fps                  | 1424       |
|    iterations           | 319        |
|    time_elapsed         | 458        |
|    total_timesteps      | 653312     |
| train/                  |            |
|    approx_kl            | 0.02752798 |
|    clip_fraction        | 0.62       |
|    clip_range           | 0.0697     |
|    entropy_loss         | 5.16       |
|    explained_variance   | 0.997      |
|    learning_rate        | 8.72e-05   |
|    loss                 | -0.00994   |
|    n_updates            | 3180       |
|    policy_gradient_loss | 0.00204    |
|    std                  | 0.00843    |
|    value_loss           | 0.000712   |
----------------------------------------
-----------------------------------------
| rollout/                |             |
|    ep_len_mean          | 50          |
|    ep_rew_mean          | -3.84       |
| time/                   |             |
|    fps                  | 1423        |
|    iterations           | 320         |
|    time_elapsed         | 460         |
|    total_timesteps      | 655360      |
| train/                  |             |
|    approx_kl            | 0.019010574 |
|    clip_fraction        | 0.577       |
|    clip_range           | 0.0693      |
|    entropy_loss         | 5.14        |
|    explained_variance   | 0.993       |
|    learning_rate        | 8.67e-05    |
|    loss                 | -0.0015     |
|    n_updates            | 3190        |
|    policy_gradient_loss | 0.00286     |
|    std                  | 0.00843     |
|    value_loss           | 0.00228     |
-----------------------------------------
-----------------------------------------
| rollout/                |             |
|    ep_len_mean          | 50          |
|    ep_rew_mean          | -3.88       |
| time/                   |             |
|    fps                  | 1421        |
|    iterations           | 321         |
|    time_elapsed         | 462         |
|    total_timesteps      | 657408      |
| train/                  |             |
|    approx_kl            | 0.024642717 |
|    clip_fraction        | 0.576       |
|    clip_range           | 0.0689      |
|    entropy_loss         | 5.16        |
|    explained_variance   | 0.984       |
|    learning_rate        | 8.62e-05    |
|    loss                 | 0.00378     |
|    n_updates            | 3200        |
|    policy_gradient_loss | -0.000492   |
|    std                  | 0.00843     |
|    value_loss           | 0.00183     |
-----------------------------------------
-----------------------------------------
| rollout/                |             |
|    ep_len_mean          | 50          |
|    ep_rew_mean          | -3.67       |
| time/                   |             |
|    fps                  | 1420        |
|    iterations           | 322         |
|    time_elapsed         | 464         |
|    total_timesteps      | 659456      |
| train/                  |             |
|    approx_kl            | 0.029059343 |
|    clip_fraction        | 0.594       |
|    clip_range           | 0.0685      |
|    entropy_loss         | 5.18        |
|    explained_variance   | 0.982       |
|    learning_rate        | 8.56e-05    |
|    loss                 | -0.00806    |
|    n_updates            | 3210        |
|    policy_gradient_loss | 0.00297     |
|    std                  | 0.00845     |
|    value_loss           | 0.00613     |
-----------------------------------------
-----------------------------------------
| rollout/                |             |
|    ep_len_mean          | 50          |
|    ep_rew_mean          | -3.83       |
| time/                   |             |
|    fps                  | 1421        |
|    iterations           | 323         |
|    time_elapsed         | 465         |
|    total_timesteps      | 661504      |
| train/                  |             |
|    approx_kl            | 0.028118718 |
|    clip_fraction        | 0.585       |
|    clip_range           | 0.0681      |
|    entropy_loss         | 5.23        |
|    explained_variance   | 0.989       |
|    learning_rate        | 8.51e-05    |
|    loss                 | -0.0127     |
|    n_updates            | 3220        |
|    policy_gradient_loss | 0.000815    |
|    std                  | 0.00842     |
|    value_loss           | 0.00216     |
-----------------------------------------
-----------------------------------------
| rollout/                |             |
|    ep_len_mean          | 50          |
|    ep_rew_mean          | -4.01       |
| time/                   |             |
|    fps                  | 1420        |
|    iterations           | 324         |
|    time_elapsed         | 467         |
|    total_timesteps      | 663552      |
| train/                  |             |
|    approx_kl            | 0.023178875 |
|    clip_fraction        | 0.574       |
|    clip_range           | 0.0677      |
|    entropy_loss         | 5.15        |
|    explained_variance   | 0.993       |
|    learning_rate        | 8.46e-05    |
|    loss                 | -0.00195    |
|    n_updates            | 3230        |
|    policy_gradient_loss | 0.00397     |
|    std                  | 0.00839     |
|    value_loss           | 0.00762     |
-----------------------------------------
-----------------------------------------
| rollout/                |             |
|    ep_len_mean          | 50          |
|    ep_rew_mean          | -3.88       |
| time/                   |             |
|    fps                  | 1418        |
|    iterations           | 325         |
|    time_elapsed         | 469         |
|    total_timesteps      | 665600      |
| train/                  |             |
|    approx_kl            | 0.018338643 |
|    clip_fraction        | 0.605       |
|    clip_range           | 0.0673      |
|    entropy_loss         | 5.24        |
|    explained_variance   | 0.989       |
|    learning_rate        | 8.41e-05    |
|    loss                 | 0.00114     |
|    n_updates            | 3240        |
|    policy_gradient_loss | 0.00394     |
|    std                  | 0.00838     |
|    value_loss           | 0.0022      |
-----------------------------------------
----------------------------------------
| rollout/                |            |
|    ep_len_mean          | 50         |
|    ep_rew_mean          | -4.07      |
| time/                   |            |
|    fps                  | 1417       |
|    iterations           | 326        |
|    time_elapsed         | 471        |
|    total_timesteps      | 667648     |
| train/                  |            |
|    approx_kl            | 0.03257446 |
|    clip_fraction        | 0.603      |
|    clip_range           | 0.0669     |
|    entropy_loss         | 5.16       |
|    explained_variance   | 0.96       |
|    learning_rate        | 8.36e-05   |
|    loss                 | -0.0024    |
|    n_updates            | 3250       |
|    policy_gradient_loss | 0.00306    |
|    std                  | 0.00837    |
|    value_loss           | 0.00756    |
----------------------------------------
-----------------------------------------
| rollout/                |             |
|    ep_len_mean          | 50          |
|    ep_rew_mean          | -4.01       |
| time/                   |             |
|    fps                  | 1415        |
|    iterations           | 327         |
|    time_elapsed         | 472         |
|    total_timesteps      | 669696      |
| train/                  |             |
|    approx_kl            | 0.021607086 |
|    clip_fraction        | 0.593       |
|    clip_range           | 0.0665      |
|    entropy_loss         | 5.16        |
|    explained_variance   | 0.974       |
|    learning_rate        | 8.31e-05    |
|    loss                 | -0.0105     |
|    n_updates            | 3260        |
|    policy_gradient_loss | -0.00161    |
|    std                  | 0.0084      |
|    value_loss           | 0.00369     |
-----------------------------------------
-----------------------------------------
| rollout/                |             |
|    ep_len_mean          | 50          |
|    ep_rew_mean          | -3.88       |
| time/                   |             |
|    fps                  | 1412        |
|    iterations           | 328         |
|    time_elapsed         | 475         |
|    total_timesteps      | 671744      |
| train/                  |             |
|    approx_kl            | 0.023130259 |
|    clip_fraction        | 0.628       |
|    clip_range           | 0.0661      |
|    entropy_loss         | 5.23        |
|    explained_variance   | 0.995       |
|    learning_rate        | 8.26e-05    |
|    loss                 | 0.000957    |
|    n_updates            | 3270        |
|    policy_gradient_loss | 0.00556     |
|    std                  | 0.00838     |
|    value_loss           | 0.00298     |
-----------------------------------------
-----------------------------------------
| rollout/                |             |
|    ep_len_mean          | 50          |
|    ep_rew_mean          | -3.79       |
| time/                   |             |
|    fps                  | 1411        |
|    iterations           | 329         |
|    time_elapsed         | 477         |
|    total_timesteps      | 673792      |
| train/                  |             |
|    approx_kl            | 0.024371428 |
|    clip_fraction        | 0.603       |
|    clip_range           | 0.0657      |
|    entropy_loss         | 5.2         |
|    explained_variance   | 0.989       |
|    learning_rate        | 8.21e-05    |
|    loss                 | -0.00858    |
|    n_updates            | 3280        |
|    policy_gradient_loss | 0.00135     |
|    std                  | 0.00836     |
|    value_loss           | 0.002       |
-----------------------------------------
----------------------------------------
| rollout/                |            |
|    ep_len_mean          | 50         |
|    ep_rew_mean          | -3.68      |
| time/                   |            |
|    fps                  | 1410       |
|    iterations           | 330        |
|    time_elapsed         | 479        |
|    total_timesteps      | 675840     |
| train/                  |            |
|    approx_kl            | 0.01980196 |
|    clip_fraction        | 0.581      |
|    clip_range           | 0.0652     |
|    entropy_loss         | 5.21       |
|    explained_variance   | 0.991      |
|    learning_rate        | 8.16e-05   |
|    loss                 | -0.00463   |
|    n_updates            | 3290       |
|    policy_gradient_loss | 0.00417    |
|    std                  | 0.00837    |
|    value_loss           | 0.00116    |
----------------------------------------
----------------------------------------
| rollout/                |            |
|    ep_len_mean          | 50         |
|    ep_rew_mean          | -3.74      |
| time/                   |            |
|    fps                  | 1409       |
|    iterations           | 331        |
|    time_elapsed         | 480        |
|    total_timesteps      | 677888     |
| train/                  |            |
|    approx_kl            | 0.01876332 |
|    clip_fraction        | 0.578      |
|    clip_range           | 0.0648     |
|    entropy_loss         | 5.22       |
|    explained_variance   | 0.988      |
|    learning_rate        | 8.1e-05    |
|    loss                 | 0.015      |
|    n_updates            | 3300       |
|    policy_gradient_loss | -0.0018    |
|    std                  | 0.00834    |
|    value_loss           | 0.005      |
----------------------------------------
-----------------------------------------
| rollout/                |             |
|    ep_len_mean          | 50          |
|    ep_rew_mean          | -3.67       |
| time/                   |             |
|    fps                  | 1407        |
|    iterations           | 332         |
|    time_elapsed         | 483         |
|    total_timesteps      | 679936      |
| train/                  |             |
|    approx_kl            | 0.019788366 |
|    clip_fraction        | 0.583       |
|    clip_range           | 0.0644      |
|    entropy_loss         | 5.17        |
|    explained_variance   | 0.995       |
|    learning_rate        | 8.05e-05    |
|    loss                 | 0.00381     |
|    n_updates            | 3310        |
|    policy_gradient_loss | 0.0059      |
|    std                  | 0.00834     |
|    value_loss           | 0.00112     |
-----------------------------------------
-----------------------------------------
| rollout/                |             |
|    ep_len_mean          | 50          |
|    ep_rew_mean          | -3.77       |
| time/                   |             |
|    fps                  | 1404        |
|    iterations           | 333         |
|    time_elapsed         | 485         |
|    total_timesteps      | 681984      |
| train/                  |             |
|    approx_kl            | 0.029682446 |
|    clip_fraction        | 0.597       |
|    clip_range           | 0.064       |
|    entropy_loss         | 5.23        |
|    explained_variance   | 0.996       |
|    learning_rate        | 8e-05       |
|    loss                 | -0.00691    |
|    n_updates            | 3320        |
|    policy_gradient_loss | 0.0109      |
|    std                  | 0.00834     |
|    value_loss           | 0.00108     |
-----------------------------------------
-----------------------------------------
| rollout/                |             |
|    ep_len_mean          | 50          |
|    ep_rew_mean          | -3.83       |
| time/                   |             |
|    fps                  | 1403        |
|    iterations           | 334         |
|    time_elapsed         | 487         |
|    total_timesteps      | 684032      |
| train/                  |             |
|    approx_kl            | 0.014832824 |
|    clip_fraction        | 0.587       |
|    clip_range           | 0.0636      |
|    entropy_loss         | 5.15        |
|    explained_variance   | 0.997       |
|    learning_rate        | 7.95e-05    |
|    loss                 | -0.00279    |
|    n_updates            | 3330        |
|    policy_gradient_loss | 0.00319     |
|    std                  | 0.00833     |
|    value_loss           | 0.000639    |
-----------------------------------------
-----------------------------------------
| rollout/                |             |
|    ep_len_mean          | 50          |
|    ep_rew_mean          | -3.78       |
| time/                   |             |
|    fps                  | 1402        |
|    iterations           | 335         |
|    time_elapsed         | 489         |
|    total_timesteps      | 686080      |
| train/                  |             |
|    approx_kl            | 0.018991556 |
|    clip_fraction        | 0.572       |
|    clip_range           | 0.0632      |
|    entropy_loss         | 5.19        |
|    explained_variance   | 0.996       |
|    learning_rate        | 7.9e-05     |
|    loss                 | 0.000182    |
|    n_updates            | 3340        |
|    policy_gradient_loss | -0.00264    |
|    std                  | 0.00835     |
|    value_loss           | 0.00125     |
-----------------------------------------
-----------------------------------------
| rollout/                |             |
|    ep_len_mean          | 50          |
|    ep_rew_mean          | -3.78       |
| time/                   |             |
|    fps                  | 1401        |
|    iterations           | 336         |
|    time_elapsed         | 490         |
|    total_timesteps      | 688128      |
| train/                  |             |
|    approx_kl            | 0.016769433 |
|    clip_fraction        | 0.541       |
|    clip_range           | 0.0628      |
|    entropy_loss         | 5.15        |
|    explained_variance   | 0.997       |
|    learning_rate        | 7.85e-05    |
|    loss                 | -0.00791    |
|    n_updates            | 3350        |
|    policy_gradient_loss | 0.00115     |
|    std                  | 0.00837     |
|    value_loss           | 0.000837    |
-----------------------------------------
-----------------------------------------
| rollout/                |             |
|    ep_len_mean          | 50          |
|    ep_rew_mean          | -3.89       |
| time/                   |             |
|    fps                  | 1398        |
|    iterations           | 337         |
|    time_elapsed         | 493         |
|    total_timesteps      | 690176      |
| train/                  |             |
|    approx_kl            | 0.017213833 |
|    clip_fraction        | 0.589       |
|    clip_range           | 0.0624      |
|    entropy_loss         | 5.23        |
|    explained_variance   | 0.978       |
|    learning_rate        | 7.8e-05     |
|    loss                 | -0.00456    |
|    n_updates            | 3360        |
|    policy_gradient_loss | 0.000894    |
|    std                  | 0.00835     |
|    value_loss           | 0.00512     |
-----------------------------------------
-----------------------------------------
| rollout/                |             |
|    ep_len_mean          | 50          |
|    ep_rew_mean          | -3.76       |
| time/                   |             |
|    fps                  | 1397        |
|    iterations           | 338         |
|    time_elapsed         | 495         |
|    total_timesteps      | 692224      |
| train/                  |             |
|    approx_kl            | 0.017651552 |
|    clip_fraction        | 0.591       |
|    clip_range           | 0.062       |
|    entropy_loss         | 5.19        |
|    explained_variance   | 0.993       |
|    learning_rate        | 7.75e-05    |
|    loss                 | -0.00871    |
|    n_updates            | 3370        |
|    policy_gradient_loss | 0.00335     |
|    std                  | 0.00833     |
|    value_loss           | 0.000933    |
-----------------------------------------
-----------------------------------------
| rollout/                |             |
|    ep_len_mean          | 50          |
|    ep_rew_mean          | -3.85       |
| time/                   |             |
|    fps                  | 1401        |
|    iterations           | 339         |
|    time_elapsed         | 495         |
|    total_timesteps      | 694272      |
| train/                  |             |
|    approx_kl            | 0.013289225 |
|    clip_fraction        | 0.593       |
|    clip_range           | 0.0616      |
|    entropy_loss         | 5.15        |
|    explained_variance   | 0.967       |
|    learning_rate        | 7.69e-05    |
|    loss                 | -0.0035     |
|    n_updates            | 3380        |
|    policy_gradient_loss | 0.00156     |
|    std                  | 0.00832     |
|    value_loss           | 0.0045      |
-----------------------------------------
-----------------------------------------
| rollout/                |             |
|    ep_len_mean          | 50          |
|    ep_rew_mean          | -3.94       |
| time/                   |             |
|    fps                  | 1399        |
|    iterations           | 340         |
|    time_elapsed         | 497         |
|    total_timesteps      | 696320      |
| train/                  |             |
|    approx_kl            | 0.014843343 |
|    clip_fraction        | 0.577       |
|    clip_range           | 0.0611      |
|    entropy_loss         | 5.24        |
|    explained_variance   | 0.967       |
|    learning_rate        | 7.64e-05    |
|    loss                 | -0.00602    |
|    n_updates            | 3390        |
|    policy_gradient_loss | -0.00196    |
|    std                  | 0.00828     |
|    value_loss           | 0.00546     |
-----------------------------------------
-----------------------------------------
| rollout/                |             |
|    ep_len_mean          | 50          |
|    ep_rew_mean          | -4.01       |
| time/                   |             |
|    fps                  | 1398        |
|    iterations           | 341         |
|    time_elapsed         | 499         |
|    total_timesteps      | 698368      |
| train/                  |             |
|    approx_kl            | 0.017853793 |
|    clip_fraction        | 0.607       |
|    clip_range           | 0.0607      |
|    entropy_loss         | 5.23        |
|    explained_variance   | 0.971       |
|    learning_rate        | 7.59e-05    |
|    loss                 | 0.0428      |
|    n_updates            | 3400        |
|    policy_gradient_loss | 0.00708     |
|    std                  | 0.00829     |
|    value_loss           | 0.00945     |
-----------------------------------------
-----------------------------------------
| rollout/                |             |
|    ep_len_mean          | 50          |
|    ep_rew_mean          | -3.93       |
| time/                   |             |
|    fps                  | 1395        |
|    iterations           | 342         |
|    time_elapsed         | 501         |
|    total_timesteps      | 700416      |
| train/                  |             |
|    approx_kl            | 0.015767228 |
|    clip_fraction        | 0.595       |
|    clip_range           | 0.0603      |
|    entropy_loss         | 5.2         |
|    explained_variance   | 0.986       |
|    learning_rate        | 7.54e-05    |
|    loss                 | -0.000866   |
|    n_updates            | 3410        |
|    policy_gradient_loss | -0.000433   |
|    std                  | 0.00828     |
|    value_loss           | 0.00311     |
-----------------------------------------
-----------------------------------------
| rollout/                |             |
|    ep_len_mean          | 50          |
|    ep_rew_mean          | -3.76       |
| time/                   |             |
|    fps                  | 1394        |
|    iterations           | 343         |
|    time_elapsed         | 503         |
|    total_timesteps      | 702464      |
| train/                  |             |
|    approx_kl            | 0.026416853 |
|    clip_fraction        | 0.62        |
|    clip_range           | 0.0599      |
|    entropy_loss         | 5.25        |
|    explained_variance   | 0.993       |
|    learning_rate        | 7.49e-05    |
|    loss                 | -0.0144     |
|    n_updates            | 3420        |
|    policy_gradient_loss | 0.00199     |
|    std                  | 0.00829     |
|    value_loss           | 0.00161     |
-----------------------------------------
-----------------------------------------
| rollout/                |             |
|    ep_len_mean          | 50          |
|    ep_rew_mean          | -3.84       |
| time/                   |             |
|    fps                  | 1392        |
|    iterations           | 344         |
|    time_elapsed         | 505         |
|    total_timesteps      | 704512      |
| train/                  |             |
|    approx_kl            | 0.024696967 |
|    clip_fraction        | 0.605       |
|    clip_range           | 0.0595      |
|    entropy_loss         | 5.23        |
|    explained_variance   | 0.995       |
|    learning_rate        | 7.44e-05    |
|    loss                 | 0.0242      |
|    n_updates            | 3430        |
|    policy_gradient_loss | 0.0039      |
|    std                  | 0.00829     |
|    value_loss           | 0.00335     |
-----------------------------------------
-----------------------------------------
| rollout/                |             |
|    ep_len_mean          | 50          |
|    ep_rew_mean          | -4.02       |
| time/                   |             |
|    fps                  | 1391        |
|    iterations           | 345         |
|    time_elapsed         | 507         |
|    total_timesteps      | 706560      |
| train/                  |             |
|    approx_kl            | 0.020125113 |
|    clip_fraction        | 0.622       |
|    clip_range           | 0.0591      |
|    entropy_loss         | 5.23        |
|    explained_variance   | 0.996       |
|    learning_rate        | 7.39e-05    |
|    loss                 | 0.00134     |
|    n_updates            | 3440        |
|    policy_gradient_loss | 0.00529     |
|    std                  | 0.00828     |
|    value_loss           | 0.00146     |
-----------------------------------------
-----------------------------------------
| rollout/                |             |
|    ep_len_mean          | 50          |
|    ep_rew_mean          | -4.11       |
| time/                   |             |
|    fps                  | 1390        |
|    iterations           | 346         |
|    time_elapsed         | 509         |
|    total_timesteps      | 708608      |
| train/                  |             |
|    approx_kl            | 0.014348917 |
|    clip_fraction        | 0.57        |
|    clip_range           | 0.0587      |
|    entropy_loss         | 5.19        |
|    explained_variance   | 0.997       |
|    learning_rate        | 7.34e-05    |
|    loss                 | -0.0151     |
|    n_updates            | 3450        |
|    policy_gradient_loss | -0.00168    |
|    std                  | 0.00825     |
|    value_loss           | 0.00099     |
-----------------------------------------
-----------------------------------------
| rollout/                |             |
|    ep_len_mean          | 50          |
|    ep_rew_mean          | -3.74       |
| time/                   |             |
|    fps                  | 1387        |
|    iterations           | 347         |
|    time_elapsed         | 512         |
|    total_timesteps      | 710656      |
| train/                  |             |
|    approx_kl            | 0.020543102 |
|    clip_fraction        | 0.599       |
|    clip_range           | 0.0583      |
|    entropy_loss         | 5.18        |
|    explained_variance   | 0.992       |
|    learning_rate        | 7.28e-05    |
|    loss                 | -0.00804    |
|    n_updates            | 3460        |
|    policy_gradient_loss | -0.00227    |
|    std                  | 0.00824     |
|    value_loss           | 0.00144     |
-----------------------------------------
-----------------------------------------
| rollout/                |             |
|    ep_len_mean          | 50          |
|    ep_rew_mean          | -3.65       |
| time/                   |             |
|    fps                  | 1386        |
|    iterations           | 348         |
|    time_elapsed         | 514         |
|    total_timesteps      | 712704      |
| train/                  |             |
|    approx_kl            | 0.016106365 |
|    clip_fraction        | 0.599       |
|    clip_range           | 0.0579      |
|    entropy_loss         | 5.29        |
|    explained_variance   | 0.995       |
|    learning_rate        | 7.23e-05    |
|    loss                 | 0.00254     |
|    n_updates            | 3470        |
|    policy_gradient_loss | 0.00823     |
|    std                  | 0.00824     |
|    value_loss           | 0.000733    |
-----------------------------------------
-----------------------------------------
| rollout/                |             |
|    ep_len_mean          | 50          |
|    ep_rew_mean          | -3.89       |
| time/                   |             |
|    fps                  | 1385        |
|    iterations           | 349         |
|    time_elapsed         | 515         |
|    total_timesteps      | 714752      |
| train/                  |             |
|    approx_kl            | 0.017603418 |
|    clip_fraction        | 0.611       |
|    clip_range           | 0.0575      |
|    entropy_loss         | 5.24        |
|    explained_variance   | 0.993       |
|    learning_rate        | 7.18e-05    |
|    loss                 | -0.011      |
|    n_updates            | 3480        |
|    policy_gradient_loss | 0.00294     |
|    std                  | 0.00825     |
|    value_loss           | 0.00116     |
-----------------------------------------
-----------------------------------------
| rollout/                |             |
|    ep_len_mean          | 50          |
|    ep_rew_mean          | -3.94       |
| time/                   |             |
|    fps                  | 1384        |
|    iterations           | 350         |
|    time_elapsed         | 517         |
|    total_timesteps      | 716800      |
| train/                  |             |
|    approx_kl            | 0.021489091 |
|    clip_fraction        | 0.635       |
|    clip_range           | 0.057       |
|    entropy_loss         | 5.23        |
|    explained_variance   | 0.997       |
|    learning_rate        | 7.13e-05    |
|    loss                 | 0.0284      |
|    n_updates            | 3490        |
|    policy_gradient_loss | 0.00339     |
|    std                  | 0.00826     |
|    value_loss           | 0.00139     |
-----------------------------------------
-----------------------------------------
| rollout/                |             |
|    ep_len_mean          | 50          |
|    ep_rew_mean          | -3.65       |
| time/                   |             |
|    fps                  | 1383        |
|    iterations           | 351         |
|    time_elapsed         | 519         |
|    total_timesteps      | 718848      |
| train/                  |             |
|    approx_kl            | 0.013493175 |
|    clip_fraction        | 0.6         |
|    clip_range           | 0.0566      |
|    entropy_loss         | 5.23        |
|    explained_variance   | 0.996       |
|    learning_rate        | 7.08e-05    |
|    loss                 | -0.00478    |
|    n_updates            | 3500        |
|    policy_gradient_loss | 0.00267     |
|    std                  | 0.00824     |
|    value_loss           | 0.000801    |
-----------------------------------------
-----------------------------------------
| rollout/                |             |
|    ep_len_mean          | 50          |
|    ep_rew_mean          | -3.61       |
| time/                   |             |
|    fps                  | 1380        |
|    iterations           | 352         |
|    time_elapsed         | 522         |
|    total_timesteps      | 720896      |
| train/                  |             |
|    approx_kl            | 0.012424962 |
|    clip_fraction        | 0.581       |
|    clip_range           | 0.0562      |
|    entropy_loss         | 5.27        |
|    explained_variance   | 0.995       |
|    learning_rate        | 7.03e-05    |
|    loss                 | -0.012      |
|    n_updates            | 3510        |
|    policy_gradient_loss | 0.00352     |
|    std                  | 0.00824     |
|    value_loss           | 0.000733    |
-----------------------------------------
-----------------------------------------
| rollout/                |             |
|    ep_len_mean          | 50          |
|    ep_rew_mean          | -3.89       |
| time/                   |             |
|    fps                  | 1379        |
|    iterations           | 353         |
|    time_elapsed         | 524         |
|    total_timesteps      | 722944      |
| train/                  |             |
|    approx_kl            | 0.014896112 |
|    clip_fraction        | 0.599       |
|    clip_range           | 0.0558      |
|    entropy_loss         | 5.24        |
|    explained_variance   | 0.973       |
|    learning_rate        | 6.98e-05    |
|    loss                 | -0.00855    |
|    n_updates            | 3520        |
|    policy_gradient_loss | 0.000957    |
|    std                  | 0.00823     |
|    value_loss           | 0.00209     |
-----------------------------------------
-----------------------------------------
| rollout/                |             |
|    ep_len_mean          | 50          |
|    ep_rew_mean          | -3.87       |
| time/                   |             |
|    fps                  | 1378        |
|    iterations           | 354         |
|    time_elapsed         | 525         |
|    total_timesteps      | 724992      |
| train/                  |             |
|    approx_kl            | 0.010195371 |
|    clip_fraction        | 0.604       |
|    clip_range           | 0.0554      |
|    entropy_loss         | 5.25        |
|    explained_variance   | 0.998       |
|    learning_rate        | 6.93e-05    |
|    loss                 | 0.00679     |
|    n_updates            | 3530        |
|    policy_gradient_loss | 0.00401     |
|    std                  | 0.00823     |
|    value_loss           | 0.000691    |
-----------------------------------------
---------------------------------------
| rollout/                |           |
|    ep_len_mean          | 50        |
|    ep_rew_mean          | -3.97     |
| time/                   |           |
|    fps                  | 1382      |
|    iterations           | 355       |
|    time_elapsed         | 525       |
|    total_timesteps      | 727040    |
| train/                  |           |
|    approx_kl            | 0.0176337 |
|    clip_fraction        | 0.596     |
|    clip_range           | 0.055     |
|    entropy_loss         | 5.27      |
|    explained_variance   | 0.996     |
|    learning_rate        | 6.88e-05  |
|    loss                 | 0.0247    |
|    n_updates            | 3540      |
|    policy_gradient_loss | 0.00253   |
|    std                  | 0.00824   |
|    value_loss           | 0.00078   |
---------------------------------------
-----------------------------------------
| rollout/                |             |
|    ep_len_mean          | 50          |
|    ep_rew_mean          | -3.76       |
| time/                   |             |
|    fps                  | 1381        |
|    iterations           | 356         |
|    time_elapsed         | 527         |
|    total_timesteps      | 729088      |
| train/                  |             |
|    approx_kl            | 0.019000769 |
|    clip_fraction        | 0.598       |
|    clip_range           | 0.0546      |
|    entropy_loss         | 5.24        |
|    explained_variance   | 0.997       |
|    learning_rate        | 6.82e-05    |
|    loss                 | -0.00926    |
|    n_updates            | 3550        |
|    policy_gradient_loss | 0.00304     |
|    std                  | 0.00822     |
|    value_loss           | 0.000687    |
-----------------------------------------
-----------------------------------------
| rollout/                |             |
|    ep_len_mean          | 50          |
|    ep_rew_mean          | -3.73       |
| time/                   |             |
|    fps                  | 1378        |
|    iterations           | 357         |
|    time_elapsed         | 530         |
|    total_timesteps      | 731136      |
| train/                  |             |
|    approx_kl            | 0.011135545 |
|    clip_fraction        | 0.575       |
|    clip_range           | 0.0542      |
|    entropy_loss         | 5.26        |
|    explained_variance   | 0.995       |
|    learning_rate        | 6.77e-05    |
|    loss                 | -0.000739   |
|    n_updates            | 3560        |
|    policy_gradient_loss | 0.00386     |
|    std                  | 0.00821     |
|    value_loss           | 0.000717    |
-----------------------------------------
-----------------------------------------
| rollout/                |             |
|    ep_len_mean          | 50          |
|    ep_rew_mean          | -3.79       |
| time/                   |             |
|    fps                  | 1378        |
|    iterations           | 358         |
|    time_elapsed         | 531         |
|    total_timesteps      | 733184      |
| train/                  |             |
|    approx_kl            | 0.010809662 |
|    clip_fraction        | 0.532       |
|    clip_range           | 0.0538      |
|    entropy_loss         | 5.22        |
|    explained_variance   | 0.997       |
|    learning_rate        | 6.72e-05    |
|    loss                 | -0.0173     |
|    n_updates            | 3570        |
|    policy_gradient_loss | 0.00153     |
|    std                  | 0.00818     |
|    value_loss           | 0.000856    |
-----------------------------------------
------------------------------------------
| rollout/                |              |
|    ep_len_mean          | 50           |
|    ep_rew_mean          | -3.97        |
| time/                   |              |
|    fps                  | 1376         |
|    iterations           | 359          |
|    time_elapsed         | 533          |
|    total_timesteps      | 735232       |
| train/                  |              |
|    approx_kl            | 0.0133682005 |
|    clip_fraction        | 0.606        |
|    clip_range           | 0.0534       |
|    entropy_loss         | 5.23         |
|    explained_variance   | 0.994        |
|    learning_rate        | 6.67e-05     |
|    loss                 | -0.00934     |
|    n_updates            | 3580         |
|    policy_gradient_loss | 0.00126      |
|    std                  | 0.00817      |
|    value_loss           | 0.000869     |
------------------------------------------
-----------------------------------------
| rollout/                |             |
|    ep_len_mean          | 50          |
|    ep_rew_mean          | -4.05       |
| time/                   |             |
|    fps                  | 1376        |
|    iterations           | 360         |
|    time_elapsed         | 535         |
|    total_timesteps      | 737280      |
| train/                  |             |
|    approx_kl            | 0.012778842 |
|    clip_fraction        | 0.579       |
|    clip_range           | 0.053       |
|    entropy_loss         | 5.25        |
|    explained_variance   | 0.991       |
|    learning_rate        | 6.62e-05    |
|    loss                 | -0.01       |
|    n_updates            | 3590        |
|    policy_gradient_loss | 0.00107     |
|    std                  | 0.00817     |
|    value_loss           | 0.00309     |
-----------------------------------------
-----------------------------------------
| rollout/                |             |
|    ep_len_mean          | 50          |
|    ep_rew_mean          | -3.86       |
| time/                   |             |
|    fps                  | 1375        |
|    iterations           | 361         |
|    time_elapsed         | 537         |
|    total_timesteps      | 739328      |
| train/                  |             |
|    approx_kl            | 0.014351627 |
|    clip_fraction        | 0.605       |
|    clip_range           | 0.0525      |
|    entropy_loss         | 5.28        |
|    explained_variance   | 0.994       |
|    learning_rate        | 6.57e-05    |
|    loss                 | -0.0154     |
|    n_updates            | 3600        |
|    policy_gradient_loss | 0.00173     |
|    std                  | 0.00815     |
|    value_loss           | 0.000984    |
-----------------------------------------
-----------------------------------------
| rollout/                |             |
|    ep_len_mean          | 50          |
|    ep_rew_mean          | -3.66       |
| time/                   |             |
|    fps                  | 1372        |
|    iterations           | 362         |
|    time_elapsed         | 540         |
|    total_timesteps      | 741376      |
| train/                  |             |
|    approx_kl            | 0.013880666 |
|    clip_fraction        | 0.594       |
|    clip_range           | 0.0521      |
|    entropy_loss         | 5.27        |
|    explained_variance   | 0.993       |
|    learning_rate        | 6.52e-05    |
|    loss                 | -0.0094     |
|    n_updates            | 3610        |
|    policy_gradient_loss | 0.00122     |
|    std                  | 0.00816     |
|    value_loss           | 0.00107     |
-----------------------------------------
-----------------------------------------
| rollout/                |             |
|    ep_len_mean          | 50          |
|    ep_rew_mean          | -3.81       |
| time/                   |             |
|    fps                  | 1371        |
|    iterations           | 363         |
|    time_elapsed         | 541         |
|    total_timesteps      | 743424      |
| train/                  |             |
|    approx_kl            | 0.010881297 |
|    clip_fraction        | 0.594       |
|    clip_range           | 0.0517      |
|    entropy_loss         | 5.32        |
|    explained_variance   | 0.99        |
|    learning_rate        | 6.47e-05    |
|    loss                 | 0.042       |
|    n_updates            | 3620        |
|    policy_gradient_loss | 0.00386     |
|    std                  | 0.00815     |
|    value_loss           | 0.00162     |
-----------------------------------------
-----------------------------------------
| rollout/                |             |
|    ep_len_mean          | 50          |
|    ep_rew_mean          | -3.87       |
| time/                   |             |
|    fps                  | 1371        |
|    iterations           | 364         |
|    time_elapsed         | 543         |
|    total_timesteps      | 745472      |
| train/                  |             |
|    approx_kl            | 0.011025809 |
|    clip_fraction        | 0.579       |
|    clip_range           | 0.0513      |
|    entropy_loss         | 5.27        |
|    explained_variance   | 0.993       |
|    learning_rate        | 6.41e-05    |
|    loss                 | 0.012       |
|    n_updates            | 3630        |
|    policy_gradient_loss | 0.000434    |
|    std                  | 0.00814     |
|    value_loss           | 0.00125     |
-----------------------------------------
-----------------------------------------
| rollout/                |             |
|    ep_len_mean          | 50          |
|    ep_rew_mean          | -3.98       |
| time/                   |             |
|    fps                  | 1370        |
|    iterations           | 365         |
|    time_elapsed         | 545         |
|    total_timesteps      | 747520      |
| train/                  |             |
|    approx_kl            | 0.013365563 |
|    clip_fraction        | 0.586       |
|    clip_range           | 0.0509      |
|    entropy_loss         | 5.26        |
|    explained_variance   | 0.994       |
|    learning_rate        | 6.36e-05    |
|    loss                 | -0.00218    |
|    n_updates            | 3640        |
|    policy_gradient_loss | 0.00156     |
|    std                  | 0.00814     |
|    value_loss           | 0.00147     |
-----------------------------------------
----------------------------------------
| rollout/                |            |
|    ep_len_mean          | 50         |
|    ep_rew_mean          | -3.77      |
| time/                   |            |
|    fps                  | 1369       |
|    iterations           | 366        |
|    time_elapsed         | 547        |
|    total_timesteps      | 749568     |
| train/                  |            |
|    approx_kl            | 0.00641811 |
|    clip_fraction        | 0.559      |
|    clip_range           | 0.0505     |
|    entropy_loss         | 5.26       |
|    explained_variance   | 0.997      |
|    learning_rate        | 6.31e-05   |
|    loss                 | 0.0198     |
|    n_updates            | 3650       |
|    policy_gradient_loss | 0.00831    |
|    std                  | 0.00814    |
|    value_loss           | 0.000613   |
----------------------------------------
-----------------------------------------
| rollout/                |             |
|    ep_len_mean          | 50          |
|    ep_rew_mean          | -3.78       |
| time/                   |             |
|    fps                  | 1367        |
|    iterations           | 367         |
|    time_elapsed         | 549         |
|    total_timesteps      | 751616      |
| train/                  |             |
|    approx_kl            | 0.013643377 |
|    clip_fraction        | 0.578       |
|    clip_range           | 0.0501      |
|    entropy_loss         | 5.27        |
|    explained_variance   | 0.997       |
|    learning_rate        | 6.26e-05    |
|    loss                 | 0.00107     |
|    n_updates            | 3660        |
|    policy_gradient_loss | -0.00107    |
|    std                  | 0.00813     |
|    value_loss           | 0.000637    |
-----------------------------------------
-----------------------------------------
| rollout/                |             |
|    ep_len_mean          | 50          |
|    ep_rew_mean          | -3.79       |
| time/                   |             |
|    fps                  | 1365        |
|    iterations           | 368         |
|    time_elapsed         | 551         |
|    total_timesteps      | 753664      |
| train/                  |             |
|    approx_kl            | 0.010472261 |
|    clip_fraction        | 0.594       |
|    clip_range           | 0.0497      |
|    entropy_loss         | 5.34        |
|    explained_variance   | 0.997       |
|    learning_rate        | 6.21e-05    |
|    loss                 | 0.00863     |
|    n_updates            | 3670        |
|    policy_gradient_loss | 0.00131     |
|    std                  | 0.00812     |
|    value_loss           | 0.000818    |
-----------------------------------------
------------------------------------------
| rollout/                |              |
|    ep_len_mean          | 50           |
|    ep_rew_mean          | -4.01        |
| time/                   |              |
|    fps                  | 1364         |
|    iterations           | 369          |
|    time_elapsed         | 553          |
|    total_timesteps      | 755712       |
| train/                  |              |
|    approx_kl            | 0.0108656585 |
|    clip_fraction        | 0.619        |
|    clip_range           | 0.0493       |
|    entropy_loss         | 5.3          |
|    explained_variance   | 0.996        |
|    learning_rate        | 6.16e-05     |
|    loss                 | 0.0133       |
|    n_updates            | 3680         |
|    policy_gradient_loss | 0.00281      |
|    std                  | 0.00813      |
|    value_loss           | 0.00107      |
------------------------------------------
-----------------------------------------
| rollout/                |             |
|    ep_len_mean          | 50          |
|    ep_rew_mean          | -3.91       |
| time/                   |             |
|    fps                  | 1363        |
|    iterations           | 370         |
|    time_elapsed         | 555         |
|    total_timesteps      | 757760      |
| train/                  |             |
|    approx_kl            | 0.014729151 |
|    clip_fraction        | 0.65        |
|    clip_range           | 0.0489      |
|    entropy_loss         | 5.27        |
|    explained_variance   | 0.997       |
|    learning_rate        | 6.11e-05    |
|    loss                 | 0.014       |
|    n_updates            | 3690        |
|    policy_gradient_loss | 0.00737     |
|    std                  | 0.00813     |
|    value_loss           | 0.00112     |
-----------------------------------------
-----------------------------------------
| rollout/                |             |
|    ep_len_mean          | 50          |
|    ep_rew_mean          | -3.66       |
| time/                   |             |
|    fps                  | 1366        |
|    iterations           | 371         |
|    time_elapsed         | 555         |
|    total_timesteps      | 759808      |
| train/                  |             |
|    approx_kl            | 0.008702526 |
|    clip_fraction        | 0.583       |
|    clip_range           | 0.0484      |
|    entropy_loss         | 5.31        |
|    explained_variance   | 0.997       |
|    learning_rate        | 6.06e-05    |
|    loss                 | 0.0143      |
|    n_updates            | 3700        |
|    policy_gradient_loss | 0.0036      |
|    std                  | 0.00812     |
|    value_loss           | 0.000399    |
-----------------------------------------
-----------------------------------------
| rollout/                |             |
|    ep_len_mean          | 50          |
|    ep_rew_mean          | -3.8        |
| time/                   |             |
|    fps                  | 1364        |
|    iterations           | 372         |
|    time_elapsed         | 558         |
|    total_timesteps      | 761856      |
| train/                  |             |
|    approx_kl            | 0.013649832 |
|    clip_fraction        | 0.631       |
|    clip_range           | 0.048       |
|    entropy_loss         | 5.32        |
|    explained_variance   | 0.998       |
|    learning_rate        | 6e-05       |
|    loss                 | -0.00882    |
|    n_updates            | 3710        |
|    policy_gradient_loss | 0.00349     |
|    std                  | 0.0081      |
|    value_loss           | 0.000707    |
-----------------------------------------
-----------------------------------------
| rollout/                |             |
|    ep_len_mean          | 50          |
|    ep_rew_mean          | -3.97       |
| time/                   |             |
|    fps                  | 1363        |
|    iterations           | 373         |
|    time_elapsed         | 560         |
|    total_timesteps      | 763904      |
| train/                  |             |
|    approx_kl            | 0.013842087 |
|    clip_fraction        | 0.622       |
|    clip_range           | 0.0476      |
|    entropy_loss         | 5.26        |
|    explained_variance   | 0.993       |
|    learning_rate        | 5.95e-05    |
|    loss                 | -0.00702    |
|    n_updates            | 3720        |
|    policy_gradient_loss | 0.0051      |
|    std                  | 0.00811     |
|    value_loss           | 0.00143     |
-----------------------------------------
-----------------------------------------
| rollout/                |             |
|    ep_len_mean          | 50          |
|    ep_rew_mean          | -3.99       |
| time/                   |             |
|    fps                  | 1363        |
|    iterations           | 374         |
|    time_elapsed         | 561         |
|    total_timesteps      | 765952      |
| train/                  |             |
|    approx_kl            | 0.009731006 |
|    clip_fraction        | 0.606       |
|    clip_range           | 0.0472      |
|    entropy_loss         | 5.21        |
|    explained_variance   | 0.997       |
|    learning_rate        | 5.9e-05     |
|    loss                 | -0.0157     |
|    n_updates            | 3730        |
|    policy_gradient_loss | 0.000592    |
|    std                  | 0.00809     |
|    value_loss           | 0.000552    |
-----------------------------------------
----------------------------------------
| rollout/                |            |
|    ep_len_mean          | 50         |
|    ep_rew_mean          | -3.72      |
| time/                   |            |
|    fps                  | 1362       |
|    iterations           | 375        |
|    time_elapsed         | 563        |
|    total_timesteps      | 768000     |
| train/                  |            |
|    approx_kl            | 0.01190711 |
|    clip_fraction        | 0.613      |
|    clip_range           | 0.0468     |
|    entropy_loss         | 5.3        |
|    explained_variance   | 0.995      |
|    learning_rate        | 5.85e-05   |
|    loss                 | 0.00517    |
|    n_updates            | 3740       |
|    policy_gradient_loss | 0.00146    |
|    std                  | 0.00812    |
|    value_loss           | 0.000844   |
----------------------------------------
-----------------------------------------
| rollout/                |             |
|    ep_len_mean          | 50          |
|    ep_rew_mean          | -3.78       |
| time/                   |             |
|    fps                  | 1361        |
|    iterations           | 376         |
|    time_elapsed         | 565         |
|    total_timesteps      | 770048      |
| train/                  |             |
|    approx_kl            | 0.010210643 |
|    clip_fraction        | 0.612       |
|    clip_range           | 0.0464      |
|    entropy_loss         | 5.28        |
|    explained_variance   | 0.996       |
|    learning_rate        | 5.8e-05     |
|    loss                 | -0.00571    |
|    n_updates            | 3750        |
|    policy_gradient_loss | 0.00109     |
|    std                  | 0.0081      |
|    value_loss           | 0.000976    |
-----------------------------------------
----------------------------------------
| rollout/                |            |
|    ep_len_mean          | 50         |
|    ep_rew_mean          | -3.94      |
| time/                   |            |
|    fps                  | 1360       |
|    iterations           | 377        |
|    time_elapsed         | 567        |
|    total_timesteps      | 772096     |
| train/                  |            |
|    approx_kl            | 0.01222872 |
|    clip_fraction        | 0.634      |
|    clip_range           | 0.046      |
|    entropy_loss         | 5.3        |
|    explained_variance   | 0.995      |
|    learning_rate        | 5.75e-05   |
|    loss                 | 0.019      |
|    n_updates            | 3760       |
|    policy_gradient_loss | 0.00483    |
|    std                  | 0.00811    |
|    value_loss           | 0.000958   |
----------------------------------------
-----------------------------------------
| rollout/                |             |
|    ep_len_mean          | 50          |
|    ep_rew_mean          | -3.97       |
| time/                   |             |
|    fps                  | 1360        |
|    iterations           | 378         |
|    time_elapsed         | 569         |
|    total_timesteps      | 774144      |
| train/                  |             |
|    approx_kl            | 0.009520332 |
|    clip_fraction        | 0.582       |
|    clip_range           | 0.0456      |
|    entropy_loss         | 5.29        |
|    explained_variance   | 0.984       |
|    learning_rate        | 5.7e-05     |
|    loss                 | 0.00368     |
|    n_updates            | 3770        |
|    policy_gradient_loss | 0.00318     |
|    std                  | 0.0081      |
|    value_loss           | 0.00268     |
-----------------------------------------
----------------------------------------
| rollout/                |            |
|    ep_len_mean          | 50         |
|    ep_rew_mean          | -4.02      |
| time/                   |            |
|    fps                  | 1359       |
|    iterations           | 379        |
|    time_elapsed         | 570        |
|    total_timesteps      | 776192     |
| train/                  |            |
|    approx_kl            | 0.01207577 |
|    clip_fraction        | 0.599      |
|    clip_range           | 0.0452     |
|    entropy_loss         | 5.29       |
|    explained_variance   | 0.996      |
|    learning_rate        | 5.65e-05   |
|    loss                 | 0.00707    |
|    n_updates            | 3780       |
|    policy_gradient_loss | 0.0028     |
|    std                  | 0.0081     |
|    value_loss           | 0.000884   |
----------------------------------------
-----------------------------------------
| rollout/                |             |
|    ep_len_mean          | 50          |
|    ep_rew_mean          | -3.88       |
| time/                   |             |
|    fps                  | 1359        |
|    iterations           | 380         |
|    time_elapsed         | 572         |
|    total_timesteps      | 778240      |
| train/                  |             |
|    approx_kl            | 0.008630019 |
|    clip_fraction        | 0.574       |
|    clip_range           | 0.0448      |
|    entropy_loss         | 5.29        |
|    explained_variance   | 0.996       |
|    learning_rate        | 5.6e-05     |
|    loss                 | 0.00235     |
|    n_updates            | 3790        |
|    policy_gradient_loss | 0.00176     |
|    std                  | 0.00808     |
|    value_loss           | 0.00169     |
-----------------------------------------
-----------------------------------------
| rollout/                |             |
|    ep_len_mean          | 50          |
|    ep_rew_mean          | -3.75       |
| time/                   |             |
|    fps                  | 1356        |
|    iterations           | 381         |
|    time_elapsed         | 575         |
|    total_timesteps      | 780288      |
| train/                  |             |
|    approx_kl            | 0.010766826 |
|    clip_fraction        | 0.611       |
|    clip_range           | 0.0444      |
|    entropy_loss         | 5.32        |
|    explained_variance   | 0.996       |
|    learning_rate        | 5.54e-05    |
|    loss                 | 0.0107      |
|    n_updates            | 3800        |
|    policy_gradient_loss | 0.00254     |
|    std                  | 0.00809     |
|    value_loss           | 0.000714    |
-----------------------------------------
-----------------------------------------
| rollout/                |             |
|    ep_len_mean          | 50          |
|    ep_rew_mean          | -3.65       |
| time/                   |             |
|    fps                  | 1356        |
|    iterations           | 382         |
|    time_elapsed         | 576         |
|    total_timesteps      | 782336      |
| train/                  |             |
|    approx_kl            | 0.010298998 |
|    clip_fraction        | 0.579       |
|    clip_range           | 0.0439      |
|    entropy_loss         | 5.32        |
|    explained_variance   | 0.997       |
|    learning_rate        | 5.49e-05    |
|    loss                 | -0.0108     |
|    n_updates            | 3810        |
|    policy_gradient_loss | 0.00293     |
|    std                  | 0.00808     |
|    value_loss           | 0.000471    |
-----------------------------------------
----------------------------------------
| rollout/                |            |
|    ep_len_mean          | 50         |
|    ep_rew_mean          | -3.83      |
| time/                   |            |
|    fps                  | 1355       |
|    iterations           | 383        |
|    time_elapsed         | 578        |
|    total_timesteps      | 784384     |
| train/                  |            |
|    approx_kl            | 0.00928197 |
|    clip_fraction        | 0.577      |
|    clip_range           | 0.0435     |
|    entropy_loss         | 5.31       |
|    explained_variance   | 0.981      |
|    learning_rate        | 5.44e-05   |
|    loss                 | 0.00387    |
|    n_updates            | 3820       |
|    policy_gradient_loss | 0.00288    |
|    std                  | 0.00807    |
|    value_loss           | 0.00696    |
----------------------------------------
------------------------------------------
| rollout/                |              |
|    ep_len_mean          | 50           |
|    ep_rew_mean          | -3.84        |
| time/                   |              |
|    fps                  | 1354         |
|    iterations           | 384          |
|    time_elapsed         | 580          |
|    total_timesteps      | 786432       |
| train/                  |              |
|    approx_kl            | 0.0059579043 |
|    clip_fraction        | 0.563        |
|    clip_range           | 0.0431       |
|    entropy_loss         | 5.3          |
|    explained_variance   | 0.989        |
|    learning_rate        | 5.39e-05     |
|    loss                 | -0.00707     |
|    n_updates            | 3830         |
|    policy_gradient_loss | 0.00234      |
|    std                  | 0.00808      |
|    value_loss           | 0.0018       |
------------------------------------------
-----------------------------------------
| rollout/                |             |
|    ep_len_mean          | 50          |
|    ep_rew_mean          | -3.66       |
| time/                   |             |
|    fps                  | 1354        |
|    iterations           | 385         |
|    time_elapsed         | 582         |
|    total_timesteps      | 788480      |
| train/                  |             |
|    approx_kl            | 0.008978721 |
|    clip_fraction        | 0.617       |
|    clip_range           | 0.0427      |
|    entropy_loss         | 5.3         |
|    explained_variance   | 0.992       |
|    learning_rate        | 5.34e-05    |
|    loss                 | -0.00218    |
|    n_updates            | 3840        |
|    policy_gradient_loss | 0.00341     |
|    std                  | 0.00808     |
|    value_loss           | 0.00165     |
-----------------------------------------
------------------------------------------
| rollout/                |              |
|    ep_len_mean          | 50           |
|    ep_rew_mean          | -3.68        |
| time/                   |              |
|    fps                  | 1352         |
|    iterations           | 386          |
|    time_elapsed         | 584          |
|    total_timesteps      | 790528       |
| train/                  |              |
|    approx_kl            | 0.0066655427 |
|    clip_fraction        | 0.595        |
|    clip_range           | 0.0423       |
|    entropy_loss         | 5.36         |
|    explained_variance   | 0.995        |
|    learning_rate        | 5.29e-05     |
|    loss                 | -0.00113     |
|    n_updates            | 3850         |
|    policy_gradient_loss | 0.00063      |
|    std                  | 0.00809      |
|    value_loss           | 0.00134      |
------------------------------------------
------------------------------------------
| rollout/                |              |
|    ep_len_mean          | 50           |
|    ep_rew_mean          | -3.72        |
| time/                   |              |
|    fps                  | 1351         |
|    iterations           | 387          |
|    time_elapsed         | 586          |
|    total_timesteps      | 792576       |
| train/                  |              |
|    approx_kl            | 0.0067685605 |
|    clip_fraction        | 0.601        |
|    clip_range           | 0.0419       |
|    entropy_loss         | 5.32         |
|    explained_variance   | 0.994        |
|    learning_rate        | 5.24e-05     |
|    loss                 | -0.00167     |
|    n_updates            | 3860         |
|    policy_gradient_loss | 0.00268      |
|    std                  | 0.00807      |
|    value_loss           | 0.0013       |
------------------------------------------
------------------------------------------
| rollout/                |              |
|    ep_len_mean          | 50           |
|    ep_rew_mean          | -3.77        |
| time/                   |              |
|    fps                  | 1355         |
|    iterations           | 388          |
|    time_elapsed         | 586          |
|    total_timesteps      | 794624       |
| train/                  |              |
|    approx_kl            | 0.0062779607 |
|    clip_fraction        | 0.599        |
|    clip_range           | 0.0415       |
|    entropy_loss         | 5.32         |
|    explained_variance   | 0.993        |
|    learning_rate        | 5.19e-05     |
|    loss                 | 0.00632      |
|    n_updates            | 3870         |
|    policy_gradient_loss | 0.0027       |
|    std                  | 0.00807      |
|    value_loss           | 0.000896     |
------------------------------------------
------------------------------------------
| rollout/                |              |
|    ep_len_mean          | 50           |
|    ep_rew_mean          | -3.81        |
| time/                   |              |
|    fps                  | 1355         |
|    iterations           | 389          |
|    time_elapsed         | 587          |
|    total_timesteps      | 796672       |
| train/                  |              |
|    approx_kl            | 0.0075130938 |
|    clip_fraction        | 0.588        |
|    clip_range           | 0.0411       |
|    entropy_loss         | 5.3          |
|    explained_variance   | 0.997        |
|    learning_rate        | 5.13e-05     |
|    loss                 | 0.0262       |
|    n_updates            | 3880         |
|    policy_gradient_loss | 0.00287      |
|    std                  | 0.00807      |
|    value_loss           | 0.00131      |
------------------------------------------
-----------------------------------------
| rollout/                |             |
|    ep_len_mean          | 50          |
|    ep_rew_mean          | -3.72       |
| time/                   |             |
|    fps                  | 1354        |
|    iterations           | 390         |
|    time_elapsed         | 589         |
|    total_timesteps      | 798720      |
| train/                  |             |
|    approx_kl            | 0.012715744 |
|    clip_fraction        | 0.608       |
|    clip_range           | 0.0407      |
|    entropy_loss         | 5.39        |
|    explained_variance   | 0.992       |
|    learning_rate        | 5.08e-05    |
|    loss                 | 0.000881    |
|    n_updates            | 3890        |
|    policy_gradient_loss | 0.00297     |
|    std                  | 0.00805     |
|    value_loss           | 0.00135     |
-----------------------------------------
-----------------------------------------
| rollout/                |             |
|    ep_len_mean          | 50          |
|    ep_rew_mean          | -3.56       |
| time/                   |             |
|    fps                  | 1352        |
|    iterations           | 391         |
|    time_elapsed         | 592         |
|    total_timesteps      | 800768      |
| train/                  |             |
|    approx_kl            | 0.009481294 |
|    clip_fraction        | 0.618       |
|    clip_range           | 0.0403      |
|    entropy_loss         | 5.34        |
|    explained_variance   | 0.993       |
|    learning_rate        | 5.03e-05    |
|    loss                 | 0.00492     |
|    n_updates            | 3900        |
|    policy_gradient_loss | 0.000362    |
|    std                  | 0.00804     |
|    value_loss           | 0.000874    |
-----------------------------------------
-----------------------------------------
| rollout/                |             |
|    ep_len_mean          | 50          |
|    ep_rew_mean          | -3.61       |
| time/                   |             |
|    fps                  | 1352        |
|    iterations           | 392         |
|    time_elapsed         | 593         |
|    total_timesteps      | 802816      |
| train/                  |             |
|    approx_kl            | 0.007557253 |
|    clip_fraction        | 0.603       |
|    clip_range           | 0.0398      |
|    entropy_loss         | 5.34        |
|    explained_variance   | 0.996       |
|    learning_rate        | 4.98e-05    |
|    loss                 | -0.00701    |
|    n_updates            | 3910        |
|    policy_gradient_loss | 0.00199     |
|    std                  | 0.00803     |
|    value_loss           | 0.000531    |
-----------------------------------------
-----------------------------------------
| rollout/                |             |
|    ep_len_mean          | 50          |
|    ep_rew_mean          | -3.79       |
| time/                   |             |
|    fps                  | 1351        |
|    iterations           | 393         |
|    time_elapsed         | 595         |
|    total_timesteps      | 804864      |
| train/                  |             |
|    approx_kl            | 0.009852748 |
|    clip_fraction        | 0.608       |
|    clip_range           | 0.0394      |
|    entropy_loss         | 5.3         |
|    explained_variance   | 0.988       |
|    learning_rate        | 4.93e-05    |
|    loss                 | -0.00256    |
|    n_updates            | 3920        |
|    policy_gradient_loss | 0.00136     |
|    std                  | 0.00801     |
|    value_loss           | 0.00332     |
-----------------------------------------
-----------------------------------------
| rollout/                |             |
|    ep_len_mean          | 50          |
|    ep_rew_mean          | -3.81       |
| time/                   |             |
|    fps                  | 1351        |
|    iterations           | 394         |
|    time_elapsed         | 597         |
|    total_timesteps      | 806912      |
| train/                  |             |
|    approx_kl            | 0.008381773 |
|    clip_fraction        | 0.589       |
|    clip_range           | 0.039       |
|    entropy_loss         | 5.3         |
|    explained_variance   | 0.994       |
|    learning_rate        | 4.88e-05    |
|    loss                 | -0.0101     |
|    n_updates            | 3930        |
|    policy_gradient_loss | 0.00242     |
|    std                  | 0.008       |
|    value_loss           | 0.000942    |
-----------------------------------------
----------------------------------------
| rollout/                |            |
|    ep_len_mean          | 50         |
|    ep_rew_mean          | -3.72      |
| time/                   |            |
|    fps                  | 1351       |
|    iterations           | 395        |
|    time_elapsed         | 598        |
|    total_timesteps      | 808960     |
| train/                  |            |
|    approx_kl            | 0.00543172 |
|    clip_fraction        | 0.611      |
|    clip_range           | 0.0386     |
|    entropy_loss         | 5.36       |
|    explained_variance   | 0.992      |
|    learning_rate        | 4.83e-05   |
|    loss                 | -0.00298   |
|    n_updates            | 3940       |
|    policy_gradient_loss | -0.000733  |
|    std                  | 0.00799    |
|    value_loss           | 0.00246    |
----------------------------------------
------------------------------------------
| rollout/                |              |
|    ep_len_mean          | 50           |
|    ep_rew_mean          | -3.72        |
| time/                   |              |
|    fps                  | 1348         |
|    iterations           | 396          |
|    time_elapsed         | 601          |
|    total_timesteps      | 811008       |
| train/                  |              |
|    approx_kl            | 0.0094754845 |
|    clip_fraction        | 0.656        |
|    clip_range           | 0.0382       |
|    entropy_loss         | 5.3          |
|    explained_variance   | 0.989        |
|    learning_rate        | 4.78e-05     |
|    loss                 | -0.00534     |
|    n_updates            | 3950         |
|    policy_gradient_loss | 0.00298      |
|    std                  | 0.00798      |
|    value_loss           | 0.00292      |
------------------------------------------
-----------------------------------------
| rollout/                |             |
|    ep_len_mean          | 50          |
|    ep_rew_mean          | -3.93       |
| time/                   |             |
|    fps                  | 1348        |
|    iterations           | 397         |
|    time_elapsed         | 602         |
|    total_timesteps      | 813056      |
| train/                  |             |
|    approx_kl            | 0.008192781 |
|    clip_fraction        | 0.624       |
|    clip_range           | 0.0378      |
|    entropy_loss         | 5.35        |
|    explained_variance   | 0.989       |
|    learning_rate        | 4.72e-05    |
|    loss                 | 0.00881     |
|    n_updates            | 3960        |
|    policy_gradient_loss | 0.0013      |
|    std                  | 0.00799     |
|    value_loss           | 0.00119     |
-----------------------------------------
------------------------------------------
| rollout/                |              |
|    ep_len_mean          | 50           |
|    ep_rew_mean          | -3.97        |
| time/                   |              |
|    fps                  | 1348         |
|    iterations           | 398          |
|    time_elapsed         | 604          |
|    total_timesteps      | 815104       |
| train/                  |              |
|    approx_kl            | 0.0050536445 |
|    clip_fraction        | 0.588        |
|    clip_range           | 0.0374       |
|    entropy_loss         | 5.35         |
|    explained_variance   | 0.997        |
|    learning_rate        | 4.67e-05     |
|    loss                 | 0.00722      |
|    n_updates            | 3970         |
|    policy_gradient_loss | 0.00306      |
|    std                  | 0.00798      |
|    value_loss           | 0.000953     |
------------------------------------------
-----------------------------------------
| rollout/                |             |
|    ep_len_mean          | 50          |
|    ep_rew_mean          | -3.7        |
| time/                   |             |
|    fps                  | 1348        |
|    iterations           | 399         |
|    time_elapsed         | 606         |
|    total_timesteps      | 817152      |
| train/                  |             |
|    approx_kl            | 0.007156041 |
|    clip_fraction        | 0.617       |
|    clip_range           | 0.037       |
|    entropy_loss         | 5.3         |
|    explained_variance   | 0.995       |
|    learning_rate        | 4.62e-05    |
|    loss                 | -0.00801    |
|    n_updates            | 3980        |
|    policy_gradient_loss | 0.00459     |
|    std                  | 0.00799     |
|    value_loss           | 0.00112     |
-----------------------------------------
------------------------------------------
| rollout/                |              |
|    ep_len_mean          | 50           |
|    ep_rew_mean          | -3.75        |
| time/                   |              |
|    fps                  | 1347         |
|    iterations           | 400          |
|    time_elapsed         | 607          |
|    total_timesteps      | 819200       |
| train/                  |              |
|    approx_kl            | 0.0059263106 |
|    clip_fraction        | 0.619        |
|    clip_range           | 0.0366       |
|    entropy_loss         | 5.41         |
|    explained_variance   | 0.991        |
|    learning_rate        | 4.57e-05     |
|    loss                 | 0.0144       |
|    n_updates            | 3990         |
|    policy_gradient_loss | 0.00208      |
|    std                  | 0.00799      |
|    value_loss           | 0.00148      |
------------------------------------------
------------------------------------------
| rollout/                |              |
|    ep_len_mean          | 50           |
|    ep_rew_mean          | -3.69        |
| time/                   |              |
|    fps                  | 1345         |
|    iterations           | 401          |
|    time_elapsed         | 610          |
|    total_timesteps      | 821248       |
| train/                  |              |
|    approx_kl            | 0.0062483056 |
|    clip_fraction        | 0.596        |
|    clip_range           | 0.0362       |
|    entropy_loss         | 5.34         |
|    explained_variance   | 0.998        |
|    learning_rate        | 4.52e-05     |
|    loss                 | 0.000396     |
|    n_updates            | 4000         |
|    policy_gradient_loss | 0.0055       |
|    std                  | 0.00797      |
|    value_loss           | 0.000662     |
------------------------------------------
------------------------------------------
| rollout/                |              |
|    ep_len_mean          | 50           |
|    ep_rew_mean          | -3.78        |
| time/                   |              |
|    fps                  | 1344         |
|    iterations           | 402          |
|    time_elapsed         | 612          |
|    total_timesteps      | 823296       |
| train/                  |              |
|    approx_kl            | 0.0055572228 |
|    clip_fraction        | 0.618        |
|    clip_range           | 0.0358       |
|    entropy_loss         | 5.36         |
|    explained_variance   | 0.997        |
|    learning_rate        | 4.47e-05     |
|    loss                 | -0.00656     |
|    n_updates            | 4010         |
|    policy_gradient_loss | 0.00346      |
|    std                  | 0.00796      |
|    value_loss           | 0.000654     |
------------------------------------------
-----------------------------------------
| rollout/                |             |
|    ep_len_mean          | 50          |
|    ep_rew_mean          | -3.78       |
| time/                   |             |
|    fps                  | 1344        |
|    iterations           | 403         |
|    time_elapsed         | 614         |
|    total_timesteps      | 825344      |
| train/                  |             |
|    approx_kl            | 0.005465539 |
|    clip_fraction        | 0.608       |
|    clip_range           | 0.0353      |
|    entropy_loss         | 5.34        |
|    explained_variance   | 0.991       |
|    learning_rate        | 4.42e-05    |
|    loss                 | -0.00328    |
|    n_updates            | 4020        |
|    policy_gradient_loss | 0.00113     |
|    std                  | 0.00795     |
|    value_loss           | 0.00267     |
-----------------------------------------
----------------------------------------
| rollout/                |            |
|    ep_len_mean          | 50         |
|    ep_rew_mean          | -3.54      |
| time/                   |            |
|    fps                  | 1343       |
|    iterations           | 404        |
|    time_elapsed         | 615        |
|    total_timesteps      | 827392     |
| train/                  |            |
|    approx_kl            | 0.00690737 |
|    clip_fraction        | 0.605      |
|    clip_range           | 0.0349     |
|    entropy_loss         | 5.38       |
|    explained_variance   | 0.997      |
|    learning_rate        | 4.37e-05   |
|    loss                 | -0.00605   |
|    n_updates            | 4030       |
|    policy_gradient_loss | 0.0018     |
|    std                  | 0.00795    |
|    value_loss           | 0.0005     |
----------------------------------------
------------------------------------------
| rollout/                |              |
|    ep_len_mean          | 50           |
|    ep_rew_mean          | -3.56        |
| time/                   |              |
|    fps                  | 1342         |
|    iterations           | 405          |
|    time_elapsed         | 617          |
|    total_timesteps      | 829440       |
| train/                  |              |
|    approx_kl            | 0.0064815255 |
|    clip_fraction        | 0.625        |
|    clip_range           | 0.0345       |
|    entropy_loss         | 5.43         |
|    explained_variance   | 0.994        |
|    learning_rate        | 4.32e-05     |
|    loss                 | 0.00883      |
|    n_updates            | 4040         |
|    policy_gradient_loss | 0.00318      |
|    std                  | 0.00794      |
|    value_loss           | 0.00088      |
------------------------------------------
------------------------------------------
| rollout/                |              |
|    ep_len_mean          | 50           |
|    ep_rew_mean          | -3.83        |
| time/                   |              |
|    fps                  | 1344         |
|    iterations           | 406          |
|    time_elapsed         | 618          |
|    total_timesteps      | 831488       |
| train/                  |              |
|    approx_kl            | 0.0048288563 |
|    clip_fraction        | 0.595        |
|    clip_range           | 0.0341       |
|    entropy_loss         | 5.36         |
|    explained_variance   | 0.988        |
|    learning_rate        | 4.26e-05     |
|    loss                 | -0.000407    |
|    n_updates            | 4050         |
|    policy_gradient_loss | 0.0048       |
|    std                  | 0.00795      |
|    value_loss           | 0.00133      |
------------------------------------------
------------------------------------------
| rollout/                |              |
|    ep_len_mean          | 50           |
|    ep_rew_mean          | -3.72        |
| time/                   |              |
|    fps                  | 1344         |
|    iterations           | 407          |
|    time_elapsed         | 620          |
|    total_timesteps      | 833536       |
| train/                  |              |
|    approx_kl            | 0.0061266418 |
|    clip_fraction        | 0.605        |
|    clip_range           | 0.0337       |
|    entropy_loss         | 5.36         |
|    explained_variance   | 0.986        |
|    learning_rate        | 4.21e-05     |
|    loss                 | 0.0122       |
|    n_updates            | 4060         |
|    policy_gradient_loss | 0.00368      |
|    std                  | 0.00794      |
|    value_loss           | 0.00283      |
------------------------------------------
------------------------------------------
| rollout/                |              |
|    ep_len_mean          | 50           |
|    ep_rew_mean          | -3.73        |
| time/                   |              |
|    fps                  | 1343         |
|    iterations           | 408          |
|    time_elapsed         | 622          |
|    total_timesteps      | 835584       |
| train/                  |              |
|    approx_kl            | 0.0059412196 |
|    clip_fraction        | 0.615        |
|    clip_range           | 0.0333       |
|    entropy_loss         | 5.42         |
|    explained_variance   | 0.993        |
|    learning_rate        | 4.16e-05     |
|    loss                 | -0.00889     |
|    n_updates            | 4070         |
|    policy_gradient_loss | 0.00303      |
|    std                  | 0.00794      |
|    value_loss           | 0.00116      |
------------------------------------------
------------------------------------------
| rollout/                |              |
|    ep_len_mean          | 50           |
|    ep_rew_mean          | -3.77        |
| time/                   |              |
|    fps                  | 1342         |
|    iterations           | 409          |
|    time_elapsed         | 623          |
|    total_timesteps      | 837632       |
| train/                  |              |
|    approx_kl            | 0.0043783556 |
|    clip_fraction        | 0.576        |
|    clip_range           | 0.0329       |
|    entropy_loss         | 5.31         |
|    explained_variance   | 0.995        |
|    learning_rate        | 4.11e-05     |
|    loss                 | 0.00553      |
|    n_updates            | 4080         |
|    policy_gradient_loss | 0.00198      |
|    std                  | 0.00794      |
|    value_loss           | 0.00219      |
------------------------------------------
-----------------------------------------
| rollout/                |             |
|    ep_len_mean          | 50          |
|    ep_rew_mean          | -3.91       |
| time/                   |             |
|    fps                  | 1342        |
|    iterations           | 410         |
|    time_elapsed         | 625         |
|    total_timesteps      | 839680      |
| train/                  |             |
|    approx_kl            | 0.007433863 |
|    clip_fraction        | 0.613       |
|    clip_range           | 0.0325      |
|    entropy_loss         | 5.36        |
|    explained_variance   | 0.995       |
|    learning_rate        | 4.06e-05    |
|    loss                 | 0.00657     |
|    n_updates            | 4090        |
|    policy_gradient_loss | 0.000767    |
|    std                  | 0.00793     |
|    value_loss           | 0.0013      |
-----------------------------------------
-----------------------------------------
| rollout/                |             |
|    ep_len_mean          | 50          |
|    ep_rew_mean          | -3.85       |
| time/                   |             |
|    fps                  | 1340        |
|    iterations           | 411         |
|    time_elapsed         | 627         |
|    total_timesteps      | 841728      |
| train/                  |             |
|    approx_kl            | 0.004636518 |
|    clip_fraction        | 0.593       |
|    clip_range           | 0.0321      |
|    entropy_loss         | 5.34        |
|    explained_variance   | 0.968       |
|    learning_rate        | 4.01e-05    |
|    loss                 | -0.00339    |
|    n_updates            | 4100        |
|    policy_gradient_loss | 0.000421    |
|    std                  | 0.00791     |
|    value_loss           | 0.00772     |
-----------------------------------------
-----------------------------------------
| rollout/                |             |
|    ep_len_mean          | 50          |
|    ep_rew_mean          | -3.89       |
| time/                   |             |
|    fps                  | 1340        |
|    iterations           | 412         |
|    time_elapsed         | 629         |
|    total_timesteps      | 843776      |
| train/                  |             |
|    approx_kl            | 0.006043974 |
|    clip_fraction        | 0.623       |
|    clip_range           | 0.0317      |
|    entropy_loss         | 5.38        |
|    explained_variance   | 0.976       |
|    learning_rate        | 3.96e-05    |
|    loss                 | 0.00936     |
|    n_updates            | 4110        |
|    policy_gradient_loss | 0.00339     |
|    std                  | 0.00792     |
|    value_loss           | 0.00233     |
-----------------------------------------
------------------------------------------
| rollout/                |              |
|    ep_len_mean          | 50           |
|    ep_rew_mean          | -3.9         |
| time/                   |              |
|    fps                  | 1339         |
|    iterations           | 413          |
|    time_elapsed         | 631          |
|    total_timesteps      | 845824       |
| train/                  |              |
|    approx_kl            | 0.0038128889 |
|    clip_fraction        | 0.584        |
|    clip_range           | 0.0312       |
|    entropy_loss         | 5.36         |
|    explained_variance   | 0.994        |
|    learning_rate        | 3.91e-05     |
|    loss                 | -0.0043      |
|    n_updates            | 4120         |
|    policy_gradient_loss | 0.00113      |
|    std                  | 0.00792      |
|    value_loss           | 0.00172      |
------------------------------------------
-----------------------------------------
| rollout/                |             |
|    ep_len_mean          | 50          |
|    ep_rew_mean          | -3.8        |
| time/                   |             |
|    fps                  | 1339        |
|    iterations           | 414         |
|    time_elapsed         | 632         |
|    total_timesteps      | 847872      |
| train/                  |             |
|    approx_kl            | 0.003643922 |
|    clip_fraction        | 0.595       |
|    clip_range           | 0.0308      |
|    entropy_loss         | 5.36        |
|    explained_variance   | 0.989       |
|    learning_rate        | 3.85e-05    |
|    loss                 | 0.0093      |
|    n_updates            | 4130        |
|    policy_gradient_loss | 0.00275     |
|    std                  | 0.00793     |
|    value_loss           | 0.00207     |
-----------------------------------------
----------------------------------------
| rollout/                |            |
|    ep_len_mean          | 50         |
|    ep_rew_mean          | -3.75      |
| time/                   |            |
|    fps                  | 1339       |
|    iterations           | 415        |
|    time_elapsed         | 634        |
|    total_timesteps      | 849920     |
| train/                  |            |
|    approx_kl            | 0.00540348 |
|    clip_fraction        | 0.62       |
|    clip_range           | 0.0304     |
|    entropy_loss         | 5.36       |
|    explained_variance   | 0.989      |
|    learning_rate        | 3.8e-05    |
|    loss                 | -0.0065    |
|    n_updates            | 4140       |
|    policy_gradient_loss | 0.00213    |
|    std                  | 0.00792    |
|    value_loss           | 0.000975   |
----------------------------------------
------------------------------------------
| rollout/                |              |
|    ep_len_mean          | 50           |
|    ep_rew_mean          | -3.56        |
| time/                   |              |
|    fps                  | 1337         |
|    iterations           | 416          |
|    time_elapsed         | 637          |
|    total_timesteps      | 851968       |
| train/                  |              |
|    approx_kl            | 0.0046713627 |
|    clip_fraction        | 0.641        |
|    clip_range           | 0.03         |
|    entropy_loss         | 5.37         |
|    explained_variance   | 0.996        |
|    learning_rate        | 3.75e-05     |
|    loss                 | -0.0018      |
|    n_updates            | 4150         |
|    policy_gradient_loss | 0.000276     |
|    std                  | 0.00794      |
|    value_loss           | 0.000829     |
------------------------------------------
------------------------------------------
| rollout/                |              |
|    ep_len_mean          | 50           |
|    ep_rew_mean          | -3.59        |
| time/                   |              |
|    fps                  | 1336         |
|    iterations           | 417          |
|    time_elapsed         | 638          |
|    total_timesteps      | 854016       |
| train/                  |              |
|    approx_kl            | 0.0046325466 |
|    clip_fraction        | 0.627        |
|    clip_range           | 0.0296       |
|    entropy_loss         | 5.43         |
|    explained_variance   | 0.996        |
|    learning_rate        | 3.7e-05      |
|    loss                 | -0.0024      |
|    n_updates            | 4160         |
|    policy_gradient_loss | 0.00298      |
|    std                  | 0.00794      |
|    value_loss           | 0.000606     |
------------------------------------------
-----------------------------------------
| rollout/                |             |
|    ep_len_mean          | 50          |
|    ep_rew_mean          | -3.67       |
| time/                   |             |
|    fps                  | 1336        |
|    iterations           | 418         |
|    time_elapsed         | 640         |
|    total_timesteps      | 856064      |
| train/                  |             |
|    approx_kl            | 0.005538867 |
|    clip_fraction        | 0.632       |
|    clip_range           | 0.0292      |
|    entropy_loss         | 5.38        |
|    explained_variance   | 0.993       |
|    learning_rate        | 3.65e-05    |
|    loss                 | -0.000454   |
|    n_updates            | 4170        |
|    policy_gradient_loss | 0.000597    |
|    std                  | 0.00793     |
|    value_loss           | 0.00155     |
-----------------------------------------
-----------------------------------------
| rollout/                |             |
|    ep_len_mean          | 50          |
|    ep_rew_mean          | -3.96       |
| time/                   |             |
|    fps                  | 1335        |
|    iterations           | 419         |
|    time_elapsed         | 642         |
|    total_timesteps      | 858112      |
| train/                  |             |
|    approx_kl            | 0.004809265 |
|    clip_fraction        | 0.612       |
|    clip_range           | 0.0288      |
|    entropy_loss         | 5.36        |
|    explained_variance   | 0.994       |
|    learning_rate        | 3.6e-05     |
|    loss                 | 0.0191      |
|    n_updates            | 4180        |
|    policy_gradient_loss | 0.00415     |
|    std                  | 0.00792     |
|    value_loss           | 0.000892    |
-----------------------------------------
-----------------------------------------
| rollout/                |             |
|    ep_len_mean          | 50          |
|    ep_rew_mean          | -3.81       |
| time/                   |             |
|    fps                  | 1334        |
|    iterations           | 420         |
|    time_elapsed         | 644         |
|    total_timesteps      | 860160      |
| train/                  |             |
|    approx_kl            | 0.004277274 |
|    clip_fraction        | 0.6         |
|    clip_range           | 0.0284      |
|    entropy_loss         | 5.39        |
|    explained_variance   | 0.948       |
|    learning_rate        | 3.55e-05    |
|    loss                 | -0.00209    |
|    n_updates            | 4190        |
|    policy_gradient_loss | -0.00111    |
|    std                  | 0.00791     |
|    value_loss           | 0.0218      |
-----------------------------------------
------------------------------------------
| rollout/                |              |
|    ep_len_mean          | 50           |
|    ep_rew_mean          | -3.69        |
| time/                   |              |
|    fps                  | 1334         |
|    iterations           | 421          |
|    time_elapsed         | 646          |
|    total_timesteps      | 862208       |
| train/                  |              |
|    approx_kl            | 0.0029021096 |
|    clip_fraction        | 0.595        |
|    clip_range           | 0.028        |
|    entropy_loss         | 5.37         |
|    explained_variance   | 0.993        |
|    learning_rate        | 3.5e-05      |
|    loss                 | 0.0136       |
|    n_updates            | 4200         |
|    policy_gradient_loss | 0.00155      |
|    std                  | 0.0079       |
|    value_loss           | 0.00187      |
------------------------------------------
-----------------------------------------
| rollout/                |             |
|    ep_len_mean          | 50          |
|    ep_rew_mean          | -3.84       |
| time/                   |             |
|    fps                  | 1334        |
|    iterations           | 422         |
|    time_elapsed         | 647         |
|    total_timesteps      | 864256      |
| train/                  |             |
|    approx_kl            | 0.004579638 |
|    clip_fraction        | 0.59        |
|    clip_range           | 0.0276      |
|    entropy_loss         | 5.38        |
|    explained_variance   | 0.996       |
|    learning_rate        | 3.44e-05    |
|    loss                 | 0.0187      |
|    n_updates            | 4210        |
|    policy_gradient_loss | 0.00158     |
|    std                  | 0.0079      |
|    value_loss           | 0.000919    |
-----------------------------------------
------------------------------------------
| rollout/                |              |
|    ep_len_mean          | 50           |
|    ep_rew_mean          | -3.73        |
| time/                   |              |
|    fps                  | 1337         |
|    iterations           | 423          |
|    time_elapsed         | 647          |
|    total_timesteps      | 866304       |
| train/                  |              |
|    approx_kl            | 0.0050106607 |
|    clip_fraction        | 0.624        |
|    clip_range           | 0.0271       |
|    entropy_loss         | 5.38         |
|    explained_variance   | 0.995        |
|    learning_rate        | 3.39e-05     |
|    loss                 | 0.00559      |
|    n_updates            | 4220         |
|    policy_gradient_loss | 0.00166      |
|    std                  | 0.00789      |
|    value_loss           | 0.00146      |
------------------------------------------
-----------------------------------------
| rollout/                |             |
|    ep_len_mean          | 50          |
|    ep_rew_mean          | -3.84       |
| time/                   |             |
|    fps                  | 1337        |
|    iterations           | 424         |
|    time_elapsed         | 649         |
|    total_timesteps      | 868352      |
| train/                  |             |
|    approx_kl            | 0.005065217 |
|    clip_fraction        | 0.622       |
|    clip_range           | 0.0267      |
|    entropy_loss         | 5.4         |
|    explained_variance   | 0.99        |
|    learning_rate        | 3.34e-05    |
|    loss                 | -0.00112    |
|    n_updates            | 4230        |
|    policy_gradient_loss | 0.00436     |
|    std                  | 0.00788     |
|    value_loss           | 0.00256     |
-----------------------------------------
------------------------------------------
| rollout/                |              |
|    ep_len_mean          | 50           |
|    ep_rew_mean          | -3.92        |
| time/                   |              |
|    fps                  | 1335         |
|    iterations           | 425          |
|    time_elapsed         | 651          |
|    total_timesteps      | 870400       |
| train/                  |              |
|    approx_kl            | 0.0028496832 |
|    clip_fraction        | 0.612        |
|    clip_range           | 0.0263       |
|    entropy_loss         | 5.4          |
|    explained_variance   | 0.99         |
|    learning_rate        | 3.29e-05     |
|    loss                 | 0.00287      |
|    n_updates            | 4240         |
|    policy_gradient_loss | 0.00281      |
|    std                  | 0.00787      |
|    value_loss           | 0.00528      |
------------------------------------------
------------------------------------------
| rollout/                |              |
|    ep_len_mean          | 50           |
|    ep_rew_mean          | -3.69        |
| time/                   |              |
|    fps                  | 1335         |
|    iterations           | 426          |
|    time_elapsed         | 653          |
|    total_timesteps      | 872448       |
| train/                  |              |
|    approx_kl            | 0.0027834466 |
|    clip_fraction        | 0.624        |
|    clip_range           | 0.0259       |
|    entropy_loss         | 5.33         |
|    explained_variance   | 0.954        |
|    learning_rate        | 3.24e-05     |
|    loss                 | 0.00324      |
|    n_updates            | 4250         |
|    policy_gradient_loss | 0.000463     |
|    std                  | 0.00787      |
|    value_loss           | 0.0151       |
------------------------------------------
------------------------------------------
| rollout/                |              |
|    ep_len_mean          | 50           |
|    ep_rew_mean          | -3.78        |
| time/                   |              |
|    fps                  | 1334         |
|    iterations           | 427          |
|    time_elapsed         | 655          |
|    total_timesteps      | 874496       |
| train/                  |              |
|    approx_kl            | 0.0021599478 |
|    clip_fraction        | 0.59         |
|    clip_range           | 0.0255       |
|    entropy_loss         | 5.42         |
|    explained_variance   | 0.995        |
|    learning_rate        | 3.19e-05     |
|    loss                 | 0.0067       |
|    n_updates            | 4260         |
|    policy_gradient_loss | 0.0023       |
|    std                  | 0.00787      |
|    value_loss           | 0.00104      |
------------------------------------------
-----------------------------------------
| rollout/                |             |
|    ep_len_mean          | 50          |
|    ep_rew_mean          | -3.8        |
| time/                   |             |
|    fps                  | 1334        |
|    iterations           | 428         |
|    time_elapsed         | 656         |
|    total_timesteps      | 876544      |
| train/                  |             |
|    approx_kl            | 0.002485307 |
|    clip_fraction        | 0.611       |
|    clip_range           | 0.0251      |
|    entropy_loss         | 5.4         |
|    explained_variance   | 0.997       |
|    learning_rate        | 3.14e-05    |
|    loss                 | 0.00674     |
|    n_updates            | 4270        |
|    policy_gradient_loss | 0.0026      |
|    std                  | 0.00787     |
|    value_loss           | 0.000512    |
-----------------------------------------
------------------------------------------
| rollout/                |              |
|    ep_len_mean          | 50           |
|    ep_rew_mean          | -3.89        |
| time/                   |              |
|    fps                  | 1334         |
|    iterations           | 429          |
|    time_elapsed         | 658          |
|    total_timesteps      | 878592       |
| train/                  |              |
|    approx_kl            | 0.0028620136 |
|    clip_fraction        | 0.616        |
|    clip_range           | 0.0247       |
|    entropy_loss         | 5.39         |
|    explained_variance   | 0.991        |
|    learning_rate        | 3.09e-05     |
|    loss                 | 0.00154      |
|    n_updates            | 4280         |
|    policy_gradient_loss | 0.00365      |
|    std                  | 0.00787      |
|    value_loss           | 0.00401      |
------------------------------------------
-----------------------------------------
| rollout/                |             |
|    ep_len_mean          | 50          |
|    ep_rew_mean          | -3.77       |
| time/                   |             |
|    fps                  | 1332        |
|    iterations           | 430         |
|    time_elapsed         | 660         |
|    total_timesteps      | 880640      |
| train/                  |             |
|    approx_kl            | 0.002638328 |
|    clip_fraction        | 0.609       |
|    clip_range           | 0.0243      |
|    entropy_loss         | 5.39        |
|    explained_variance   | 0.997       |
|    learning_rate        | 3.04e-05    |
|    loss                 | 0.00239     |
|    n_updates            | 4290        |
|    policy_gradient_loss | 0.00258     |
|    std                  | 0.00786     |
|    value_loss           | 0.000986    |
-----------------------------------------
------------------------------------------
| rollout/                |              |
|    ep_len_mean          | 50           |
|    ep_rew_mean          | -3.81        |
| time/                   |              |
|    fps                  | 1332         |
|    iterations           | 431          |
|    time_elapsed         | 662          |
|    total_timesteps      | 882688       |
| train/                  |              |
|    approx_kl            | 0.0027392535 |
|    clip_fraction        | 0.584        |
|    clip_range           | 0.0239       |
|    entropy_loss         | 5.38         |
|    explained_variance   | 0.994        |
|    learning_rate        | 2.98e-05     |
|    loss                 | -0.00261     |
|    n_updates            | 4300         |
|    policy_gradient_loss | 0.00207      |
|    std                  | 0.00787      |
|    value_loss           | 0.00111      |
------------------------------------------
-----------------------------------------
| rollout/                |             |
|    ep_len_mean          | 50          |
|    ep_rew_mean          | -4.03       |
| time/                   |             |
|    fps                  | 1332        |
|    iterations           | 432         |
|    time_elapsed         | 663         |
|    total_timesteps      | 884736      |
| train/                  |             |
|    approx_kl            | 0.005596545 |
|    clip_fraction        | 0.628       |
|    clip_range           | 0.0235      |
|    entropy_loss         | 5.4         |
|    explained_variance   | 0.992       |
|    learning_rate        | 2.93e-05    |
|    loss                 | 0.00311     |
|    n_updates            | 4310        |
|    policy_gradient_loss | 0.0033      |
|    std                  | 0.00786     |
|    value_loss           | 0.00194     |
-----------------------------------------
------------------------------------------
| rollout/                |              |
|    ep_len_mean          | 50           |
|    ep_rew_mean          | -4.04        |
| time/                   |              |
|    fps                  | 1332         |
|    iterations           | 433          |
|    time_elapsed         | 665          |
|    total_timesteps      | 886784       |
| train/                  |              |
|    approx_kl            | 0.0025153947 |
|    clip_fraction        | 0.637        |
|    clip_range           | 0.0231       |
|    entropy_loss         | 5.43         |
|    explained_variance   | 0.995        |
|    learning_rate        | 2.88e-05     |
|    loss                 | 0.00237      |
|    n_updates            | 4320         |
|    policy_gradient_loss | 0.00282      |
|    std                  | 0.00785      |
|    value_loss           | 0.00168      |
------------------------------------------
------------------------------------------
| rollout/                |              |
|    ep_len_mean          | 50           |
|    ep_rew_mean          | -3.91        |
| time/                   |              |
|    fps                  | 1331         |
|    iterations           | 434          |
|    time_elapsed         | 667          |
|    total_timesteps      | 888832       |
| train/                  |              |
|    approx_kl            | 0.0028765758 |
|    clip_fraction        | 0.628        |
|    clip_range           | 0.0226       |
|    entropy_loss         | 5.4          |
|    explained_variance   | 0.994        |
|    learning_rate        | 2.83e-05     |
|    loss                 | -0.00109     |
|    n_updates            | 4330         |
|    policy_gradient_loss | 0.00157      |
|    std                  | 0.00785      |
|    value_loss           | 0.0022       |
------------------------------------------
------------------------------------------
| rollout/                |              |
|    ep_len_mean          | 50           |
|    ep_rew_mean          | -3.9         |
| time/                   |              |
|    fps                  | 1329         |
|    iterations           | 435          |
|    time_elapsed         | 669          |
|    total_timesteps      | 890880       |
| train/                  |              |
|    approx_kl            | 0.0018549479 |
|    clip_fraction        | 0.579        |
|    clip_range           | 0.0222       |
|    entropy_loss         | 5.45         |
|    explained_variance   | 0.996        |
|    learning_rate        | 2.78e-05     |
|    loss                 | 0.00153      |
|    n_updates            | 4340         |
|    policy_gradient_loss | 0.00236      |
|    std                  | 0.00784      |
|    value_loss           | 0.00153      |
------------------------------------------
------------------------------------------
| rollout/                |              |
|    ep_len_mean          | 50           |
|    ep_rew_mean          | -3.81        |
| time/                   |              |
|    fps                  | 1329         |
|    iterations           | 436          |
|    time_elapsed         | 671          |
|    total_timesteps      | 892928       |
| train/                  |              |
|    approx_kl            | 0.0022805007 |
|    clip_fraction        | 0.609        |
|    clip_range           | 0.0218       |
|    entropy_loss         | 5.39         |
|    explained_variance   | 0.997        |
|    learning_rate        | 2.73e-05     |
|    loss                 | -0.0012      |
|    n_updates            | 4350         |
|    policy_gradient_loss | 0.00127      |
|    std                  | 0.00784      |
|    value_loss           | 0.000608     |
------------------------------------------
------------------------------------------
| rollout/                |              |
|    ep_len_mean          | 50           |
|    ep_rew_mean          | -3.69        |
| time/                   |              |
|    fps                  | 1329         |
|    iterations           | 437          |
|    time_elapsed         | 673          |
|    total_timesteps      | 894976       |
| train/                  |              |
|    approx_kl            | 0.0037435233 |
|    clip_fraction        | 0.621        |
|    clip_range           | 0.0214       |
|    entropy_loss         | 5.45         |
|    explained_variance   | 0.997        |
|    learning_rate        | 2.68e-05     |
|    loss                 | -0.00104     |
|    n_updates            | 4360         |
|    policy_gradient_loss | 0.000764     |
|    std                  | 0.00783      |
|    value_loss           | 0.000566     |
------------------------------------------
------------------------------------------
| rollout/                |              |
|    ep_len_mean          | 50           |
|    ep_rew_mean          | -3.41        |
| time/                   |              |
|    fps                  | 1329         |
|    iterations           | 438          |
|    time_elapsed         | 674          |
|    total_timesteps      | 897024       |
| train/                  |              |
|    approx_kl            | 0.0028767837 |
|    clip_fraction        | 0.629        |
|    clip_range           | 0.021        |
|    entropy_loss         | 5.44         |
|    explained_variance   | 0.996        |
|    learning_rate        | 2.63e-05     |
|    loss                 | -0.00107     |
|    n_updates            | 4370         |
|    policy_gradient_loss | 0.00373      |
|    std                  | 0.00782      |
|    value_loss           | 0.00118      |
------------------------------------------
------------------------------------------
| rollout/                |              |
|    ep_len_mean          | 50           |
|    ep_rew_mean          | -3.49        |
| time/                   |              |
|    fps                  | 1329         |
|    iterations           | 439          |
|    time_elapsed         | 676          |
|    total_timesteps      | 899072       |
| train/                  |              |
|    approx_kl            | 0.0029189466 |
|    clip_fraction        | 0.618        |
|    clip_range           | 0.0206       |
|    entropy_loss         | 5.43         |
|    explained_variance   | 0.994        |
|    learning_rate        | 2.57e-05     |
|    loss                 | -0.000885    |
|    n_updates            | 4380         |
|    policy_gradient_loss | 0.000907     |
|    std                  | 0.00783      |
|    value_loss           | 0.000795     |
------------------------------------------
-----------------------------------------
| rollout/                |             |
|    ep_len_mean          | 50          |
|    ep_rew_mean          | -3.73       |
| time/                   |             |
|    fps                  | 1327        |
|    iterations           | 440         |
|    time_elapsed         | 678         |
|    total_timesteps      | 901120      |
| train/                  |             |
|    approx_kl            | 0.001662158 |
|    clip_fraction        | 0.613       |
|    clip_range           | 0.0202      |
|    entropy_loss         | 5.36        |
|    explained_variance   | 0.996       |
|    learning_rate        | 2.52e-05    |
|    loss                 | -0.00211    |
|    n_updates            | 4390        |
|    policy_gradient_loss | 0.00117     |
|    std                  | 0.00783     |
|    value_loss           | 0.00104     |
-----------------------------------------
------------------------------------------
| rollout/                |              |
|    ep_len_mean          | 50           |
|    ep_rew_mean          | -3.88        |
| time/                   |              |
|    fps                  | 1330         |
|    iterations           | 441          |
|    time_elapsed         | 678          |
|    total_timesteps      | 903168       |
| train/                  |              |
|    approx_kl            | 0.0021280854 |
|    clip_fraction        | 0.623        |
|    clip_range           | 0.0198       |
|    entropy_loss         | 5.38         |
|    explained_variance   | 0.975        |
|    learning_rate        | 2.47e-05     |
|    loss                 | 0.0121       |
|    n_updates            | 4400         |
|    policy_gradient_loss | 0.00296      |
|    std                  | 0.00782      |
|    value_loss           | 0.00286      |
------------------------------------------
------------------------------------------
| rollout/                |              |
|    ep_len_mean          | 50           |
|    ep_rew_mean          | -3.85        |
| time/                   |              |
|    fps                  | 1330         |
|    iterations           | 442          |
|    time_elapsed         | 680          |
|    total_timesteps      | 905216       |
| train/                  |              |
|    approx_kl            | 0.0020089648 |
|    clip_fraction        | 0.62         |
|    clip_range           | 0.0194       |
|    entropy_loss         | 5.37         |
|    explained_variance   | 0.973        |
|    learning_rate        | 2.42e-05     |
|    loss                 | 0.00191      |
|    n_updates            | 4410         |
|    policy_gradient_loss | 0.00103      |
|    std                  | 0.00782      |
|    value_loss           | 0.00951      |
------------------------------------------
------------------------------------------
| rollout/                |              |
|    ep_len_mean          | 50           |
|    ep_rew_mean          | -4.08        |
| time/                   |              |
|    fps                  | 1329         |
|    iterations           | 443          |
|    time_elapsed         | 682          |
|    total_timesteps      | 907264       |
| train/                  |              |
|    approx_kl            | 0.0031218021 |
|    clip_fraction        | 0.619        |
|    clip_range           | 0.019        |
|    entropy_loss         | 5.4          |
|    explained_variance   | 0.983        |
|    learning_rate        | 2.37e-05     |
|    loss                 | 0.00441      |
|    n_updates            | 4420         |
|    policy_gradient_loss | 8.92e-05     |
|    std                  | 0.00781      |
|    value_loss           | 0.00217      |
------------------------------------------
------------------------------------------
| rollout/                |              |
|    ep_len_mean          | 50           |
|    ep_rew_mean          | -4.04        |
| time/                   |              |
|    fps                  | 1329         |
|    iterations           | 444          |
|    time_elapsed         | 683          |
|    total_timesteps      | 909312       |
| train/                  |              |
|    approx_kl            | 0.0012171558 |
|    clip_fraction        | 0.606        |
|    clip_range           | 0.0185       |
|    entropy_loss         | 5.4          |
|    explained_variance   | 0.996        |
|    learning_rate        | 2.32e-05     |
|    loss                 | 0.00149      |
|    n_updates            | 4430         |
|    policy_gradient_loss | 0.00211      |
|    std                  | 0.00781      |
|    value_loss           | 0.000837     |
------------------------------------------
------------------------------------------
| rollout/                |              |
|    ep_len_mean          | 50           |
|    ep_rew_mean          | -3.78        |
| time/                   |              |
|    fps                  | 1327         |
|    iterations           | 445          |
|    time_elapsed         | 686          |
|    total_timesteps      | 911360       |
| train/                  |              |
|    approx_kl            | 0.0018501282 |
|    clip_fraction        | 0.592        |
|    clip_range           | 0.0181       |
|    entropy_loss         | 5.4          |
|    explained_variance   | 0.994        |
|    learning_rate        | 2.27e-05     |
|    loss                 | -0.00398     |
|    n_updates            | 4440         |
|    policy_gradient_loss | 0.00187      |
|    std                  | 0.00782      |
|    value_loss           | 0.0015       |
------------------------------------------
------------------------------------------
| rollout/                |              |
|    ep_len_mean          | 50           |
|    ep_rew_mean          | -3.75        |
| time/                   |              |
|    fps                  | 1326         |
|    iterations           | 446          |
|    time_elapsed         | 688          |
|    total_timesteps      | 913408       |
| train/                  |              |
|    approx_kl            | 0.0013271276 |
|    clip_fraction        | 0.602        |
|    clip_range           | 0.0177       |
|    entropy_loss         | 5.44         |
|    explained_variance   | 0.996        |
|    learning_rate        | 2.22e-05     |
|    loss                 | -0.000484    |
|    n_updates            | 4450         |
|    policy_gradient_loss | 0.00136      |
|    std                  | 0.00781      |
|    value_loss           | 0.00099      |
------------------------------------------
------------------------------------------
| rollout/                |              |
|    ep_len_mean          | 50           |
|    ep_rew_mean          | -3.62        |
| time/                   |              |
|    fps                  | 1326         |
|    iterations           | 447          |
|    time_elapsed         | 690          |
|    total_timesteps      | 915456       |
| train/                  |              |
|    approx_kl            | 0.0018217568 |
|    clip_fraction        | 0.644        |
|    clip_range           | 0.0173       |
|    entropy_loss         | 5.42         |
|    explained_variance   | 0.996        |
|    learning_rate        | 2.16e-05     |
|    loss                 | -0.00441     |
|    n_updates            | 4460         |
|    policy_gradient_loss | 0.00074      |
|    std                  | 0.00781      |
|    value_loss           | 0.00114      |
------------------------------------------
------------------------------------------
| rollout/                |              |
|    ep_len_mean          | 50           |
|    ep_rew_mean          | -3.67        |
| time/                   |              |
|    fps                  | 1326         |
|    iterations           | 448          |
|    time_elapsed         | 691          |
|    total_timesteps      | 917504       |
| train/                  |              |
|    approx_kl            | 0.0013229387 |
|    clip_fraction        | 0.604        |
|    clip_range           | 0.0169       |
|    entropy_loss         | 5.43         |
|    explained_variance   | 0.997        |
|    learning_rate        | 2.11e-05     |
|    loss                 | -0.00312     |
|    n_updates            | 4470         |
|    policy_gradient_loss | 0.00183      |
|    std                  | 0.00781      |
|    value_loss           | 0.000703     |
------------------------------------------
------------------------------------------
| rollout/                |              |
|    ep_len_mean          | 50           |
|    ep_rew_mean          | -3.73        |
| time/                   |              |
|    fps                  | 1325         |
|    iterations           | 449          |
|    time_elapsed         | 693          |
|    total_timesteps      | 919552       |
| train/                  |              |
|    approx_kl            | 0.0018916212 |
|    clip_fraction        | 0.637        |
|    clip_range           | 0.0165       |
|    entropy_loss         | 5.42         |
|    explained_variance   | 0.994        |
|    learning_rate        | 2.06e-05     |
|    loss                 | -5.57e-05    |
|    n_updates            | 4480         |
|    policy_gradient_loss | 0.00194      |
|    std                  | 0.00781      |
|    value_loss           | 0.00231      |
------------------------------------------
------------------------------------------
| rollout/                |              |
|    ep_len_mean          | 50           |
|    ep_rew_mean          | -3.69        |
| time/                   |              |
|    fps                  | 1324         |
|    iterations           | 450          |
|    time_elapsed         | 695          |
|    total_timesteps      | 921600       |
| train/                  |              |
|    approx_kl            | 0.0012945865 |
|    clip_fraction        | 0.606        |
|    clip_range           | 0.0161       |
|    entropy_loss         | 5.4          |
|    explained_variance   | 0.994        |
|    learning_rate        | 2.01e-05     |
|    loss                 | 0.0018       |
|    n_updates            | 4490         |
|    policy_gradient_loss | 0.00125      |
|    std                  | 0.00781      |
|    value_loss           | 0.00149      |
------------------------------------------
------------------------------------------
| rollout/                |              |
|    ep_len_mean          | 50           |
|    ep_rew_mean          | -3.83        |
| time/                   |              |
|    fps                  | 1324         |
|    iterations           | 451          |
|    time_elapsed         | 697          |
|    total_timesteps      | 923648       |
| train/                  |              |
|    approx_kl            | 0.0011786298 |
|    clip_fraction        | 0.604        |
|    clip_range           | 0.0157       |
|    entropy_loss         | 5.39         |
|    explained_variance   | 0.997        |
|    learning_rate        | 1.96e-05     |
|    loss                 | -5.07e-05    |
|    n_updates            | 4500         |
|    policy_gradient_loss | 0.000636     |
|    std                  | 0.0078       |
|    value_loss           | 0.000661     |
------------------------------------------
------------------------------------------
| rollout/                |              |
|    ep_len_mean          | 50           |
|    ep_rew_mean          | -3.98        |
| time/                   |              |
|    fps                  | 1324         |
|    iterations           | 452          |
|    time_elapsed         | 699          |
|    total_timesteps      | 925696       |
| train/                  |              |
|    approx_kl            | 0.0012746013 |
|    clip_fraction        | 0.618        |
|    clip_range           | 0.0153       |
|    entropy_loss         | 5.42         |
|    explained_variance   | 0.996        |
|    learning_rate        | 1.91e-05     |
|    loss                 | 0.000989     |
|    n_updates            | 4510         |
|    policy_gradient_loss | 0.000251     |
|    std                  | 0.0078       |
|    value_loss           | 0.0018       |
------------------------------------------
------------------------------------------
| rollout/                |              |
|    ep_len_mean          | 50           |
|    ep_rew_mean          | -3.94        |
| time/                   |              |
|    fps                  | 1323         |
|    iterations           | 453          |
|    time_elapsed         | 700          |
|    total_timesteps      | 927744       |
| train/                  |              |
|    approx_kl            | 0.0010208581 |
|    clip_fraction        | 0.614        |
|    clip_range           | 0.0149       |
|    entropy_loss         | 5.46         |
|    explained_variance   | 0.995        |
|    learning_rate        | 1.86e-05     |
|    loss                 | 0.000244     |
|    n_updates            | 4520         |
|    policy_gradient_loss | 0.00114      |
|    std                  | 0.00779      |
|    value_loss           | 0.00139      |
------------------------------------------
------------------------------------------
| rollout/                |              |
|    ep_len_mean          | 50           |
|    ep_rew_mean          | -3.82        |
| time/                   |              |
|    fps                  | 1323         |
|    iterations           | 454          |
|    time_elapsed         | 702          |
|    total_timesteps      | 929792       |
| train/                  |              |
|    approx_kl            | 0.0010682145 |
|    clip_fraction        | 0.612        |
|    clip_range           | 0.0145       |
|    entropy_loss         | 5.46         |
|    explained_variance   | 0.997        |
|    learning_rate        | 1.81e-05     |
|    loss                 | 0.00143      |
|    n_updates            | 4530         |
|    policy_gradient_loss | 0.00167      |
|    std                  | 0.00779      |
|    value_loss           | 0.000857     |
------------------------------------------
------------------------------------------
| rollout/                |              |
|    ep_len_mean          | 50           |
|    ep_rew_mean          | -3.72        |
| time/                   |              |
|    fps                  | 1322         |
|    iterations           | 455          |
|    time_elapsed         | 704          |
|    total_timesteps      | 931840       |
| train/                  |              |
|    approx_kl            | 0.0011778167 |
|    clip_fraction        | 0.603        |
|    clip_range           | 0.014        |
|    entropy_loss         | 5.42         |
|    explained_variance   | 0.996        |
|    learning_rate        | 1.76e-05     |
|    loss                 | -0.000388    |
|    n_updates            | 4540         |
|    policy_gradient_loss | 0.000386     |
|    std                  | 0.00778      |
|    value_loss           | 0.00108      |
------------------------------------------
------------------------------------------
| rollout/                |              |
|    ep_len_mean          | 50           |
|    ep_rew_mean          | -3.92        |
| time/                   |              |
|    fps                  | 1322         |
|    iterations           | 456          |
|    time_elapsed         | 706          |
|    total_timesteps      | 933888       |
| train/                  |              |
|    approx_kl            | 0.0012587272 |
|    clip_fraction        | 0.613        |
|    clip_range           | 0.0136       |
|    entropy_loss         | 5.4          |
|    explained_variance   | 0.997        |
|    learning_rate        | 1.7e-05      |
|    loss                 | 0.000165     |
|    n_updates            | 4550         |
|    policy_gradient_loss | 0.0014       |
|    std                  | 0.00778      |
|    value_loss           | 0.00134      |
------------------------------------------
------------------------------------------
| rollout/                |              |
|    ep_len_mean          | 50           |
|    ep_rew_mean          | -3.78        |
| time/                   |              |
|    fps                  | 1322         |
|    iterations           | 457          |
|    time_elapsed         | 707          |
|    total_timesteps      | 935936       |
| train/                  |              |
|    approx_kl            | 0.0010134336 |
|    clip_fraction        | 0.602        |
|    clip_range           | 0.0132       |
|    entropy_loss         | 5.4          |
|    explained_variance   | 0.996        |
|    learning_rate        | 1.65e-05     |
|    loss                 | 0.00318      |
|    n_updates            | 4560         |
|    policy_gradient_loss | 0.000516     |
|    std                  | 0.00777      |
|    value_loss           | 0.00155      |
------------------------------------------
-------------------------------------------
| rollout/                |               |
|    ep_len_mean          | 50            |
|    ep_rew_mean          | -3.73         |
| time/                   |               |
|    fps                  | 1325          |
|    iterations           | 458           |
|    time_elapsed         | 707           |
|    total_timesteps      | 937984        |
| train/                  |               |
|    approx_kl            | 0.00086078356 |
|    clip_fraction        | 0.613         |
|    clip_range           | 0.0128        |
|    entropy_loss         | 5.41          |
|    explained_variance   | 0.997         |
|    learning_rate        | 1.6e-05       |
|    loss                 | 0.000977      |
|    n_updates            | 4570          |
|    policy_gradient_loss | 0.00188       |
|    std                  | 0.00777       |
|    value_loss           | 0.000724      |
-------------------------------------------
-------------------------------------------
| rollout/                |               |
|    ep_len_mean          | 50            |
|    ep_rew_mean          | -4.12         |
| time/                   |               |
|    fps                  | 1324          |
|    iterations           | 459           |
|    time_elapsed         | 709           |
|    total_timesteps      | 940032        |
| train/                  |               |
|    approx_kl            | 0.00047360905 |
|    clip_fraction        | 0.572         |
|    clip_range           | 0.0124        |
|    entropy_loss         | 5.44          |
|    explained_variance   | 0.995         |
|    learning_rate        | 1.55e-05      |
|    loss                 | -0.00141      |
|    n_updates            | 4580          |
|    policy_gradient_loss | 0.00134       |
|    std                  | 0.00777       |
|    value_loss           | 0.00091       |
-------------------------------------------
-------------------------------------------
| rollout/                |               |
|    ep_len_mean          | 50            |
|    ep_rew_mean          | -4.17         |
| time/                   |               |
|    fps                  | 1323          |
|    iterations           | 460           |
|    time_elapsed         | 711           |
|    total_timesteps      | 942080        |
| train/                  |               |
|    approx_kl            | 0.00087939424 |
|    clip_fraction        | 0.63          |
|    clip_range           | 0.012         |
|    entropy_loss         | 5.34          |
|    explained_variance   | 0.955         |
|    learning_rate        | 1.5e-05       |
|    loss                 | 0.0023        |
|    n_updates            | 4590          |
|    policy_gradient_loss | 0.000403      |
|    std                  | 0.00776       |
|    value_loss           | 0.0302        |
-------------------------------------------
------------------------------------------
| rollout/                |              |
|    ep_len_mean          | 50           |
|    ep_rew_mean          | -4.03        |
| time/                   |              |
|    fps                  | 1323         |
|    iterations           | 461          |
|    time_elapsed         | 713          |
|    total_timesteps      | 944128       |
| train/                  |              |
|    approx_kl            | 0.0005868488 |
|    clip_fraction        | 0.597        |
|    clip_range           | 0.0116       |
|    entropy_loss         | 5.41         |
|    explained_variance   | 0.983        |
|    learning_rate        | 1.45e-05     |
|    loss                 | 0.00689      |
|    n_updates            | 4600         |
|    policy_gradient_loss | 0.00118      |
|    std                  | 0.00776      |
|    value_loss           | 0.0135       |
------------------------------------------
------------------------------------------
| rollout/                |              |
|    ep_len_mean          | 50           |
|    ep_rew_mean          | -3.71        |
| time/                   |              |
|    fps                  | 1322         |
|    iterations           | 462          |
|    time_elapsed         | 715          |
|    total_timesteps      | 946176       |
| train/                  |              |
|    approx_kl            | 0.0004981761 |
|    clip_fraction        | 0.583        |
|    clip_range           | 0.0112       |
|    entropy_loss         | 5.43         |
|    explained_variance   | 0.991        |
|    learning_rate        | 1.4e-05      |
|    loss                 | 0.00344      |
|    n_updates            | 4610         |
|    policy_gradient_loss | 0.000424     |
|    std                  | 0.00776      |
|    value_loss           | 0.00186      |
------------------------------------------
------------------------------------------
| rollout/                |              |
|    ep_len_mean          | 50           |
|    ep_rew_mean          | -3.57        |
| time/                   |              |
|    fps                  | 1323         |
|    iterations           | 463          |
|    time_elapsed         | 716          |
|    total_timesteps      | 948224       |
| train/                  |              |
|    approx_kl            | 0.0006123779 |
|    clip_fraction        | 0.604        |
|    clip_range           | 0.0108       |
|    entropy_loss         | 5.47         |
|    explained_variance   | 0.996        |
|    learning_rate        | 1.35e-05     |
|    loss                 | -0.00202     |
|    n_updates            | 4620         |
|    policy_gradient_loss | 0.00109      |
|    std                  | 0.00776      |
|    value_loss           | 0.000777     |
------------------------------------------
------------------------------------------
| rollout/                |              |
|    ep_len_mean          | 50           |
|    ep_rew_mean          | -3.84        |
| time/                   |              |
|    fps                  | 1321         |
|    iterations           | 464          |
|    time_elapsed         | 719          |
|    total_timesteps      | 950272       |
| train/                  |              |
|    approx_kl            | 0.0006179584 |
|    clip_fraction        | 0.6          |
|    clip_range           | 0.0104       |
|    entropy_loss         | 5.44         |
|    explained_variance   | 0.986        |
|    learning_rate        | 1.29e-05     |
|    loss                 | 8.52e-05     |
|    n_updates            | 4630         |
|    policy_gradient_loss | 0.000493     |
|    std                  | 0.00776      |
|    value_loss           | 0.00485      |
------------------------------------------
-------------------------------------------
| rollout/                |               |
|    ep_len_mean          | 50            |
|    ep_rew_mean          | -3.98         |
| time/                   |               |
|    fps                  | 1321          |
|    iterations           | 465           |
|    time_elapsed         | 720           |
|    total_timesteps      | 952320        |
| train/                  |               |
|    approx_kl            | 0.00042394878 |
|    clip_fraction        | 0.599         |
|    clip_range           | 0.00995       |
|    entropy_loss         | 5.39          |
|    explained_variance   | 0.996         |
|    learning_rate        | 1.24e-05      |
|    loss                 | 0.00177       |
|    n_updates            | 4640          |
|    policy_gradient_loss | 0.00145       |
|    std                  | 0.00776       |
|    value_loss           | 0.00367       |
-------------------------------------------
------------------------------------------
| rollout/                |              |
|    ep_len_mean          | 50           |
|    ep_rew_mean          | -4.17        |
| time/                   |              |
|    fps                  | 1320         |
|    iterations           | 466          |
|    time_elapsed         | 722          |
|    total_timesteps      | 954368       |
| train/                  |              |
|    approx_kl            | 0.0004668081 |
|    clip_fraction        | 0.625        |
|    clip_range           | 0.00954      |
|    entropy_loss         | 5.44         |
|    explained_variance   | 0.993        |
|    learning_rate        | 1.19e-05     |
|    loss                 | 0.000943     |
|    n_updates            | 4650         |
|    policy_gradient_loss | 0.000931     |
|    std                  | 0.00776      |
|    value_loss           | 0.00273      |
------------------------------------------
------------------------------------------
| rollout/                |              |
|    ep_len_mean          | 50           |
|    ep_rew_mean          | -3.97        |
| time/                   |              |
|    fps                  | 1320         |
|    iterations           | 467          |
|    time_elapsed         | 724          |
|    total_timesteps      | 956416       |
| train/                  |              |
|    approx_kl            | 0.0004493559 |
|    clip_fraction        | 0.595        |
|    clip_range           | 0.00913      |
|    entropy_loss         | 5.39         |
|    explained_variance   | 0.988        |
|    learning_rate        | 1.14e-05     |
|    loss                 | 0.000238     |
|    n_updates            | 4660         |
|    policy_gradient_loss | 5.1e-05      |
|    std                  | 0.00776      |
|    value_loss           | 0.00832      |
------------------------------------------
------------------------------------------
| rollout/                |              |
|    ep_len_mean          | 50           |
|    ep_rew_mean          | -3.89        |
| time/                   |              |
|    fps                  | 1320         |
|    iterations           | 468          |
|    time_elapsed         | 725          |
|    total_timesteps      | 958464       |
| train/                  |              |
|    approx_kl            | 0.0005127936 |
|    clip_fraction        | 0.622        |
|    clip_range           | 0.00872      |
|    entropy_loss         | 5.41         |
|    explained_variance   | 0.997        |
|    learning_rate        | 1.09e-05     |
|    loss                 | 0.000188     |
|    n_updates            | 4670         |
|    policy_gradient_loss | 0.000601     |
|    std                  | 0.00776      |
|    value_loss           | 0.000707     |
------------------------------------------
-------------------------------------------
| rollout/                |               |
|    ep_len_mean          | 50            |
|    ep_rew_mean          | -3.79         |
| time/                   |               |
|    fps                  | 1318          |
|    iterations           | 469           |
|    time_elapsed         | 728           |
|    total_timesteps      | 960512        |
| train/                  |               |
|    approx_kl            | 0.00045798573 |
|    clip_fraction        | 0.627         |
|    clip_range           | 0.00831       |
|    entropy_loss         | 5.44          |
|    explained_variance   | 0.993         |
|    learning_rate        | 1.04e-05      |
|    loss                 | 0.00417       |
|    n_updates            | 4680          |
|    policy_gradient_loss | 0.0012        |
|    std                  | 0.00776       |
|    value_loss           | 0.00241       |
-------------------------------------------
-------------------------------------------
| rollout/                |               |
|    ep_len_mean          | 50            |
|    ep_rew_mean          | -3.68         |
| time/                   |               |
|    fps                  | 1318          |
|    iterations           | 470           |
|    time_elapsed         | 729           |
|    total_timesteps      | 962560        |
| train/                  |               |
|    approx_kl            | 0.00025907246 |
|    clip_fraction        | 0.579         |
|    clip_range           | 0.0079        |
|    entropy_loss         | 5.41          |
|    explained_variance   | 0.995         |
|    learning_rate        | 9.87e-06      |
|    loss                 | -0.000622     |
|    n_updates            | 4690          |
|    policy_gradient_loss | -6.9e-06      |
|    std                  | 0.00776       |
|    value_loss           | 0.00241       |
-------------------------------------------
-------------------------------------------
| rollout/                |               |
|    ep_len_mean          | 50            |
|    ep_rew_mean          | -3.68         |
| time/                   |               |
|    fps                  | 1318          |
|    iterations           | 471           |
|    time_elapsed         | 731           |
|    total_timesteps      | 964608        |
| train/                  |               |
|    approx_kl            | 0.00022553481 |
|    clip_fraction        | 0.639         |
|    clip_range           | 0.00749       |
|    entropy_loss         | 5.47          |
|    explained_variance   | 0.996         |
|    learning_rate        | 9.36e-06      |
|    loss                 | 0.0024        |
|    n_updates            | 4700          |
|    policy_gradient_loss | 0.00115       |
|    std                  | 0.00776       |
|    value_loss           | 0.000985      |
-------------------------------------------
-------------------------------------------
| rollout/                |               |
|    ep_len_mean          | 50            |
|    ep_rew_mean          | -3.74         |
| time/                   |               |
|    fps                  | 1318          |
|    iterations           | 472           |
|    time_elapsed         | 733           |
|    total_timesteps      | 966656        |
| train/                  |               |
|    approx_kl            | 0.00024379735 |
|    clip_fraction        | 0.632         |
|    clip_range           | 0.00708       |
|    entropy_loss         | 5.45          |
|    explained_variance   | 0.994         |
|    learning_rate        | 8.85e-06      |
|    loss                 | 0.00123       |
|    n_updates            | 4710          |
|    policy_gradient_loss | 0.000517      |
|    std                  | 0.00775       |
|    value_loss           | 0.00165       |
-------------------------------------------
-------------------------------------------
| rollout/                |               |
|    ep_len_mean          | 50            |
|    ep_rew_mean          | -3.79         |
| time/                   |               |
|    fps                  | 1318          |
|    iterations           | 473           |
|    time_elapsed         | 734           |
|    total_timesteps      | 968704        |
| train/                  |               |
|    approx_kl            | 0.00024178572 |
|    clip_fraction        | 0.619         |
|    clip_range           | 0.00667       |
|    entropy_loss         | 5.44          |
|    explained_variance   | 0.997         |
|    learning_rate        | 8.34e-06      |
|    loss                 | 0.00164       |
|    n_updates            | 4720          |
|    policy_gradient_loss | 0.000545      |
|    std                  | 0.00775       |
|    value_loss           | 0.00147       |
-------------------------------------------
-----------------------------------------
| rollout/                |             |
|    ep_len_mean          | 50          |
|    ep_rew_mean          | -3.98       |
| time/                   |             |
|    fps                  | 1316        |
|    iterations           | 474         |
|    time_elapsed         | 737         |
|    total_timesteps      | 970752      |
| train/                  |             |
|    approx_kl            | 0.000276245 |
|    clip_fraction        | 0.634       |
|    clip_range           | 0.00626     |
|    entropy_loss         | 5.47        |
|    explained_variance   | 0.984       |
|    learning_rate        | 7.82e-06    |
|    loss                 | 0.00021     |
|    n_updates            | 4730        |
|    policy_gradient_loss | 0.000767    |
|    std                  | 0.00775     |
|    value_loss           | 0.0028      |
-----------------------------------------
-------------------------------------------
| rollout/                |               |
|    ep_len_mean          | 50            |
|    ep_rew_mean          | -4.11         |
| time/                   |               |
|    fps                  | 1316          |
|    iterations           | 475           |
|    time_elapsed         | 738           |
|    total_timesteps      | 972800        |
| train/                  |               |
|    approx_kl            | 0.00016475696 |
|    clip_fraction        | 0.63          |
|    clip_range           | 0.00585       |
|    entropy_loss         | 5.4           |
|    explained_variance   | 0.994         |
|    learning_rate        | 7.31e-06      |
|    loss                 | -5.78e-05     |
|    n_updates            | 4740          |
|    policy_gradient_loss | 0.000794      |
|    std                  | 0.00775       |
|    value_loss           | 0.00575       |
-------------------------------------------
-------------------------------------------
| rollout/                |               |
|    ep_len_mean          | 50            |
|    ep_rew_mean          | -4            |
| time/                   |               |
|    fps                  | 1319          |
|    iterations           | 476           |
|    time_elapsed         | 739           |
|    total_timesteps      | 974848        |
| train/                  |               |
|    approx_kl            | 0.00013978736 |
|    clip_fraction        | 0.607         |
|    clip_range           | 0.00544       |
|    entropy_loss         | 5.44          |
|    explained_variance   | 0.998         |
|    learning_rate        | 6.8e-06       |
|    loss                 | 0.000617      |
|    n_updates            | 4750          |
|    policy_gradient_loss | 0.000626      |
|    std                  | 0.00775       |
|    value_loss           | 0.0013        |
-------------------------------------------
-------------------------------------------
| rollout/                |               |
|    ep_len_mean          | 50            |
|    ep_rew_mean          | -3.73         |
| time/                   |               |
|    fps                  | 1319          |
|    iterations           | 477           |
|    time_elapsed         | 740           |
|    total_timesteps      | 976896        |
| train/                  |               |
|    approx_kl            | 0.00015193457 |
|    clip_fraction        | 0.568         |
|    clip_range           | 0.00503       |
|    entropy_loss         | 5.43          |
|    explained_variance   | 0.996         |
|    learning_rate        | 6.29e-06      |
|    loss                 | 0.000273      |
|    n_updates            | 4760          |
|    policy_gradient_loss | 0.000347      |
|    std                  | 0.00775       |
|    value_loss           | 0.00223       |
-------------------------------------------
-------------------------------------------
| rollout/                |               |
|    ep_len_mean          | 50            |
|    ep_rew_mean          | -3.76         |
| time/                   |               |
|    fps                  | 1318          |
|    iterations           | 478           |
|    time_elapsed         | 742           |
|    total_timesteps      | 978944        |
| train/                  |               |
|    approx_kl            | 0.00012536274 |
|    clip_fraction        | 0.629         |
|    clip_range           | 0.00462       |
|    entropy_loss         | 5.44          |
|    explained_variance   | 0.992         |
|    learning_rate        | 5.78e-06      |
|    loss                 | 0.00155       |
|    n_updates            | 4770          |
|    policy_gradient_loss | 0.000146      |
|    std                  | 0.00775       |
|    value_loss           | 0.00185       |
-------------------------------------------
------------------------------------------
| rollout/                |              |
|    ep_len_mean          | 50           |
|    ep_rew_mean          | -4.05        |
| time/                   |              |
|    fps                  | 1317         |
|    iterations           | 479          |
|    time_elapsed         | 744          |
|    total_timesteps      | 980992       |
| train/                  |              |
|    approx_kl            | 7.051011e-05 |
|    clip_fraction        | 0.554        |
|    clip_range           | 0.00421      |
|    entropy_loss         | 5.37         |
|    explained_variance   | 0.969        |
|    learning_rate        | 5.26e-06     |
|    loss                 | 0.0159       |
|    n_updates            | 4780         |
|    policy_gradient_loss | 9.06e-05     |
|    std                  | 0.00775      |
|    value_loss           | 0.0277       |
------------------------------------------
-------------------------------------------
| rollout/                |               |
|    ep_len_mean          | 50            |
|    ep_rew_mean          | -4.33         |
| time/                   |               |
|    fps                  | 1316          |
|    iterations           | 480           |
|    time_elapsed         | 746           |
|    total_timesteps      | 983040        |
| train/                  |               |
|    approx_kl            | 0.00010983515 |
|    clip_fraction        | 0.634         |
|    clip_range           | 0.0038        |
|    entropy_loss         | 5.42          |
|    explained_variance   | 0.996         |
|    learning_rate        | 4.75e-06      |
|    loss                 | 0.00304       |
|    n_updates            | 4790          |
|    policy_gradient_loss | 0.00013       |
|    std                  | 0.00775       |
|    value_loss           | 0.00272       |
-------------------------------------------
-------------------------------------------
| rollout/                |               |
|    ep_len_mean          | 50            |
|    ep_rew_mean          | -3.98         |
| time/                   |               |
|    fps                  | 1316          |
|    iterations           | 481           |
|    time_elapsed         | 748           |
|    total_timesteps      | 985088        |
| train/                  |               |
|    approx_kl            | 7.3828094e-05 |
|    clip_fraction        | 0.626         |
|    clip_range           | 0.00339       |
|    entropy_loss         | 5.38          |
|    explained_variance   | 0.98          |
|    learning_rate        | 4.24e-06      |
|    loss                 | -0.000318     |
|    n_updates            | 4800          |
|    policy_gradient_loss | 0.000285      |
|    std                  | 0.00775       |
|    value_loss           | 0.00928       |
-------------------------------------------
-------------------------------------------
| rollout/                |               |
|    ep_len_mean          | 50            |
|    ep_rew_mean          | -3.76         |
| time/                   |               |
|    fps                  | 1316          |
|    iterations           | 482           |
|    time_elapsed         | 749           |
|    total_timesteps      | 987136        |
| train/                  |               |
|    approx_kl            | 5.1158946e-05 |
|    clip_fraction        | 0.644         |
|    clip_range           | 0.00298       |
|    entropy_loss         | 5.39          |
|    explained_variance   | 0.993         |
|    learning_rate        | 3.73e-06      |
|    loss                 | 0.00109       |
|    n_updates            | 4810          |
|    policy_gradient_loss | 0.000393      |
|    std                  | 0.00775       |
|    value_loss           | 0.00949       |
-------------------------------------------
-------------------------------------------
| rollout/                |               |
|    ep_len_mean          | 50            |
|    ep_rew_mean          | -3.58         |
| time/                   |               |
|    fps                  | 1316          |
|    iterations           | 483           |
|    time_elapsed         | 751           |
|    total_timesteps      | 989184        |
| train/                  |               |
|    approx_kl            | 4.6615954e-05 |
|    clip_fraction        | 0.636         |
|    clip_range           | 0.00257       |
|    entropy_loss         | 5.49          |
|    explained_variance   | 0.984         |
|    learning_rate        | 3.22e-06      |
|    loss                 | 0.00212       |
|    n_updates            | 4820          |
|    policy_gradient_loss | 0.000279      |
|    std                  | 0.00775       |
|    value_loss           | 0.00382       |
-------------------------------------------
-------------------------------------------
| rollout/                |               |
|    ep_len_mean          | 50            |
|    ep_rew_mean          | -3.62         |
| time/                   |               |
|    fps                  | 1314          |
|    iterations           | 484           |
|    time_elapsed         | 754           |
|    total_timesteps      | 991232        |
| train/                  |               |
|    approx_kl            | 2.5748857e-05 |
|    clip_fraction        | 0.607         |
|    clip_range           | 0.00216       |
|    entropy_loss         | 5.4           |
|    explained_variance   | 0.994         |
|    learning_rate        | 2.7e-06       |
|    loss                 | 0.00362       |
|    n_updates            | 4830          |
|    policy_gradient_loss | 7.08e-05      |
|    std                  | 0.00775       |
|    value_loss           | 0.00179       |
-------------------------------------------
-------------------------------------------
| rollout/                |               |
|    ep_len_mean          | 50            |
|    ep_rew_mean          | -3.75         |
| time/                   |               |
|    fps                  | 1314          |
|    iterations           | 485           |
|    time_elapsed         | 755           |
|    total_timesteps      | 993280        |
| train/                  |               |
|    approx_kl            | 1.4330901e-05 |
|    clip_fraction        | 0.607         |
|    clip_range           | 0.00175       |
|    entropy_loss         | 5.43          |
|    explained_variance   | 0.997         |
|    learning_rate        | 2.19e-06      |
|    loss                 | 1.88e-06      |
|    n_updates            | 4840          |
|    policy_gradient_loss | 7.98e-05      |
|    std                  | 0.00775       |
|    value_loss           | 0.000648      |
-------------------------------------------
------------------------------------------
| rollout/                |              |
|    ep_len_mean          | 50           |
|    ep_rew_mean          | -3.81        |
| time/                   |              |
|    fps                  | 1313         |
|    iterations           | 486          |
|    time_elapsed         | 757          |
|    total_timesteps      | 995328       |
| train/                  |              |
|    approx_kl            | 8.689036e-06 |
|    clip_fraction        | 0.589        |
|    clip_range           | 0.00134      |
|    entropy_loss         | 5.41         |
|    explained_variance   | 0.964        |
|    learning_rate        | 1.68e-06     |
|    loss                 | 0.0295       |
|    n_updates            | 4850         |
|    policy_gradient_loss | -9.96e-06    |
|    std                  | 0.00775      |
|    value_loss           | 0.0416       |
------------------------------------------
------------------------------------------
| rollout/                |              |
|    ep_len_mean          | 50           |
|    ep_rew_mean          | -4.06        |
| time/                   |              |
|    fps                  | 1314         |
|    iterations           | 487          |
|    time_elapsed         | 758          |
|    total_timesteps      | 997376       |
| train/                  |              |
|    approx_kl            | 4.234462e-06 |
|    clip_fraction        | 0.595        |
|    clip_range           | 0.000934     |
|    entropy_loss         | 5.44         |
|    explained_variance   | 0.991        |
|    learning_rate        | 1.17e-06     |
|    loss                 | 0.00571      |
|    n_updates            | 4860         |
|    policy_gradient_loss | 1.88e-06     |
|    std                  | 0.00775      |
|    value_loss           | 0.00693      |
------------------------------------------
-------------------------------------------
| rollout/                |               |
|    ep_len_mean          | 50            |
|    ep_rew_mean          | -3.6          |
| time/                   |               |
|    fps                  | 1314          |
|    iterations           | 488           |
|    time_elapsed         | 760           |
|    total_timesteps      | 999424        |
| train/                  |               |
|    approx_kl            | 1.3714307e-06 |
|    clip_fraction        | 0.608         |
|    clip_range           | 0.000525      |
|    entropy_loss         | 5.43          |
|    explained_variance   | 0.986         |
|    learning_rate        | 6.56e-07      |
|    loss                 | 0.000774      |
|    n_updates            | 4870          |
|    policy_gradient_loss | 2.15e-05      |
|    std                  | 0.00775       |
|    value_loss           | 0.0046        |
-------------------------------------------
-------------------------------------------
| rollout/                |               |
|    ep_len_mean          | 50            |
|    ep_rew_mean          | -3.52         |
| time/                   |               |
|    fps                  | 1312          |
|    iterations           | 489           |
|    time_elapsed         | 763           |
|    total_timesteps      | 1001472       |
| train/                  |               |
|    approx_kl            | 6.4843334e-08 |
|    clip_fraction        | 0.595         |
|    clip_range           | 0.000115      |
|    entropy_loss         | 5.51          |
|    explained_variance   | 0.995         |
|    learning_rate        | 1.44e-07      |
|    loss                 | 0.000806      |
|    n_updates            | 4880          |
|    policy_gradient_loss | 2.6e-06       |
|    std                  | 0.00775       |
|    value_loss           | 0.00114       |
-------------------------------------------
Model saved to ppo_reacher_baseline_logs/ppo_reacher_final
Reward plot saved to ppo_reacher_baseline_logs/reward_vs_timesteps.png
Training and plotting completed.
