================================================================================
Safe RL Package: PPO vs PPO-Lagrangian vs CPO on CartPole
================================================================================
Configuration:
  - Total timesteps: 10,000
  - X-displacement constraint: ±1.5
  - Random seed: 42
  - Results directory: runs_safe_rl_cartpole_comparison


==================================================
Training Standard PPO
==================================================
Warning: Log dir runs_safe_rl_cartpole_comparison/ppo_5 already exists! Storing info there anyway.
[32;1mLogging data to runs_safe_rl_cartpole_comparison/ppo_5/progress.txt[0m
[36;1mSaving config:
[0m
{
    "ac_kwargs":	{
        "hidden_sizes":	[
            64,
            64
        ]
    },
    "actor_critic":	"mlp_actor_critic",
    "agent":	{
        "<safe_rl.pg.agents.PPOAgent object at 0x7f5a8631d060>":	{
            "clip_ratio":	0.2,
            "kl_margin":	1.2,
            "params":	{
                "clipped_adv":	true,
                "constrained":	false,
                "first_order":	true,
                "learn_penalty":	false,
                "objective_penalized":	false,
                "penalty_param_loss":	false,
                "reward_penalized":	false
            },
            "pi_iters":	80,
            "pi_lr":	0.0003
        }
    },
    "cost_gamma":	0.99,
    "cost_lam":	0.97,
    "cost_lim":	25,
    "ent_reg":	0.0,
    "env_fn":	"env_fn",
    "epochs":	25,
    "exp_name":	"ppo_cartpole",
    "gamma":	0.99,
    "lam":	0.95,
    "logger":	{
        "<safe_rl.utils.logx.EpochLogger object at 0x7f5a86230310>":	{
            "epoch_dict":	{},
            "exp_name":	"ppo_cartpole",
            "first_row":	true,
            "log_current_row":	{},
            "log_headers":	[],
            "output_dir":	"runs_safe_rl_cartpole_comparison/ppo_5",
            "output_file":	{
                "<_io.TextIOWrapper name='runs_safe_rl_cartpole_comparison/ppo_5/progress.txt' mode='w' encoding='UTF-8'>":	{
                    "mode":	"w"
                }
            }
        }
    },
    "logger_kwargs":	{
        "exp_name":	"ppo_cartpole",
        "output_dir":	"runs_safe_rl_cartpole_comparison/ppo_5"
    },
    "max_ep_len":	1000,
    "penalty_init":	1.0,
    "penalty_lr":	0.05,
    "render":	false,
    "save_freq":	10,
    "seed":	42,
    "steps_per_epoch":	400,
    "target_kl":	0.01,
    "vf_iters":	80,
    "vf_lr":	0.0003
}
[32;1m
Number of parameters: 	 pi: 4610, 	 v: 4545, 	 vc: 4545
[0m
Epoch ended at timestep 400 (0 violations this epoch)
Warning: trajectory cut off by epoch at 8 steps.
---------------------------------------
|             Epoch |               0 |
|      AverageEpRet |            18.7 |
|          StdEpRet |             5.8 |
|          MaxEpRet |              29 |
|          MinEpRet |              10 |
|     AverageEpCost |           0.346 |
|         StdEpCost |           0.165 |
|         MaxEpCost |           0.862 |
|         MinEpCost |          0.0874 |
|             EpLen |            18.7 |
|    CumulativeCost |            7.41 |
|          CostRate |          0.0185 |
|      AverageVVals |           -0.11 |
|          StdVVals |           0.151 |
|          MaxVVals |           0.334 |
|          MinVVals |          -0.426 |
|  AverageCostVVals |          0.0816 |
|      StdCostVVals |           0.129 |
|      MaxCostVVals |           0.325 |
|      MinCostVVals |          -0.319 |
|            LossPi |       -4.59e-08 |
|       DeltaLossPi |         -0.0116 |
|          SurrCost |       -1.79e-09 |
|     DeltaSurrCost |         0.00475 |
|             LossV |             136 |
|        DeltaLossV |           -20.1 |
|            LossVC |          0.0515 |
|       DeltaLossVC |         -0.0362 |
|           Penalty |               0 |
|      DeltaPenalty |               0 |
|          StopIter |              79 |
|           Entropy |           0.686 |
|                KL |         0.00857 |
| TotalEnvInteracts |             400 |
|              Time |            1.33 |
---------------------------------------
Epoch ended at timestep 800 (0 violations this epoch)
Warning: trajectory cut off by epoch at 17 steps.
[32;1mEarly stopping at step 7 due to reaching max kl.[0m
---------------------------------------
|             Epoch |               1 |
|      AverageEpRet |            20.2 |
|          StdEpRet |            9.43 |
|          MaxEpRet |              36 |
|          MinEpRet |               9 |
|     AverageEpCost |           0.276 |
|         StdEpCost |           0.219 |
|         MaxEpCost |            1.02 |
|         MinEpCost |          0.0543 |
|             EpLen |            20.2 |
|    CumulativeCost |            12.9 |
|          CostRate |          0.0161 |
|      AverageVVals |            1.35 |
|          StdVVals |             1.6 |
|          MaxVVals |            4.86 |
|          MinVVals |           -3.07 |
|  AverageCostVVals |           0.194 |
|      StdCostVVals |          0.0366 |
|      MaxCostVVals |           0.305 |
|      MinCostVVals |          0.0724 |
|            LossPi |       -1.19e-07 |
|       DeltaLossPi |         -0.0148 |
|          SurrCost |       -1.64e-09 |
|     DeltaSurrCost |        -0.00101 |
|             LossV |             176 |
|        DeltaLossV |           -40.9 |
|            LossVC |          0.0213 |
|       DeltaLossVC |        -0.00584 |
|           Penalty |               0 |
|      DeltaPenalty |               0 |
|          StopIter |               7 |
|           Entropy |           0.673 |
|                KL |          0.0192 |
| TotalEnvInteracts |             800 |
|              Time |             1.9 |
---------------------------------------
Epoch ended at timestep 1200 (0 violations this epoch)
Warning: trajectory cut off by epoch at 35 steps.
[32;1mEarly stopping at step 9 due to reaching max kl.[0m
---------------------------------------
|             Epoch |               2 |
|      AverageEpRet |            24.3 |
|          StdEpRet |            10.2 |
|          MaxEpRet |              45 |
|          MinEpRet |              12 |
|     AverageEpCost |           0.316 |
|         StdEpCost |           0.196 |
|         MaxEpCost |           0.694 |
|         MinEpCost |          0.0325 |
|             EpLen |            24.3 |
|    CumulativeCost |            18.1 |
|          CostRate |          0.0151 |
|      AverageVVals |            3.01 |
|          StdVVals |             2.1 |
|          MaxVVals |            7.58 |
|          MinVVals |           -2.58 |
|  AverageCostVVals |           0.139 |
|      StdCostVVals |          0.0808 |
|      MaxCostVVals |           0.382 |
|      MinCostVVals |         -0.0111 |
|            LossPi |        2.62e-08 |
|       DeltaLossPi |        -0.00764 |
|          SurrCost |        7.45e-10 |
|     DeltaSurrCost |        0.000102 |
|             LossV |             206 |
|        DeltaLossV |           -94.9 |
|            LossVC |          0.0253 |
|       DeltaLossVC |        -0.00733 |
|           Penalty |               0 |
|      DeltaPenalty |               0 |
|          StopIter |               9 |
|           Entropy |           0.682 |
|                KL |          0.0133 |
| TotalEnvInteracts |         1.2e+03 |
|              Time |             2.4 |
---------------------------------------
Epoch ended at timestep 1600 (0 violations this epoch)
Warning: trajectory cut off by epoch at 34 steps.
[32;1mEarly stopping at step 56 due to reaching max kl.[0m
---------------------------------------
|             Epoch |               3 |
|      AverageEpRet |            40.7 |
|          StdEpRet |              15 |
|          MaxEpRet |              62 |
|          MinEpRet |              16 |
|     AverageEpCost |           0.507 |
|         StdEpCost |           0.316 |
|         MaxEpCost |           0.968 |
|         MinEpCost |          0.0996 |
|             EpLen |            40.7 |
|    CumulativeCost |            22.8 |
|          CostRate |          0.0143 |
|      AverageVVals |            8.27 |
|          StdVVals |           0.255 |
|          MaxVVals |            8.74 |
|          MinVVals |            7.41 |
|  AverageCostVVals |           0.173 |
|      StdCostVVals |          0.0475 |
|      MaxCostVVals |           0.282 |
|      MinCostVVals |          0.0683 |
|            LossPi |       -6.97e-08 |
|       DeltaLossPi |         -0.0102 |
|          SurrCost |       -3.58e-09 |
|     DeltaSurrCost |        -0.00134 |
|             LossV |             281 |
|        DeltaLossV |            -115 |
|            LossVC |          0.0378 |
|       DeltaLossVC |         -0.0112 |
|           Penalty |               0 |
|      DeltaPenalty |               0 |
|          StopIter |              56 |
|           Entropy |           0.669 |
|                KL |           0.012 |
| TotalEnvInteracts |         1.6e+03 |
|              Time |            2.96 |
---------------------------------------
Epoch ended at timestep 2000 (0 violations this epoch)
Warning: trajectory cut off by epoch at 13 steps.
[32;1mEarly stopping at step 11 due to reaching max kl.[0m
---------------------------------------
|             Epoch |               4 |
|      AverageEpRet |            29.8 |
|          StdEpRet |              22 |
|          MaxEpRet |             100 |
|          MinEpRet |               9 |
|     AverageEpCost |           0.604 |
|         StdEpCost |           0.991 |
|         MaxEpCost |            3.92 |
|         MinEpCost |           0.134 |
|             EpLen |            29.8 |
|    CumulativeCost |            30.9 |
|          CostRate |          0.0155 |
|      AverageVVals |            14.3 |
|          StdVVals |           0.713 |
|          MaxVVals |            15.2 |
|          MinVVals |            10.5 |
|  AverageCostVVals |           0.166 |
|      StdCostVVals |           0.132 |
|      MaxCostVVals |           0.412 |
|      MinCostVVals |          -0.228 |
|            LossPi |        2.98e-09 |
|       DeltaLossPi |         -0.0182 |
|          SurrCost |         8.2e-10 |
|     DeltaSurrCost |         0.00599 |
|             LossV |             253 |
|        DeltaLossV |             -24 |
|            LossVC |           0.824 |
|       DeltaLossVC |          -0.479 |
|           Penalty |               0 |
|      DeltaPenalty |               0 |
|          StopIter |              11 |
|           Entropy |           0.667 |
|                KL |          0.0144 |
| TotalEnvInteracts |           2e+03 |
|              Time |            3.42 |
---------------------------------------
Epoch ended at timestep 2400 (0 violations this epoch)
Warning: trajectory cut off by epoch at 6 steps.
---------------------------------------
|             Epoch |               5 |
|      AverageEpRet |            32.8 |
|          StdEpRet |            15.5 |
|          MaxEpRet |              75 |
|          MinEpRet |              21 |
|     AverageEpCost |           0.412 |
|         StdEpCost |            0.33 |
|         MaxEpCost |            1.01 |
|         MinEpCost |           0.051 |
|             EpLen |            32.8 |
|    CumulativeCost |            35.9 |
|          CostRate |           0.015 |
|      AverageVVals |            16.7 |
|          StdVVals |            1.77 |
|          MaxVVals |            18.7 |
|          MinVVals |            7.82 |
|  AverageCostVVals |           0.518 |
|      StdCostVVals |           0.578 |
|      MaxCostVVals |            2.33 |
|      MinCostVVals |           -0.68 |
|            LossPi |        1.19e-09 |
|       DeltaLossPi |         -0.0158 |
|          SurrCost |       -2.98e-10 |
|     DeltaSurrCost |         0.00362 |
|             LossV |             148 |
|        DeltaLossV |           -2.01 |
|            LossVC |           0.472 |
|       DeltaLossVC |          -0.419 |
|           Penalty |               0 |
|      DeltaPenalty |               0 |
|          StopIter |              79 |
|           Entropy |            0.63 |
|                KL |         0.00476 |
| TotalEnvInteracts |         2.4e+03 |
|              Time |            3.99 |
---------------------------------------
Epoch ended at timestep 2800 (0 violations this epoch)
Warning: trajectory cut off by epoch at 12 steps.
---------------------------------------
|             Epoch |               6 |
|      AverageEpRet |            43.1 |
|          StdEpRet |              24 |
|          MaxEpRet |              82 |
|          MinEpRet |              14 |
|     AverageEpCost |           0.745 |
|         StdEpCost |            1.01 |
|         MaxEpCost |            3.42 |
|         MinEpCost |          0.0663 |
|             EpLen |            43.1 |
|    CumulativeCost |            42.8 |
|          CostRate |          0.0153 |
|      AverageVVals |            17.6 |
|          StdVVals |           0.988 |
|          MaxVVals |            19.2 |
|          MinVVals |            13.2 |
|  AverageCostVVals |            0.28 |
|      StdCostVVals |           0.156 |
|      MaxCostVVals |           0.971 |
|      MinCostVVals |         -0.0484 |
|            LossPi |       -1.79e-08 |
|       DeltaLossPi |         -0.0139 |
|          SurrCost |        1.42e-08 |
|     DeltaSurrCost |         0.00477 |
|             LossV |             255 |
|        DeltaLossV |           -25.1 |
|            LossVC |           0.742 |
|       DeltaLossVC |          -0.257 |
|           Penalty |               0 |
|      DeltaPenalty |               0 |
|          StopIter |              79 |
|           Entropy |           0.626 |
|                KL |         0.00374 |
| TotalEnvInteracts |         2.8e+03 |
|              Time |            4.56 |
---------------------------------------
Epoch ended at timestep 3200 (0 violations this epoch)
---------------------------------------
|             Epoch |               7 |
|      AverageEpRet |              50 |
|          StdEpRet |            9.53 |
|          MaxEpRet |              71 |
|          MinEpRet |              40 |
|     AverageEpCost |           0.539 |
|         StdEpCost |           0.312 |
|         MaxEpCost |            1.01 |
|         MinEpCost |           0.063 |
|             EpLen |              50 |
|    CumulativeCost |            47.1 |
|          CostRate |          0.0147 |
|      AverageVVals |            19.4 |
|          StdVVals |            1.01 |
|          MaxVVals |            20.7 |
|          MinVVals |            15.4 |
|  AverageCostVVals |           0.216 |
|      StdCostVVals |           0.398 |
|      MaxCostVVals |            1.22 |
|      MinCostVVals |          -0.824 |
|            LossPi |           2e-08 |
|       DeltaLossPi |        -0.00697 |
|          SurrCost |       -9.09e-09 |
|     DeltaSurrCost |        0.000273 |
|             LossV |             146 |
|        DeltaLossV |             -30 |
|            LossVC |           0.217 |
|       DeltaLossVC |          -0.165 |
|           Penalty |               0 |
|      DeltaPenalty |               0 |
|          StopIter |              79 |
|           Entropy |           0.628 |
|                KL |         0.00307 |
| TotalEnvInteracts |         3.2e+03 |
|              Time |            5.13 |
---------------------------------------
Epoch ended at timestep 3600 (0 violations this epoch)
Warning: trajectory cut off by epoch at 7 steps.
---------------------------------------
|             Epoch |               8 |
|      AverageEpRet |            65.5 |
|          StdEpRet |            21.5 |
|          MaxEpRet |             103 |
|          MinEpRet |              39 |
|     AverageEpCost |            1.96 |
|         StdEpCost |            1.44 |
|         MaxEpCost |            4.43 |
|         MinEpCost |           0.136 |
|             EpLen |            65.5 |
|    CumulativeCost |            59.1 |
|          CostRate |          0.0164 |
|      AverageVVals |            16.8 |
|          StdVVals |             5.4 |
|          MaxVVals |            22.1 |
|          MinVVals |           -5.17 |
|  AverageCostVVals |           0.179 |
|      StdCostVVals |          0.0568 |
|      MaxCostVVals |           0.283 |
|      MinCostVVals |          0.0346 |
|            LossPi |       -3.55e-08 |
|       DeltaLossPi |         -0.0122 |
|          SurrCost |       -2.35e-08 |
|     DeltaSurrCost |         0.00797 |
|             LossV |             315 |
|        DeltaLossV |           -95.5 |
|            LossVC |            1.91 |
|       DeltaLossVC |           -1.24 |
|           Penalty |               0 |
|      DeltaPenalty |               0 |
|          StopIter |              79 |
|           Entropy |           0.622 |
|                KL |         0.00627 |
| TotalEnvInteracts |         3.6e+03 |
|              Time |            5.73 |
---------------------------------------
Epoch ended at timestep 4000 (0 violations this epoch)
Warning: trajectory cut off by epoch at 63 steps.
---------------------------------------
|             Epoch |               9 |
|      AverageEpRet |            67.4 |
|          StdEpRet |            32.4 |
|          MaxEpRet |             121 |
|          MinEpRet |              36 |
|     AverageEpCost |            5.79 |
|         StdEpCost |              11 |
|         MaxEpCost |            27.8 |
|         MinEpCost |          0.0161 |
|             EpLen |            67.4 |
|    CumulativeCost |            88.4 |
|          CostRate |          0.0221 |
|      AverageVVals |            24.7 |
|          StdVVals |            1.44 |
|          MaxVVals |              26 |
|          MinVVals |            12.4 |
|  AverageCostVVals |            1.09 |
|      StdCostVVals |           0.337 |
|      MaxCostVVals |            1.79 |
|      MinCostVVals |           0.299 |
|            LossPi |        4.41e-08 |
|       DeltaLossPi |           -0.02 |
|          SurrCost |       -6.14e-08 |
|     DeltaSurrCost |        -0.00918 |
|             LossV |             387 |
|        DeltaLossV |           -53.4 |
|            LossVC |              65 |
|       DeltaLossVC |           -45.8 |
|           Penalty |               0 |
|      DeltaPenalty |               0 |
|          StopIter |              79 |
|           Entropy |           0.619 |
|                KL |         0.00857 |
| TotalEnvInteracts |           4e+03 |
|              Time |            6.25 |
---------------------------------------
Epoch ended at timestep 4400 (0 violations this epoch)
Warning: trajectory cut off by epoch at 109 steps.
[32;1mEarly stopping at step 15 due to reaching max kl.[0m
---------------------------------------
|             Epoch |              10 |
|      AverageEpRet |              97 |
|          StdEpRet |            13.1 |
|          MaxEpRet |             112 |
|          MinEpRet |              80 |
|     AverageEpCost |             8.5 |
|         StdEpCost |            2.66 |
|         MaxEpCost |            12.2 |
|         MinEpCost |            6.11 |
|             EpLen |              97 |
|    CumulativeCost |             126 |
|          CostRate |          0.0286 |
|      AverageVVals |            19.2 |
|          StdVVals |            16.5 |
|          MaxVVals |            28.5 |
|          MinVVals |           -27.8 |
|  AverageCostVVals |            2.75 |
|      StdCostVVals |            7.14 |
|      MaxCostVVals |            13.5 |
|      MinCostVVals |           -12.3 |
|            LossPi |       -1.19e-08 |
|       DeltaLossPi |         -0.0122 |
|          SurrCost |        1.17e-07 |
|     DeltaSurrCost |          0.0994 |
|             LossV |             430 |
|        DeltaLossV |            -132 |
|            LossVC |            51.2 |
|       DeltaLossVC |           -40.8 |
|           Penalty |               0 |
|      DeltaPenalty |               0 |
|          StopIter |              15 |
|           Entropy |            0.63 |
|                KL |           0.015 |
| TotalEnvInteracts |         4.4e+03 |
|              Time |            6.83 |
---------------------------------------
Epoch ended at timestep 4800 (0 violations this epoch)
Warning: trajectory cut off by epoch at 87 steps.
[32;1mEarly stopping at step 48 due to reaching max kl.[0m
---------------------------------------
|             Epoch |              11 |
|      AverageEpRet |            78.2 |
|          StdEpRet |              54 |
|          MaxEpRet |             141 |
|          MinEpRet |              13 |
|     AverageEpCost |            7.54 |
|         StdEpCost |            7.14 |
|         MaxEpCost |            17.3 |
|         MinEpCost |             0.4 |
|             EpLen |            78.2 |
|    CumulativeCost |             156 |
|          CostRate |          0.0326 |
|      AverageVVals |            30.5 |
|          StdVVals |           0.209 |
|          MaxVVals |            30.7 |
|          MinVVals |            29.9 |
|  AverageCostVVals |            4.47 |
|      StdCostVVals |           0.989 |
|      MaxCostVVals |            6.68 |
|      MinCostVVals |            3.13 |
|            LossPi |        2.68e-08 |
|       DeltaLossPi |         -0.0143 |
|          SurrCost |        1.21e-08 |
|     DeltaSurrCost |           0.011 |
|             LossV |             614 |
|        DeltaLossV |           -62.9 |
|            LossVC |            9.75 |
|       DeltaLossVC |           -2.65 |
|           Penalty |               0 |
|      DeltaPenalty |               0 |
|          StopIter |              48 |
|           Entropy |           0.653 |
|                KL |          0.0118 |
| TotalEnvInteracts |         4.8e+03 |
|              Time |            7.28 |
---------------------------------------
Epoch ended at timestep 5200 (0 violations this epoch)
Warning: trajectory cut off by epoch at 77 steps.
---------------------------------------
|             Epoch |              12 |
|      AverageEpRet |             108 |
|          StdEpRet |            51.7 |
|          MaxEpRet |             156 |
|          MinEpRet |              36 |
|     AverageEpCost |            3.14 |
|         StdEpCost |            2.82 |
|         MaxEpCost |            6.92 |
|         MinEpCost |           0.152 |
|             EpLen |             108 |
|    CumulativeCost |             173 |
|          CostRate |          0.0332 |
|      AverageVVals |            32.9 |
|          StdVVals |            1.26 |
|          MaxVVals |            33.4 |
|          MinVVals |            26.6 |
|  AverageCostVVals |            4.74 |
|      StdCostVVals |            2.05 |
|      MaxCostVVals |            7.82 |
|      MinCostVVals |           -1.31 |
|            LossPi |       -6.56e-09 |
|       DeltaLossPi |          -0.015 |
|          SurrCost |       -4.77e-09 |
|     DeltaSurrCost |          0.0229 |
|             LossV |             603 |
|        DeltaLossV |           -83.3 |
|            LossVC |              11 |
|       DeltaLossVC |           -5.23 |
|           Penalty |               0 |
|      DeltaPenalty |               0 |
|          StopIter |              79 |
|           Entropy |           0.627 |
|                KL |         0.00826 |
| TotalEnvInteracts |         5.2e+03 |
|              Time |             7.8 |
---------------------------------------
Epoch ended at timestep 5600 (0 violations this epoch)
Warning: trajectory cut off by epoch at 59 steps.
---------------------------------------
|             Epoch |              13 |
|      AverageEpRet |            68.2 |
|          StdEpRet |            31.6 |
|          MaxEpRet |             112 |
|          MinEpRet |              25 |
|     AverageEpCost |            2.97 |
|         StdEpCost |            2.76 |
|         MaxEpCost |            7.14 |
|         MinEpCost |           0.163 |
|             EpLen |            68.2 |
|    CumulativeCost |             188 |
|          CostRate |          0.0337 |
|      AverageVVals |            35.9 |
|          StdVVals |           0.267 |
|          MaxVVals |            36.1 |
|          MinVVals |            34.4 |
|  AverageCostVVals |            3.98 |
|      StdCostVVals |            1.31 |
|      MaxCostVVals |            7.69 |
|      MinCostVVals |            1.05 |
|            LossPi |        1.13e-08 |
|       DeltaLossPi |         -0.0181 |
|          SurrCost |        3.81e-08 |
|     DeltaSurrCost |          0.0251 |
|             LossV |             352 |
|        DeltaLossV |          -0.514 |
|            LossVC |            7.76 |
|       DeltaLossVC |           -3.65 |
|           Penalty |               0 |
|      DeltaPenalty |               0 |
|          StopIter |              79 |
|           Entropy |           0.629 |
|                KL |         0.00652 |
| TotalEnvInteracts |         5.6e+03 |
|              Time |            8.39 |
---------------------------------------
Epoch ended at timestep 6000 (0 violations this epoch)
Warning: trajectory cut off by epoch at 47 steps.
---------------------------------------
|             Epoch |              14 |
|      AverageEpRet |            88.2 |
|          StdEpRet |            40.4 |
|          MaxEpRet |             146 |
|          MinEpRet |              46 |
|     AverageEpCost |            18.9 |
|         StdEpCost |            22.4 |
|         MaxEpCost |            55.9 |
|         MinEpCost |           0.718 |
|             EpLen |            88.2 |
|    CumulativeCost |             267 |
|          CostRate |          0.0444 |
|      AverageVVals |            29.6 |
|          StdVVals |            15.5 |
|          MaxVVals |            36.1 |
|          MinVVals |           -22.9 |
|  AverageCostVVals |            1.66 |
|      StdCostVVals |            1.43 |
|      MaxCostVVals |            5.14 |
|      MinCostVVals |          -0.823 |
|            LossPi |       -1.19e-08 |
|       DeltaLossPi |         -0.0147 |
|          SurrCost |        1.62e-07 |
|     DeltaSurrCost |          0.0941 |
|             LossV |             544 |
|        DeltaLossV |            -161 |
|            LossVC |             284 |
|       DeltaLossVC |            -159 |
|           Penalty |               0 |
|      DeltaPenalty |               0 |
|          StopIter |              79 |
|           Entropy |           0.634 |
|                KL |         0.00526 |
| TotalEnvInteracts |           6e+03 |
|              Time |            9.11 |
---------------------------------------
Epoch ended at timestep 6400 (0 violations this epoch)
Warning: trajectory cut off by epoch at 30 steps.
---------------------------------------
|             Epoch |              15 |
|      AverageEpRet |             123 |
|          StdEpRet |            71.7 |
|          MaxEpRet |             178 |
|          MinEpRet |              22 |
|     AverageEpCost |            3.35 |
|         StdEpCost |            2.82 |
|         MaxEpCost |               7 |
|         MinEpCost |           0.132 |
|             EpLen |             123 |
|    CumulativeCost |             277 |
|          CostRate |          0.0433 |
|      AverageVVals |            36.4 |
|          StdVVals |            2.06 |
|          MaxVVals |              37 |
|          MinVVals |            10.4 |
|  AverageCostVVals |            10.4 |
|      StdCostVVals |            1.23 |
|      MaxCostVVals |              13 |
|      MinCostVVals |            7.53 |
|            LossPi |       -2.98e-09 |
|       DeltaLossPi |         -0.0165 |
|          SurrCost |       -1.03e-07 |
|     DeltaSurrCost |          0.0394 |
|             LossV |             722 |
|        DeltaLossV |             -76 |
|            LossVC |            71.6 |
|       DeltaLossVC |           -60.4 |
|           Penalty |               0 |
|      DeltaPenalty |               0 |
|          StopIter |              79 |
|           Entropy |            0.61 |
|                KL |         0.00482 |
| TotalEnvInteracts |         6.4e+03 |
|              Time |            9.87 |
---------------------------------------
Epoch ended at timestep 6800 (0 violations this epoch)
Warning: trajectory cut off by epoch at 194 steps.
---------------------------------------
|             Epoch |              16 |
|      AverageEpRet |            68.7 |
|          StdEpRet |            32.5 |
|          MaxEpRet |             103 |
|          MinEpRet |              25 |
|     AverageEpCost |           0.706 |
|         StdEpCost |           0.361 |
|         MaxEpCost |            1.16 |
|         MinEpCost |            0.28 |
|             EpLen |            68.7 |
|    CumulativeCost |             281 |
|          CostRate |          0.0414 |
|      AverageVVals |            39.4 |
|          StdVVals |           0.195 |
|          MaxVVals |            39.6 |
|          MinVVals |            37.8 |
|  AverageCostVVals |             4.2 |
|      StdCostVVals |            1.12 |
|      MaxCostVVals |            6.72 |
|      MinCostVVals |          -0.483 |
|            LossPi |        1.46e-08 |
|       DeltaLossPi |         -0.0171 |
|          SurrCost |        3.76e-08 |
|     DeltaSurrCost |          0.0113 |
|             LossV |             859 |
|        DeltaLossV |             -54 |
|            LossVC |            9.65 |
|       DeltaLossVC |           -7.31 |
|           Penalty |               0 |
|      DeltaPenalty |               0 |
|          StopIter |              79 |
|           Entropy |           0.595 |
|                KL |         0.00495 |
| TotalEnvInteracts |         6.8e+03 |
|              Time |            10.5 |
---------------------------------------
Epoch ended at timestep 7200 (0 violations this epoch)
Warning: trajectory cut off by epoch at 70 steps.
---------------------------------------
|             Epoch |              17 |
|      AverageEpRet |             110 |
|          StdEpRet |            11.8 |
|          MaxEpRet |             122 |
|          MinEpRet |              94 |
|     AverageEpCost |             8.9 |
|         StdEpCost |            5.39 |
|         MaxEpCost |            12.9 |
|         MinEpCost |            1.27 |
|             EpLen |             110 |
|    CumulativeCost |             312 |
|          CostRate |          0.0434 |
|      AverageVVals |            39.9 |
|          StdVVals |            6.74 |
|          MaxVVals |            41.9 |
|          MinVVals |           -19.7 |
|  AverageCostVVals |            2.14 |
|      StdCostVVals |            1.85 |
|      MaxCostVVals |            6.35 |
|      MinCostVVals |           -3.19 |
|            LossPi |       -4.02e-09 |
|       DeltaLossPi |          -0.018 |
|          SurrCost |        4.17e-09 |
|     DeltaSurrCost |         0.00723 |
|             LossV |             312 |
|        DeltaLossV |           -16.7 |
|            LossVC |            18.4 |
|       DeltaLossVC |           -7.47 |
|           Penalty |               0 |
|      DeltaPenalty |               0 |
|          StopIter |              79 |
|           Entropy |           0.611 |
|                KL |         0.00893 |
| TotalEnvInteracts |         7.2e+03 |
|              Time |            11.3 |
---------------------------------------
Epoch ended at timestep 7600 (0 violations this epoch)
Warning: trajectory cut off by epoch at 24 steps.
---------------------------------------
|             Epoch |              18 |
|      AverageEpRet |             188 |
|          StdEpRet |              55 |
|          MaxEpRet |             243 |
|          MinEpRet |             133 |
|     AverageEpCost |            9.61 |
|         StdEpCost |           0.104 |
|         MaxEpCost |            9.72 |
|         MinEpCost |            9.51 |
|             EpLen |             188 |
|    CumulativeCost |             332 |
|          CostRate |          0.0436 |
|      AverageVVals |            39.2 |
|          StdVVals |            12.1 |
|          MaxVVals |            42.7 |
|          MinVVals |           -36.9 |
|  AverageCostVVals |            3.37 |
|      StdCostVVals |            1.09 |
|      MaxCostVVals |            5.78 |
|      MinCostVVals |           0.899 |
|            LossPi |         5.9e-08 |
|       DeltaLossPi |         -0.0182 |
|          SurrCost |       -1.97e-09 |
|     DeltaSurrCost |        -0.00548 |
|             LossV |             745 |
|        DeltaLossV |            -105 |
|            LossVC |            2.88 |
|       DeltaLossVC |          -0.452 |
|           Penalty |               0 |
|      DeltaPenalty |               0 |
|          StopIter |              79 |
|           Entropy |           0.607 |
|                KL |         0.00615 |
| TotalEnvInteracts |         7.6e+03 |
|              Time |              12 |
---------------------------------------
Epoch ended at timestep 8000 (0 violations this epoch)
Warning: trajectory cut off by epoch at 295 steps.
---------------------------------------
|             Epoch |              19 |
|      AverageEpRet |             105 |
|          StdEpRet |               0 |
|          MaxEpRet |             105 |
|          MinEpRet |             105 |
|     AverageEpCost |            27.7 |
|         StdEpCost |               0 |
|         MaxEpCost |            27.7 |
|         MinEpCost |            27.7 |
|             EpLen |             105 |
|    CumulativeCost |             361 |
|          CostRate |          0.0451 |
|      AverageVVals |              45 |
|          StdVVals |           0.203 |
|          MaxVVals |            45.2 |
|          MinVVals |            43.9 |
|  AverageCostVVals |            4.08 |
|      StdCostVVals |           0.954 |
|      MaxCostVVals |            5.69 |
|      MinCostVVals |            1.15 |
|            LossPi |        6.97e-08 |
|       DeltaLossPi |         -0.0124 |
|          SurrCost |        1.67e-08 |
|     DeltaSurrCost |         -0.0277 |
|             LossV |        1.27e+03 |
|        DeltaLossV |            -174 |
|            LossVC |              44 |
|       DeltaLossVC |             -12 |
|           Penalty |               0 |
|      DeltaPenalty |               0 |
|          StopIter |              79 |
|           Entropy |            0.61 |
|                KL |         0.00503 |
| TotalEnvInteracts |           8e+03 |
|              Time |            12.6 |
---------------------------------------
Epoch ended at timestep 8400 (0 violations this epoch)
Warning: trajectory cut off by epoch at 149 steps.
---------------------------------------
|             Epoch |              20 |
|      AverageEpRet |             126 |
|          StdEpRet |             6.5 |
|          MaxEpRet |             132 |
|          MinEpRet |             119 |
|     AverageEpCost |            21.8 |
|         StdEpCost |            17.6 |
|         MaxEpCost |            39.4 |
|         MinEpCost |             4.2 |
|             EpLen |             126 |
|    CumulativeCost |             406 |
|          CostRate |          0.0484 |
|      AverageVVals |            46.1 |
|          StdVVals |            6.81 |
|          MaxVVals |            48.7 |
|          MinVVals |            12.7 |
|  AverageCostVVals |            4.53 |
|      StdCostVVals |            1.36 |
|      MaxCostVVals |            7.55 |
|      MinCostVVals |             1.7 |
|            LossPi |       -3.87e-08 |
|       DeltaLossPi |         -0.0227 |
|          SurrCost |       -1.19e-08 |
|     DeltaSurrCost |          0.0255 |
|             LossV |             456 |
|        DeltaLossV |           -37.6 |
|            LossVC |             113 |
|       DeltaLossVC |           -40.1 |
|           Penalty |               0 |
|      DeltaPenalty |               0 |
|          StopIter |              79 |
|           Entropy |            0.61 |
|                KL |         0.00656 |
| TotalEnvInteracts |         8.4e+03 |
|              Time |            13.4 |
---------------------------------------
Epoch ended at timestep 8800 (0 violations this epoch)
Warning: trajectory cut off by epoch at 173 steps.
[32;1mEarly stopping at step 10 due to reaching max kl.[0m
---------------------------------------
|             Epoch |              21 |
|      AverageEpRet |             227 |
|          StdEpRet |               0 |
|          MaxEpRet |             227 |
|          MinEpRet |             227 |
|     AverageEpCost |            14.4 |
|         StdEpCost |               0 |
|         MaxEpCost |            14.4 |
|         MinEpCost |            14.4 |
|             EpLen |             227 |
|    CumulativeCost |             425 |
|          CostRate |          0.0483 |
|      AverageVVals |            47.5 |
|          StdVVals |            6.28 |
|          MaxVVals |            50.2 |
|          MinVVals |            13.7 |
|  AverageCostVVals |            7.26 |
|      StdCostVVals |             1.2 |
|      MaxCostVVals |            10.5 |
|      MinCostVVals |            3.82 |
|            LossPi |        4.47e-09 |
|       DeltaLossPi |         -0.0154 |
|          SurrCost |       -2.92e-08 |
|     DeltaSurrCost |          0.0209 |
|             LossV |             673 |
|        DeltaLossV |            -121 |
|            LossVC |            7.06 |
|       DeltaLossVC |           -3.32 |
|           Penalty |               0 |
|      DeltaPenalty |               0 |
|          StopIter |              10 |
|           Entropy |           0.624 |
|                KL |          0.0137 |
| TotalEnvInteracts |         8.8e+03 |
|              Time |            13.9 |
---------------------------------------
Epoch ended at timestep 9200 (0 violations this epoch)
Warning: trajectory cut off by epoch at 111 steps.
---------------------------------------
|             Epoch |              22 |
|      AverageEpRet |             144 |
|          StdEpRet |            55.5 |
|          MaxEpRet |             200 |
|          MinEpRet |              89 |
|     AverageEpCost |             3.6 |
|         StdEpCost |            2.36 |
|         MaxEpCost |            5.96 |
|         MinEpCost |            1.23 |
|             EpLen |             144 |
|    CumulativeCost |             435 |
|          CostRate |          0.0472 |
|      AverageVVals |            52.6 |
|          StdVVals |            0.16 |
|          MaxVVals |            52.7 |
|          MinVVals |            51.8 |
|  AverageCostVVals |            5.09 |
|      StdCostVVals |            1.13 |
|      MaxCostVVals |            6.75 |
|      MinCostVVals |           0.961 |
|            LossPi |       -6.63e-09 |
|       DeltaLossPi |         -0.0058 |
|          SurrCost |        3.61e-08 |
|     DeltaSurrCost |       -0.000469 |
|             LossV |             564 |
|        DeltaLossV |           -4.61 |
|            LossVC |            11.4 |
|       DeltaLossVC |           -8.28 |
|           Penalty |               0 |
|      DeltaPenalty |               0 |
|          StopIter |              79 |
|           Entropy |           0.601 |
|                KL |         0.00541 |
| TotalEnvInteracts |         9.2e+03 |
|              Time |            14.6 |
---------------------------------------
Epoch ended at timestep 9600 (0 violations this epoch)
Warning: trajectory cut off by epoch at 21 steps.
---------------------------------------
|             Epoch |              23 |
|      AverageEpRet |             126 |
|          StdEpRet |            32.3 |
|          MaxEpRet |             167 |
|          MinEpRet |              88 |
|     AverageEpCost |            3.41 |
|         StdEpCost |            1.69 |
|         MaxEpCost |            4.84 |
|         MinEpCost |            1.04 |
|             EpLen |             126 |
|    CumulativeCost |             445 |
|          CostRate |          0.0464 |
|      AverageVVals |            53.3 |
|          StdVVals |           0.128 |
|          MaxVVals |            53.4 |
|          MinVVals |            52.6 |
|  AverageCostVVals |            2.76 |
|      StdCostVVals |           0.671 |
|      MaxCostVVals |            4.32 |
|      MinCostVVals |            1.43 |
|            LossPi |       -1.04e-08 |
|       DeltaLossPi |         -0.0147 |
|          SurrCost |        3.58e-09 |
|     DeltaSurrCost |          0.0188 |
|             LossV |             519 |
|        DeltaLossV |           -39.1 |
|            LossVC |            3.94 |
|       DeltaLossVC |           -2.23 |
|           Penalty |               0 |
|      DeltaPenalty |               0 |
|          StopIter |              79 |
|           Entropy |           0.595 |
|                KL |         0.00723 |
| TotalEnvInteracts |         9.6e+03 |
|              Time |            14.4 |
---------------------------------------
Epoch ended at timestep 10000 (0 violations this epoch)
Warning: trajectory cut off by epoch at 91 steps.
---------------------------------------
|             Epoch |              24 |
|      AverageEpRet |             154 |
|          StdEpRet |            99.5 |
|          MaxEpRet |             254 |
|          MinEpRet |              55 |
|     AverageEpCost |             3.3 |
|         StdEpCost |            2.41 |
|         MaxEpCost |            5.71 |
|         MinEpCost |           0.887 |
|             EpLen |             154 |
|    CumulativeCost |             454 |
|          CostRate |          0.0454 |
|      AverageVVals |            50.8 |
|          StdVVals |            7.18 |
|          MaxVVals |            52.5 |
|          MinVVals |            4.77 |
|  AverageCostVVals |            2.27 |
|      StdCostVVals |           0.828 |
|      MaxCostVVals |             4.1 |
|      MinCostVVals |          -0.683 |
|            LossPi |        3.28e-08 |
|       DeltaLossPi |         -0.0157 |
|          SurrCost |        1.37e-08 |
|     DeltaSurrCost |         0.00358 |
|             LossV |             632 |
|        DeltaLossV |           -27.8 |
|            LossVC |            2.48 |
|       DeltaLossVC |           -1.49 |
|           Penalty |               0 |
|      DeltaPenalty |               0 |
|          StopIter |              79 |
|           Entropy |           0.595 |
|                KL |         0.00657 |
| TotalEnvInteracts |           1e+04 |
|              Time |            15.2 |
---------------------------------------

PPO Training Complete!
  Time: 15.9 seconds
  Training violation summary:
    - Total episodes: 182
    - Episodes with x-violations: 0
    - Episode violation rate: 0.000
    - Timesteps with violations: 0/10000
    - Timestep violation rate: 0.0000

[TensorFlow graph reset]


==================================================
Training PPO-Lagrangian
==================================================
[32;1mLogging data to runs_safe_rl_cartpole_comparison/ppo_lagrangian_5/progress.txt[0m
[36;1mSaving config:
[0m
{
    "ac_kwargs":	{
        "hidden_sizes":	[
            64,
            64
        ]
    },
    "actor_critic":	"mlp_actor_critic",
    "agent":	{
        "<safe_rl.pg.agents.PPOAgent object at 0x7f5a3b7206a0>":	{
            "clip_ratio":	0.2,
            "kl_margin":	1.2,
            "params":	{
                "clipped_adv":	true,
                "constrained":	false,
                "first_order":	true,
                "learn_penalty":	true,
                "objective_penalized":	true,
                "penalty_param_loss":	true,
                "reward_penalized":	false
            },
            "pi_iters":	80,
            "pi_lr":	0.0003
        }
    },
    "cost_gamma":	0.99,
    "cost_lam":	0.95,
    "cost_lim":	2.0,
    "ent_reg":	0.0,
    "env_fn":	"env_fn",
    "epochs":	25,
    "exp_name":	"ppo_lagrangian_cartpole",
    "gamma":	0.99,
    "lam":	0.95,
    "logger":	{
        "<safe_rl.utils.logx.EpochLogger object at 0x7f5a86230070>":	{
            "epoch_dict":	{},
            "exp_name":	"ppo_lagrangian_cartpole",
            "first_row":	true,
            "log_current_row":	{},
            "log_headers":	[],
            "output_dir":	"runs_safe_rl_cartpole_comparison/ppo_lagrangian_5",
            "output_file":	{
                "<_io.TextIOWrapper name='runs_safe_rl_cartpole_comparison/ppo_lagrangian_5/progress.txt' mode='w' encoding='UTF-8'>":	{
                    "mode":	"w"
                }
            }
        }
    },
    "logger_kwargs":	{
        "exp_name":	"ppo_lagrangian_cartpole",
        "output_dir":	"runs_safe_rl_cartpole_comparison/ppo_lagrangian_5"
    },
    "max_ep_len":	1000,
    "penalty_init":	0.85,
    "penalty_lr":	0.035,
    "render":	false,
    "save_freq":	10,
    "seed":	42,
    "steps_per_epoch":	400,
    "target_kl":	0.01,
    "vf_iters":	80,
    "vf_lr":	0.0003
}
[32;1m
Number of parameters: 	 pi: 4610, 	 v: 4545, 	 vc: 4545
[0m
Epoch ended at timestep 400 (0 violations this epoch)
Warning: trajectory cut off by epoch at 10 steps.
[32;1mEarly stopping at step 33 due to reaching max kl.[0m
---------------------------------------
|             Epoch |               0 |
|      AverageEpRet |            18.6 |
|          StdEpRet |            7.14 |
|          MaxEpRet |              36 |
|          MinEpRet |              10 |
|     AverageEpCost |           0.376 |
|         StdEpCost |           0.311 |
|         MaxEpCost |            1.43 |
|         MinEpCost |          0.0521 |
|             EpLen |            18.6 |
|    CumulativeCost |            8.19 |
|          CostRate |          0.0205 |
|      AverageVVals |          -0.052 |
|          StdVVals |           0.171 |
|          MaxVVals |           0.389 |
|          MinVVals |          -0.392 |
|  AverageCostVVals |           0.043 |
|      StdCostVVals |           0.143 |
|      MaxCostVVals |           0.324 |
|      MinCostVVals |          -0.297 |
|            LossPi |       -5.21e-08 |
|       DeltaLossPi |        -0.00821 |
|          SurrCost |       -8.94e-09 |
|     DeltaSurrCost |        -0.00162 |
|             LossV |             149 |
|        DeltaLossV |           -17.3 |
|            LossVC |          0.0871 |
|       DeltaLossVC |         -0.0499 |
|           Penalty |            0.85 |
|      DeltaPenalty |         -0.0257 |
|          StopIter |              33 |
|           Entropy |           0.686 |
|                KL |          0.0128 |
| TotalEnvInteracts |             400 |
|              Time |           0.962 |
---------------------------------------
Epoch ended at timestep 800 (0 violations this epoch)
Warning: trajectory cut off by epoch at 23 steps.
[32;1mEarly stopping at step 9 due to reaching max kl.[0m
---------------------------------------
|             Epoch |               1 |
|      AverageEpRet |              18 |
|          StdEpRet |            6.03 |
|          MaxEpRet |              30 |
|          MinEpRet |               8 |
|     AverageEpCost |           0.436 |
|         StdEpCost |            0.22 |
|         MaxEpCost |           0.958 |
|         MinEpCost |           0.118 |
|             EpLen |              18 |
|    CumulativeCost |            17.6 |
|          CostRate |           0.022 |
|      AverageVVals |          0.0557 |
|          StdVVals |            1.64 |
|          MaxVVals |            4.38 |
|          MinVVals |           -3.66 |
|  AverageCostVVals |           0.193 |
|      StdCostVVals |          0.0546 |
|      MaxCostVVals |           0.326 |
|      MinCostVVals |        -0.00498 |
|            LossPi |       -1.41e-08 |
|       DeltaLossPi |        -0.00797 |
|          SurrCost |       -2.31e-09 |
|     DeltaSurrCost |        7.43e-05 |
|             LossV |             129 |
|        DeltaLossV |           -44.3 |
|            LossVC |          0.0314 |
|       DeltaLossVC |        -0.00589 |
|           Penalty |           0.824 |
|      DeltaPenalty |         -0.0211 |
|          StopIter |               9 |
|           Entropy |            0.68 |
|                KL |          0.0167 |
| TotalEnvInteracts |             800 |
|              Time |            1.37 |
---------------------------------------
Epoch ended at timestep 1200 (0 violations this epoch)
[32;1mEarly stopping at step 9 due to reaching max kl.[0m
---------------------------------------
|             Epoch |               2 |
|      AverageEpRet |              25 |
|          StdEpRet |            14.3 |
|          MaxEpRet |              54 |
|          MinEpRet |               9 |
|     AverageEpCost |           0.752 |
|         StdEpCost |           0.936 |
|         MaxEpCost |            3.74 |
|         MinEpCost |           0.129 |
|             EpLen |              25 |
|    CumulativeCost |            29.6 |
|          CostRate |          0.0247 |
|      AverageVVals |            2.96 |
|          StdVVals |            0.49 |
|          MaxVVals |            4.05 |
|          MinVVals |            1.48 |
|  AverageCostVVals |           0.225 |
|      StdCostVVals |          0.0876 |
|      MaxCostVVals |           0.356 |
|      MinCostVVals |          -0.023 |
|            LossPi |        6.11e-09 |
|       DeltaLossPi |        -0.00637 |
|          SurrCost |       -1.11e-08 |
|     DeltaSurrCost |        -0.00139 |
|             LossV |             252 |
|        DeltaLossV |            -114 |
|            LossVC |           0.939 |
|       DeltaLossVC |          -0.505 |
|           Penalty |           0.803 |
|      DeltaPenalty |         -0.0204 |
|          StopIter |               9 |
|           Entropy |           0.681 |
|                KL |           0.014 |
| TotalEnvInteracts |         1.2e+03 |
|              Time |            1.77 |
---------------------------------------
Epoch ended at timestep 1600 (0 violations this epoch)
Warning: trajectory cut off by epoch at 26 steps.
[32;1mEarly stopping at step 15 due to reaching max kl.[0m
---------------------------------------
|             Epoch |               3 |
|      AverageEpRet |            31.2 |
|          StdEpRet |            19.2 |
|          MaxEpRet |              87 |
|          MinEpRet |              16 |
|     AverageEpCost |           0.509 |
|         StdEpCost |           0.371 |
|         MaxEpCost |            1.32 |
|         MinEpCost |          0.0821 |
|             EpLen |            31.2 |
|    CumulativeCost |            35.8 |
|          CostRate |          0.0224 |
|      AverageVVals |            8.27 |
|          StdVVals |            1.63 |
|          MaxVVals |            11.4 |
|          MinVVals |            3.77 |
|  AverageCostVVals |            0.57 |
|      StdCostVVals |            0.41 |
|      MaxCostVVals |            2.07 |
|      MinCostVVals |          -0.276 |
|            LossPi |        4.98e-08 |
|       DeltaLossPi |        -0.00664 |
|          SurrCost |       -8.94e-10 |
|     DeltaSurrCost |          0.0015 |
|             LossV |             270 |
|        DeltaLossV |           -81.2 |
|            LossVC |            0.18 |
|       DeltaLossVC |          -0.118 |
|           Penalty |           0.783 |
|      DeltaPenalty |         -0.0211 |
|          StopIter |              15 |
|           Entropy |            0.67 |
|                KL |          0.0127 |
| TotalEnvInteracts |         1.6e+03 |
|              Time |            2.25 |
---------------------------------------
Epoch ended at timestep 2000 (0 violations this epoch)
Warning: trajectory cut off by epoch at 17 steps.
[32;1mEarly stopping at step 24 due to reaching max kl.[0m
---------------------------------------
|             Epoch |               4 |
|      AverageEpRet |            42.6 |
|          StdEpRet |            15.8 |
|          MaxEpRet |              66 |
|          MinEpRet |              13 |
|     AverageEpCost |           0.835 |
|         StdEpCost |           0.923 |
|         MaxEpCost |            3.26 |
|         MinEpCost |          0.0912 |
|             EpLen |            42.6 |
|    CumulativeCost |            43.4 |
|          CostRate |          0.0217 |
|      AverageVVals |              13 |
|          StdVVals |            2.09 |
|          MaxVVals |            16.7 |
|          MinVVals |            4.74 |
|  AverageCostVVals |           0.242 |
|      StdCostVVals |           0.151 |
|      MaxCostVVals |           0.718 |
|      MinCostVVals |          -0.156 |
|            LossPi |        3.45e-08 |
|       DeltaLossPi |        -0.00679 |
|          SurrCost |        -1.5e-08 |
|     DeltaSurrCost |       -0.000512 |
|             LossV |             197 |
|        DeltaLossV |           -47.2 |
|            LossVC |           0.671 |
|       DeltaLossVC |          -0.273 |
|           Penalty |           0.762 |
|      DeltaPenalty |         -0.0216 |
|          StopIter |              24 |
|           Entropy |           0.646 |
|                KL |          0.0124 |
| TotalEnvInteracts |           2e+03 |
|              Time |            2.83 |
---------------------------------------
Epoch ended at timestep 2400 (0 violations this epoch)
Warning: trajectory cut off by epoch at 18 steps.
---------------------------------------
|             Epoch |               5 |
|      AverageEpRet |            54.6 |
|          StdEpRet |            17.1 |
|          MaxEpRet |              81 |
|          MinEpRet |              35 |
|     AverageEpCost |            1.15 |
|         StdEpCost |             1.1 |
|         MaxEpCost |            3.46 |
|         MinEpCost |          0.0408 |
|             EpLen |            54.6 |
|    CumulativeCost |            51.5 |
|          CostRate |          0.0215 |
|      AverageVVals |            17.3 |
|          StdVVals |            1.66 |
|          MaxVVals |            19.3 |
|          MinVVals |            11.1 |
|  AverageCostVVals |           0.387 |
|      StdCostVVals |           0.333 |
|      MaxCostVVals |            1.13 |
|      MinCostVVals |          -0.901 |
|            LossPi |        1.96e-08 |
|       DeltaLossPi |        -0.00725 |
|          SurrCost |       -7.82e-09 |
|     DeltaSurrCost |        -0.00196 |
|             LossV |             241 |
|        DeltaLossV |           -39.8 |
|            LossVC |            0.69 |
|       DeltaLossVC |          -0.359 |
|           Penalty |            0.74 |
|      DeltaPenalty |         -0.0261 |
|          StopIter |              79 |
|           Entropy |           0.623 |
|                KL |         0.00414 |
| TotalEnvInteracts |         2.4e+03 |
|              Time |            3.58 |
---------------------------------------
Epoch ended at timestep 2800 (0 violations this epoch)
Warning: trajectory cut off by epoch at 47 steps.
---------------------------------------
|             Epoch |               6 |
|      AverageEpRet |            44.1 |
|          StdEpRet |            9.32 |
|          MaxEpRet |              55 |
|          MinEpRet |              25 |
|     AverageEpCost |           0.722 |
|         StdEpCost |           0.587 |
|         MaxEpCost |            1.77 |
|         MinEpCost |          0.0218 |
|             EpLen |            44.1 |
|    CumulativeCost |            57.4 |
|          CostRate |          0.0205 |
|      AverageVVals |            19.9 |
|          StdVVals |            1.73 |
|          MaxVVals |            21.9 |
|          MinVVals |            11.6 |
|  AverageCostVVals |           0.535 |
|      StdCostVVals |           0.318 |
|      MaxCostVVals |            1.37 |
|      MinCostVVals |         -0.0749 |
|            LossPi |       -1.51e-08 |
|       DeltaLossPi |        -0.00643 |
|          SurrCost |       -7.93e-09 |
|     DeltaSurrCost |         0.00579 |
|             LossV |             142 |
|        DeltaLossV |           -13.1 |
|            LossVC |           0.308 |
|       DeltaLossVC |          -0.144 |
|           Penalty |           0.714 |
|      DeltaPenalty |         -0.0355 |
|          StopIter |              79 |
|           Entropy |           0.633 |
|                KL |          0.0047 |
| TotalEnvInteracts |         2.8e+03 |
|              Time |            4.31 |
---------------------------------------
Epoch ended at timestep 3200 (0 violations this epoch)
Warning: trajectory cut off by epoch at 44 steps.
---------------------------------------
|             Epoch |               7 |
|      AverageEpRet |            59.3 |
|          StdEpRet |              21 |
|          MaxEpRet |              81 |
|          MinEpRet |              32 |
|     AverageEpCost |            1.23 |
|         StdEpCost |            1.01 |
|         MaxEpCost |            3.02 |
|         MinEpCost |           0.157 |
|             EpLen |            59.3 |
|    CumulativeCost |            64.9 |
|          CostRate |          0.0203 |
|      AverageVVals |            22.2 |
|          StdVVals |           0.479 |
|          MaxVVals |            22.9 |
|          MinVVals |            20.6 |
|  AverageCostVVals |           0.413 |
|      StdCostVVals |          0.0799 |
|      MaxCostVVals |           0.536 |
|      MinCostVVals |           0.125 |
|            LossPi |       -2.28e-08 |
|       DeltaLossPi |        -0.00514 |
|          SurrCost |       -4.51e-09 |
|     DeltaSurrCost |       -0.000832 |
|             LossV |             278 |
|        DeltaLossV |           -23.8 |
|            LossVC |           0.611 |
|       DeltaLossVC |          -0.238 |
|           Penalty |           0.678 |
|      DeltaPenalty |         -0.0197 |
|          StopIter |              79 |
|           Entropy |           0.638 |
|                KL |         0.00469 |
| TotalEnvInteracts |         3.2e+03 |
|              Time |            5.06 |
---------------------------------------
Epoch ended at timestep 3600 (0 violations this epoch)
Warning: trajectory cut off by epoch at 35 steps.
[32;1mEarly stopping at step 14 due to reaching max kl.[0m
---------------------------------------
|             Epoch |               8 |
|      AverageEpRet |            60.8 |
|          StdEpRet |            32.6 |
|          MaxEpRet |             109 |
|          MinEpRet |              18 |
|     AverageEpCost |            1.84 |
|         StdEpCost |            2.39 |
|         MaxEpCost |            6.98 |
|         MinEpCost |          0.0468 |
|             EpLen |            60.8 |
|    CumulativeCost |            75.9 |
|          CostRate |          0.0211 |
|      AverageVVals |            22.8 |
|          StdVVals |            3.82 |
|          MaxVVals |            24.6 |
|          MinVVals |           -5.15 |
|  AverageCostVVals |           0.693 |
|      StdCostVVals |           0.304 |
|      MaxCostVVals |            1.36 |
|      MinCostVVals |          -0.381 |
|            LossPi |        2.07e-08 |
|       DeltaLossPi |         -0.0117 |
|          SurrCost |        1.42e-08 |
|     DeltaSurrCost |         -0.0339 |
|             LossV |             341 |
|        DeltaLossV |           -37.8 |
|            LossVC |            3.01 |
|       DeltaLossVC |           -1.93 |
|           Penalty |           0.659 |
|      DeltaPenalty |         -0.0136 |
|          StopIter |              14 |
|           Entropy |           0.611 |
|                KL |          0.0141 |
| TotalEnvInteracts |         3.6e+03 |
|              Time |            5.59 |
---------------------------------------
Epoch ended at timestep 4000 (0 violations this epoch)
Warning: trajectory cut off by epoch at 17 steps.
---------------------------------------
|             Epoch |               9 |
|      AverageEpRet |            47.9 |
|          StdEpRet |            16.6 |
|          MaxEpRet |              73 |
|          MinEpRet |              25 |
|     AverageEpCost |           0.508 |
|         StdEpCost |           0.331 |
|         MaxEpCost |            1.23 |
|         MinEpCost |           0.168 |
|             EpLen |            47.9 |
|    CumulativeCost |              80 |
|          CostRate |            0.02 |
|      AverageVVals |            25.7 |
|          StdVVals |            1.58 |
|          MaxVVals |            26.7 |
|          MinVVals |            14.1 |
|  AverageCostVVals |            1.66 |
|      StdCostVVals |           0.764 |
|      MaxCostVVals |            3.38 |
|      MinCostVVals |          -0.545 |
|            LossPi |        1.23e-08 |
|       DeltaLossPi |        -0.00681 |
|          SurrCost |        3.58e-08 |
|     DeltaSurrCost |           0.013 |
|             LossV |             165 |
|        DeltaLossV |           -29.3 |
|            LossVC |            2.55 |
|       DeltaLossVC |           -2.45 |
|           Penalty |           0.645 |
|      DeltaPenalty |         -0.0316 |
|          StopIter |              79 |
|           Entropy |           0.624 |
|                KL |         0.00481 |
| TotalEnvInteracts |           4e+03 |
|              Time |            6.29 |
---------------------------------------
Epoch ended at timestep 4400 (0 violations this epoch)
Warning: trajectory cut off by epoch at 104 steps.
[32;1mEarly stopping at step 10 due to reaching max kl.[0m
---------------------------------------
|             Epoch |              10 |
|      AverageEpRet |              74 |
|          StdEpRet |              22 |
|          MaxEpRet |              96 |
|          MinEpRet |              38 |
|     AverageEpCost |           0.371 |
|         StdEpCost |           0.138 |
|         MaxEpCost |           0.549 |
|         MinEpCost |           0.224 |
|             EpLen |              74 |
|    CumulativeCost |            81.7 |
|          CostRate |          0.0186 |
|      AverageVVals |            24.3 |
|          StdVVals |            4.33 |
|          MaxVVals |            26.4 |
|          MinVVals |           -2.45 |
|  AverageCostVVals |           0.248 |
|      StdCostVVals |           0.135 |
|      MaxCostVVals |           0.707 |
|      MinCostVVals |         -0.0271 |
|            LossPi |        1.48e-08 |
|       DeltaLossPi |         -0.0104 |
|          SurrCost |               0 |
|     DeltaSurrCost |         0.00135 |
|             LossV |             456 |
|        DeltaLossV |           -81.1 |
|            LossVC |          0.0465 |
|       DeltaLossVC |         -0.0286 |
|           Penalty |           0.614 |
|      DeltaPenalty |         -0.0165 |
|          StopIter |              10 |
|           Entropy |           0.632 |
|                KL |          0.0157 |
| TotalEnvInteracts |         4.4e+03 |
|              Time |            6.92 |
---------------------------------------
Epoch ended at timestep 4800 (0 violations this epoch)
Warning: trajectory cut off by epoch at 34 steps.
[32;1mEarly stopping at step 12 due to reaching max kl.[0m
---------------------------------------
|             Epoch |              11 |
|      AverageEpRet |            73.2 |
|          StdEpRet |            34.7 |
|          MaxEpRet |             120 |
|          MinEpRet |              14 |
|     AverageEpCost |            1.19 |
|         StdEpCost |            0.53 |
|         MaxEpCost |            1.94 |
|         MinEpCost |           0.464 |
|             EpLen |            73.2 |
|    CumulativeCost |            87.7 |
|          CostRate |          0.0183 |
|      AverageVVals |            26.5 |
|          StdVVals |            8.19 |
|          MaxVVals |            29.8 |
|          MinVVals |           -21.9 |
|  AverageCostVVals |          0.0712 |
|      StdCostVVals |          0.0852 |
|      MaxCostVVals |           0.272 |
|      MinCostVVals |          -0.177 |
|            LossPi |        2.67e-09 |
|       DeltaLossPi |        -0.00619 |
|          SurrCost |        5.14e-09 |
|     DeltaSurrCost |        -0.00116 |
|             LossV |             320 |
|        DeltaLossV |           -29.5 |
|            LossVC |           0.375 |
|       DeltaLossVC |          -0.277 |
|           Penalty |           0.597 |
|      DeltaPenalty |         -0.0153 |
|          StopIter |              12 |
|           Entropy |           0.619 |
|                KL |          0.0143 |
| TotalEnvInteracts |         4.8e+03 |
|              Time |             7.4 |
---------------------------------------
Epoch ended at timestep 5200 (0 violations this epoch)
Warning: trajectory cut off by epoch at 73 steps.
---------------------------------------
|             Epoch |              12 |
|      AverageEpRet |            65.4 |
|          StdEpRet |            19.1 |
|          MaxEpRet |             100 |
|          MinEpRet |              43 |
|     AverageEpCost |            1.49 |
|         StdEpCost |           0.387 |
|         MaxEpCost |             2.1 |
|         MinEpCost |            1.04 |
|             EpLen |            65.4 |
|    CumulativeCost |            95.7 |
|          CostRate |          0.0184 |
|      AverageVVals |            31.1 |
|          StdVVals |            1.26 |
|          MaxVVals |            31.5 |
|          MinVVals |            15.9 |
|  AverageCostVVals |           0.555 |
|      StdCostVVals |          0.0592 |
|      MaxCostVVals |           0.734 |
|      MinCostVVals |           0.411 |
|            LossPi |       -1.22e-08 |
|       DeltaLossPi |        -0.00525 |
|          SurrCost |       -6.26e-09 |
|     DeltaSurrCost |         -0.0012 |
|             LossV |             301 |
|        DeltaLossV |           -6.22 |
|            LossVC |           0.157 |
|       DeltaLossVC |         -0.0466 |
|           Penalty |           0.582 |
|      DeltaPenalty |         -0.0174 |
|          StopIter |              79 |
|           Entropy |           0.601 |
|                KL |         0.00875 |
| TotalEnvInteracts |         5.2e+03 |
|              Time |             8.1 |
---------------------------------------
Epoch ended at timestep 5600 (0 violations this epoch)
Warning: trajectory cut off by epoch at 27 steps.
---------------------------------------
|             Epoch |              13 |
|      AverageEpRet |            46.6 |
|          StdEpRet |            11.9 |
|          MaxEpRet |              67 |
|          MinEpRet |              32 |
|     AverageEpCost |           0.517 |
|         StdEpCost |           0.506 |
|         MaxEpCost |            1.78 |
|         MinEpCost |          0.0686 |
|             EpLen |            46.6 |
|    CumulativeCost |             100 |
|          CostRate |          0.0179 |
|      AverageVVals |            31.1 |
|          StdVVals |            3.55 |
|          MaxVVals |              32 |
|          MinVVals |            2.81 |
|  AverageCostVVals |           0.709 |
|      StdCostVVals |          0.0406 |
|      MaxCostVVals |           0.806 |
|      MinCostVVals |           0.554 |
|            LossPi |       -5.72e-09 |
|       DeltaLossPi |        -0.00678 |
|          SurrCost |       -1.16e-08 |
|     DeltaSurrCost |         0.00263 |
|             LossV |             226 |
|        DeltaLossV |           -27.1 |
|            LossVC |           0.274 |
|       DeltaLossVC |          -0.196 |
|           Penalty |           0.565 |
|      DeltaPenalty |         -0.0214 |
|          StopIter |              79 |
|           Entropy |           0.574 |
|                KL |         0.00301 |
| TotalEnvInteracts |         5.6e+03 |
|              Time |            8.79 |
---------------------------------------
Epoch ended at timestep 6000 (0 violations this epoch)
Warning: trajectory cut off by epoch at 33 steps.
---------------------------------------
|             Epoch |              14 |
|      AverageEpRet |            52.4 |
|          StdEpRet |            17.8 |
|          MaxEpRet |              86 |
|          MinEpRet |              32 |
|     AverageEpCost |           0.461 |
|         StdEpCost |           0.239 |
|         MaxEpCost |           0.846 |
|         MinEpCost |           0.218 |
|             EpLen |            52.4 |
|    CumulativeCost |             104 |
|          CostRate |          0.0173 |
|      AverageVVals |            30.1 |
|          StdVVals |           0.207 |
|          MaxVVals |            30.2 |
|          MinVVals |            29.1 |
|  AverageCostVVals |           0.276 |
|      StdCostVVals |           0.127 |
|      MaxCostVVals |           0.499 |
|      MinCostVVals |         -0.0277 |
|            LossPi |       -8.56e-09 |
|       DeltaLossPi |        -0.00658 |
|          SurrCost |        3.11e-09 |
|     DeltaSurrCost |         0.00104 |
|             LossV |             234 |
|        DeltaLossV |           -9.41 |
|            LossVC |          0.0253 |
|       DeltaLossVC |         -0.0068 |
|           Penalty |           0.543 |
|      DeltaPenalty |         -0.0201 |
|          StopIter |              79 |
|           Entropy |           0.587 |
|                KL |         0.00274 |
| TotalEnvInteracts |           6e+03 |
|              Time |            9.49 |
---------------------------------------
Epoch ended at timestep 6400 (0 violations this epoch)
Warning: trajectory cut off by epoch at 4 steps.
---------------------------------------
|             Epoch |              15 |
|      AverageEpRet |              99 |
|          StdEpRet |              13 |
|          MaxEpRet |             118 |
|          MinEpRet |              87 |
|     AverageEpCost |            1.73 |
|         StdEpCost |           0.787 |
|         MaxEpCost |            3.05 |
|         MinEpCost |           0.972 |
|             EpLen |              99 |
|    CumulativeCost |             111 |
|          CostRate |          0.0173 |
|      AverageVVals |            28.9 |
|          StdVVals |           0.186 |
|          MaxVVals |            29.1 |
|          MinVVals |              28 |
|  AverageCostVVals |           0.338 |
|      StdCostVVals |          0.0744 |
|      MaxCostVVals |           0.463 |
|      MinCostVVals |          0.0565 |
|            LossPi |       -3.73e-08 |
|       DeltaLossPi |        -0.00599 |
|          SurrCost |       -1.05e-08 |
|     DeltaSurrCost |        -0.00326 |
|             LossV |             410 |
|        DeltaLossV |           -28.2 |
|            LossVC |           0.248 |
|       DeltaLossVC |          -0.145 |
|           Penalty |           0.523 |
|      DeltaPenalty |          -0.015 |
|          StopIter |              79 |
|           Entropy |           0.585 |
|                KL |         0.00751 |
| TotalEnvInteracts |         6.4e+03 |
|              Time |            10.2 |
---------------------------------------
Epoch ended at timestep 6800 (0 violations this epoch)
Warning: trajectory cut off by epoch at 53 steps.
---------------------------------------
|             Epoch |              16 |
|      AverageEpRet |            69.4 |
|          StdEpRet |            18.3 |
|          MaxEpRet |             103 |
|          MinEpRet |              51 |
|     AverageEpCost |           0.566 |
|         StdEpCost |            0.21 |
|         MaxEpCost |           0.825 |
|         MinEpCost |           0.192 |
|             EpLen |            69.4 |
|    CumulativeCost |             113 |
|          CostRate |          0.0167 |
|      AverageVVals |            30.7 |
|          StdVVals |          0.0888 |
|          MaxVVals |            30.8 |
|          MinVVals |            30.3 |
|  AverageCostVVals |           0.687 |
|      StdCostVVals |          0.0627 |
|      MaxCostVVals |           0.783 |
|      MinCostVVals |           0.481 |
|            LossPi |        5.38e-09 |
|       DeltaLossPi |         -0.0075 |
|          SurrCost |        1.36e-08 |
|     DeltaSurrCost |         0.00157 |
|             LossV |             271 |
|        DeltaLossV |           -1.11 |
|            LossVC |           0.147 |
|       DeltaLossVC |          -0.127 |
|           Penalty |           0.508 |
|      DeltaPenalty |         -0.0195 |
|          StopIter |              79 |
|           Entropy |           0.559 |
|                KL |         0.00679 |
| TotalEnvInteracts |         6.8e+03 |
|              Time |            10.9 |
---------------------------------------
Epoch ended at timestep 7200 (0 violations this epoch)
Warning: trajectory cut off by epoch at 32 steps.
[31;1mWarning! Safety constraint is already violated.[0m
---------------------------------------
|             Epoch |              17 |
|      AverageEpRet |              92 |
|          StdEpRet |            27.3 |
|          MaxEpRet |             130 |
|          MinEpRet |              57 |
|     AverageEpCost |            2.35 |
|         StdEpCost |            1.49 |
|         MaxEpCost |            4.53 |
|         MinEpCost |           0.588 |
|             EpLen |              92 |
|    CumulativeCost |             124 |
|          CostRate |          0.0172 |
|      AverageVVals |            27.9 |
|          StdVVals |            9.42 |
|          MaxVVals |            31.2 |
|          MinVVals |           -27.7 |
|  AverageCostVVals |           0.474 |
|      StdCostVVals |           0.174 |
|      MaxCostVVals |           0.888 |
|      MinCostVVals |         -0.0227 |
|            LossPi |        2.62e-08 |
|       DeltaLossPi |        -0.00376 |
|          SurrCost |        1.08e-09 |
|     DeltaSurrCost |        -0.00366 |
|             LossV |             353 |
|        DeltaLossV |           -35.1 |
|            LossVC |           0.995 |
|       DeltaLossVC |          -0.433 |
|           Penalty |           0.489 |
|      DeltaPenalty |         -0.0108 |
|          StopIter |              79 |
|           Entropy |           0.574 |
|                KL |         0.00266 |
| TotalEnvInteracts |         7.2e+03 |
|              Time |            11.6 |
---------------------------------------
Epoch ended at timestep 7600 (0 violations this epoch)
Warning: trajectory cut off by epoch at 11 steps.
---------------------------------------
|             Epoch |              18 |
|      AverageEpRet |            97.2 |
|          StdEpRet |            28.1 |
|          MaxEpRet |             145 |
|          MinEpRet |              77 |
|     AverageEpCost |            1.69 |
|         StdEpCost |           0.987 |
|         MaxEpCost |            2.85 |
|         MinEpCost |           0.708 |
|             EpLen |            97.2 |
|    CumulativeCost |             131 |
|          CostRate |          0.0172 |
|      AverageVVals |              30 |
|          StdVVals |            7.71 |
|          MaxVVals |              33 |
|          MinVVals |           -14.5 |
|  AverageCostVVals |            1.16 |
|      StdCostVVals |           0.295 |
|      MaxCostVVals |            1.91 |
|      MinCostVVals |           0.152 |
|            LossPi |       -1.53e-08 |
|       DeltaLossPi |        -0.00413 |
|          SurrCost |       -6.26e-09 |
|     DeltaSurrCost |        -0.00114 |
|             LossV |             337 |
|        DeltaLossV |           -31.6 |
|            LossVC |           0.459 |
|       DeltaLossVC |          -0.162 |
|           Penalty |           0.478 |
|      DeltaPenalty |         -0.0113 |
|          StopIter |              79 |
|           Entropy |           0.565 |
|                KL |         0.00524 |
| TotalEnvInteracts |         7.6e+03 |
|              Time |            12.4 |
---------------------------------------
Epoch ended at timestep 8000 (0 violations this epoch)
Warning: trajectory cut off by epoch at 58 steps.
---------------------------------------
|             Epoch |              19 |
|      AverageEpRet |            85.5 |
|          StdEpRet |            31.8 |
|          MaxEpRet |             138 |
|          MinEpRet |              54 |
|     AverageEpCost |            1.57 |
|         StdEpCost |           0.752 |
|         MaxEpCost |            2.78 |
|         MinEpCost |           0.823 |
|             EpLen |            85.5 |
|    CumulativeCost |             138 |
|          CostRate |          0.0172 |
|      AverageVVals |            32.3 |
|          StdVVals |            8.17 |
|          MaxVVals |              35 |
|          MinVVals |           -21.4 |
|  AverageCostVVals |           0.646 |
|      StdCostVVals |           0.239 |
|      MaxCostVVals |            1.21 |
|      MinCostVVals |         -0.0591 |
|            LossPi |        -1.7e-08 |
|       DeltaLossPi |         -0.0071 |
|          SurrCost |        3.76e-09 |
|     DeltaSurrCost |         -0.0021 |
|             LossV |             325 |
|        DeltaLossV |           -15.5 |
|            LossVC |           0.442 |
|       DeltaLossVC |          -0.165 |
|           Penalty |           0.466 |
|      DeltaPenalty |          -0.013 |
|          StopIter |              79 |
|           Entropy |            0.55 |
|                KL |         0.00777 |
| TotalEnvInteracts |           8e+03 |
|              Time |            13.1 |
---------------------------------------
Epoch ended at timestep 8400 (0 violations this epoch)
Warning: trajectory cut off by epoch at 78 steps.
---------------------------------------
|             Epoch |              20 |
|      AverageEpRet |             107 |
|          StdEpRet |              11 |
|          MaxEpRet |             121 |
|          MinEpRet |              94 |
|     AverageEpCost |           0.655 |
|         StdEpCost |           0.157 |
|         MaxEpCost |           0.853 |
|         MinEpCost |           0.469 |
|             EpLen |             107 |
|    CumulativeCost |             140 |
|          CostRate |          0.0167 |
|      AverageVVals |            36.1 |
|          StdVVals |            0.16 |
|          MaxVVals |            36.3 |
|          MinVVals |            35.7 |
|  AverageCostVVals |            0.82 |
|      StdCostVVals |          0.0676 |
|      MaxCostVVals |            1.02 |
|      MinCostVVals |           0.704 |
|            LossPi |       -1.59e-08 |
|       DeltaLossPi |        -0.00989 |
|          SurrCost |       -1.03e-08 |
|     DeltaSurrCost |         0.00294 |
|             LossV |             399 |
|        DeltaLossV |           -19.6 |
|            LossVC |           0.304 |
|       DeltaLossVC |           -0.29 |
|           Penalty |           0.453 |
|      DeltaPenalty |         -0.0199 |
|          StopIter |              79 |
|           Entropy |           0.551 |
|                KL |         0.00458 |
| TotalEnvInteracts |         8.4e+03 |
|              Time |            13.9 |
---------------------------------------
Epoch ended at timestep 8800 (0 violations this epoch)
Warning: trajectory cut off by epoch at 133 steps.
---------------------------------------
|             Epoch |              21 |
|      AverageEpRet |              89 |
|          StdEpRet |             4.9 |
|          MaxEpRet |              95 |
|          MinEpRet |              83 |
|     AverageEpCost |             1.8 |
|         StdEpCost |           0.478 |
|         MaxEpCost |            2.45 |
|         MinEpCost |             1.3 |
|             EpLen |              89 |
|    CumulativeCost |             146 |
|          CostRate |          0.0165 |
|      AverageVVals |            37.7 |
|          StdVVals |          0.0855 |
|          MaxVVals |            37.8 |
|          MinVVals |            37.5 |
|  AverageCostVVals |            0.29 |
|      StdCostVVals |            0.08 |
|      MaxCostVVals |           0.395 |
|      MinCostVVals |         -0.0219 |
|            LossPi |        -4.8e-09 |
|       DeltaLossPi |        -0.00416 |
|          SurrCost |       -1.08e-09 |
|     DeltaSurrCost |         0.00224 |
|             LossV |             521 |
|        DeltaLossV |           -22.1 |
|            LossVC |           0.421 |
|       DeltaLossVC |          -0.225 |
|           Penalty |           0.433 |
|      DeltaPenalty |         -0.0149 |
|          StopIter |              79 |
|           Entropy |           0.582 |
|                KL |         0.00362 |
| TotalEnvInteracts |         8.8e+03 |
|              Time |            14.6 |
---------------------------------------
Epoch ended at timestep 9200 (0 violations this epoch)
Warning: trajectory cut off by epoch at 28 steps.
[31;1mWarning! Safety constraint is already violated.[0m
---------------------------------------
|             Epoch |              22 |
|      AverageEpRet |            74.4 |
|          StdEpRet |            8.06 |
|          MaxEpRet |              86 |
|          MinEpRet |              63 |
|     AverageEpCost |             3.3 |
|         StdEpCost |            2.11 |
|         MaxEpCost |            7.44 |
|         MinEpCost |            1.57 |
|             EpLen |            74.4 |
|    CumulativeCost |             162 |
|          CostRate |          0.0176 |
|      AverageVVals |            36.9 |
|          StdVVals |            9.41 |
|          MaxVVals |            39.4 |
|          MinVVals |           -23.9 |
|  AverageCostVVals |           0.689 |
|      StdCostVVals |           0.238 |
|      MaxCostVVals |            1.21 |
|      MinCostVVals |            -0.1 |
|            LossPi |        1.73e-09 |
|       DeltaLossPi |        -0.00859 |
|          SurrCost |        1.37e-08 |
|     DeltaSurrCost |         0.00427 |
|             LossV |             261 |
|        DeltaLossV |           -20.8 |
|            LossVC |            3.28 |
|       DeltaLossVC |            -2.2 |
|           Penalty |           0.419 |
|      DeltaPenalty |         -0.0159 |
|          StopIter |              79 |
|           Entropy |           0.564 |
|                KL |          0.0074 |
| TotalEnvInteracts |         9.2e+03 |
|              Time |            15.4 |
---------------------------------------
Epoch ended at timestep 9600 (0 violations this epoch)
Warning: trajectory cut off by epoch at 13 steps.
[31;1mWarning! Safety constraint is already violated.[0m
---------------------------------------
|             Epoch |              23 |
|      AverageEpRet |             129 |
|          StdEpRet |            2.16 |
|          MaxEpRet |             132 |
|          MinEpRet |             127 |
|     AverageEpCost |            5.18 |
|         StdEpCost |            2.15 |
|         MaxEpCost |            8.17 |
|         MinEpCost |            3.22 |
|             EpLen |             129 |
|    CumulativeCost |             178 |
|          CostRate |          0.0185 |
|      AverageVVals |              34 |
|          StdVVals |            9.69 |
|          MaxVVals |            38.2 |
|          MinVVals |           -12.9 |
|  AverageCostVVals |            2.31 |
|      StdCostVVals |           0.943 |
|      MaxCostVVals |            4.32 |
|      MinCostVVals |          -0.822 |
|            LossPi |       -1.86e-08 |
|       DeltaLossPi |        -0.00432 |
|          SurrCost |       -1.19e-09 |
|     DeltaSurrCost |        -0.00551 |
|             LossV |             362 |
|        DeltaLossV |           -41.1 |
|            LossVC |            1.49 |
|       DeltaLossVC |          -0.352 |
|           Penalty |           0.403 |
|      DeltaPenalty |        -0.00201 |
|          StopIter |              79 |
|           Entropy |           0.583 |
|                KL |         0.00507 |
| TotalEnvInteracts |         9.6e+03 |
|              Time |            16.1 |
---------------------------------------
Epoch ended at timestep 10000 (0 violations this epoch)
Warning: trajectory cut off by epoch at 22 steps.
[31;1mWarning! Safety constraint is already violated.[0m
---------------------------------------
|             Epoch |              24 |
|      AverageEpRet |             126 |
|          StdEpRet |            21.6 |
|          MaxEpRet |             152 |
|          MinEpRet |              99 |
|     AverageEpCost |            2.08 |
|         StdEpCost |           0.847 |
|         MaxEpCost |            2.82 |
|         MinEpCost |           0.894 |
|             EpLen |             126 |
|    CumulativeCost |             184 |
|          CostRate |          0.0184 |
|      AverageVVals |            40.1 |
|          StdVVals |          0.0593 |
|          MaxVVals |            40.2 |
|          MinVVals |            39.9 |
|  AverageCostVVals |            2.18 |
|      StdCostVVals |           0.417 |
|      MaxCostVVals |            2.73 |
|      MinCostVVals |           0.821 |
|            LossPi |        2.06e-08 |
|       DeltaLossPi |        -0.00741 |
|          SurrCost |        2.07e-08 |
|     DeltaSurrCost |          0.0067 |
|             LossV |             439 |
|        DeltaLossV |           -8.06 |
|            LossVC |            1.96 |
|       DeltaLossVC |           -1.59 |
|           Penalty |           0.401 |
|      DeltaPenalty |         -0.0107 |
|          StopIter |              79 |
|           Entropy |           0.576 |
|                KL |         0.00843 |
| TotalEnvInteracts |           1e+04 |
|              Time |            16.9 |
---------------------------------------

PPO-Lagrangian Training Complete!
  Time: 17.5 seconds
  Training violation summary:
    - Total episodes: 205
    - Episodes with x-violations: 0
    - Episode violation rate: 0.000
    - Timesteps with violations: 0/10000
    - Timestep violation rate: 0.0000

[TensorFlow graph reset]


==================================================
Training CPO (Constrained Policy Optimization)
==================================================
[32;1mLogging data to runs_safe_rl_cartpole_comparison/cpo_5/progress.txt[0m
[36;1mSaving config:
[0m
{
    "ac_kwargs":	{
        "hidden_sizes":	[
            64,
            64
        ]
    },
    "actor_critic":	"mlp_actor_critic",
    "agent":	{
        "<safe_rl.pg.agents.CPOAgent object at 0x7f5a862300a0>":	{
            "backtrack_coeff":	0.8,
            "backtrack_iters":	10,
            "damping_coeff":	0.1,
            "learn_margin":	false,
            "margin":	0,
            "margin_lr":	0.05,
            "params":	{
                "constrained":	true,
                "learn_penalty":	false,
                "objective_penalized":	false,
                "penalty_param_loss":	false,
                "reward_penalized":	false,
                "save_penalty":	true,
                "trust_region":	true
            }
        }
    },
    "cost_gamma":	0.99,
    "cost_lam":	0.95,
    "cost_lim":	0.5,
    "ent_reg":	0.0,
    "env_fn":	"env_fn",
    "epochs":	25,
    "exp_name":	"cpo_cartpole",
    "gamma":	0.99,
    "lam":	0.95,
    "logger":	{
        "<safe_rl.utils.logx.EpochLogger object at 0x7f5a827cdcc0>":	{
            "epoch_dict":	{},
            "exp_name":	"cpo_cartpole",
            "first_row":	true,
            "log_current_row":	{},
            "log_headers":	[],
            "output_dir":	"runs_safe_rl_cartpole_comparison/cpo_5",
            "output_file":	{
                "<_io.TextIOWrapper name='runs_safe_rl_cartpole_comparison/cpo_5/progress.txt' mode='w' encoding='UTF-8'>":	{
                    "mode":	"w"
                }
            }
        }
    },
    "logger_kwargs":	{
        "exp_name":	"cpo_cartpole",
        "output_dir":	"runs_safe_rl_cartpole_comparison/cpo_5"
    },
    "max_ep_len":	1000,
    "penalty_init":	1.0,
    "penalty_lr":	0.05,
    "render":	false,
    "save_freq":	10,
    "seed":	42,
    "steps_per_epoch":	400,
    "target_kl":	0.005,
    "vf_iters":	80,
    "vf_lr":	0.0003
}
[32;1m
Number of parameters: 	 pi: 4610, 	 v: 4545, 	 vc: 4545
[0m
Epoch ended at timestep 400 (0 violations this epoch)
Warning: trajectory cut off by epoch at 7 steps.
[34;1msurr_cost_old 0.000[0m
[34;1m0 	kl 0.003 	surr_cost_new 0.001[0m
[32;1mAccepting new params at step 0 of line search.[0m
---------------------------------------
|             Epoch |               0 |
|      AverageEpRet |            17.9 |
|          StdEpRet |            7.08 |
|          MaxEpRet |              32 |
|          MinEpRet |              10 |
|     AverageEpCost |           0.409 |
|         StdEpCost |           0.251 |
|         MaxEpCost |            1.15 |
|         MinEpCost |          0.0989 |
|             EpLen |            17.9 |
|    CumulativeCost |            9.05 |
|          CostRate |          0.0226 |
|      AverageVVals |         -0.0766 |
|          StdVVals |           0.161 |
|          MaxVVals |           0.393 |
|          MinVVals |          -0.388 |
|  AverageCostVVals |          0.0667 |
|      StdCostVVals |           0.138 |
|      MaxCostVVals |           0.331 |
|      MinCostVVals |           -0.31 |
|            LossPi |        2.86e-08 |
|       DeltaLossPi |        -0.00881 |
|          SurrCost |        1.19e-09 |
|     DeltaSurrCost |        0.000666 |
|             LossV |             142 |
|        DeltaLossV |           -16.9 |
|            LossVC |           0.099 |
|       DeltaLossVC |         -0.0716 |
|           Penalty |               0 |
|      DeltaPenalty |               0 |
|           Optim_A |         0.00685 |
|           Optim_B |         -0.0614 |
|           Optim_c |         -0.0051 |
|           Optim_q |         0.00782 |
|           Optim_r |       -0.000596 |
|           Optim_s |        0.000364 |
|         Optim_Lam |           0.885 |
|          Optim_Nu |               0 |
|         OptimCase |               3 |
|            Margin |               0 |
|    BacktrackIters |               0 |
|           Entropy |           0.685 |
|                KL |         0.00296 |
| TotalEnvInteracts |             400 |
|              Time |            0.95 |
---------------------------------------
Epoch ended at timestep 800 (0 violations this epoch)
Warning: trajectory cut off by epoch at 15 steps.
[34;1msurr_cost_old -0.000[0m
[34;1m0 	kl 0.005 	surr_cost_new -0.000[0m
[32;1mAccepting new params at step 0 of line search.[0m
---------------------------------------
|             Epoch |               1 |
|      AverageEpRet |            22.6 |
|          StdEpRet |             8.9 |
|          MaxEpRet |              44 |
|          MinEpRet |              11 |
|     AverageEpCost |           0.435 |
|         StdEpCost |           0.383 |
|         MaxEpCost |            1.49 |
|         MinEpCost |          0.0364 |
|             EpLen |            22.6 |
|    CumulativeCost |              17 |
|          CostRate |          0.0212 |
|      AverageVVals |           0.481 |
|          StdVVals |            1.54 |
|          MaxVVals |            4.18 |
|          MinVVals |           -3.47 |
|  AverageCostVVals |           0.265 |
|      StdCostVVals |          0.0791 |
|      MaxCostVVals |           0.559 |
|      MinCostVVals |         -0.0672 |
|            LossPi |        9.83e-08 |
|       DeltaLossPi |         -0.0121 |
|          SurrCost |       -3.28e-09 |
|     DeltaSurrCost |       -0.000477 |
|             LossV |             198 |
|        DeltaLossV |             -59 |
|            LossVC |          0.0652 |
|       DeltaLossVC |        -0.00601 |
|           Penalty |               0 |
|      DeltaPenalty |               0 |
|           Optim_A |           0.012 |
|           Optim_B |         -0.0497 |
|           Optim_c |        -0.00288 |
|           Optim_q |          0.0141 |
|           Optim_r |        0.000545 |
|           Optim_s |        0.000139 |
|         Optim_Lam |            1.19 |
|          Optim_Nu |               0 |
|         OptimCase |               3 |
|            Margin |               0 |
|    BacktrackIters |               0 |
|           Entropy |           0.692 |
|                KL |         0.00463 |
| TotalEnvInteracts |             800 |
|              Time |            1.39 |
---------------------------------------
Epoch ended at timestep 1200 (0 violations this epoch)
Warning: trajectory cut off by epoch at 1 steps.
[34;1msurr_cost_old -0.000[0m
[34;1m0 	kl 0.004 	surr_cost_new 0.001[0m
[32;1mAccepting new params at step 0 of line search.[0m
---------------------------------------
|             Epoch |               2 |
|      AverageEpRet |            24.9 |
|          StdEpRet |            14.4 |
|          MaxEpRet |              65 |
|          MinEpRet |               9 |
|     AverageEpCost |           0.422 |
|         StdEpCost |           0.268 |
|         MaxEpCost |             0.9 |
|         MinEpCost |           0.065 |
|             EpLen |            24.9 |
|    CumulativeCost |            23.7 |
|          CostRate |          0.0198 |
|      AverageVVals |            3.32 |
|          StdVVals |           0.461 |
|          MaxVVals |            4.93 |
|          MinVVals |            1.83 |
|  AverageCostVVals |           0.221 |
|      StdCostVVals |          0.0402 |
|      MaxCostVVals |           0.334 |
|      MinCostVVals |          0.0209 |
|            LossPi |        3.58e-09 |
|       DeltaLossPi |         -0.0157 |
|          SurrCost |       -2.38e-09 |
|     DeltaSurrCost |        0.000574 |
|             LossV |             254 |
|        DeltaLossV |            -101 |
|            LossVC |          0.0287 |
|       DeltaLossVC |        -0.00163 |
|           Penalty |               0 |
|      DeltaPenalty |               0 |
|           Optim_A |           0.018 |
|           Optim_B |         -0.0575 |
|           Optim_c |        -0.00314 |
|           Optim_q |           0.024 |
|           Optim_r |       -0.000937 |
|           Optim_s |        0.000146 |
|         Optim_Lam |            1.55 |
|          Optim_Nu |               0 |
|         OptimCase |               3 |
|            Margin |               0 |
|    BacktrackIters |               0 |
|           Entropy |            0.69 |
|                KL |          0.0043 |
| TotalEnvInteracts |         1.2e+03 |
|              Time |            1.94 |
---------------------------------------
Epoch ended at timestep 1600 (0 violations this epoch)
Warning: trajectory cut off by epoch at 67 steps.
[34;1msurr_cost_old -0.000[0m
[34;1m0 	kl 0.004 	surr_cost_new 0.001[0m
[32;1mAccepting new params at step 0 of line search.[0m
---------------------------------------
|             Epoch |               3 |
|      AverageEpRet |            23.8 |
|          StdEpRet |            6.07 |
|          MaxEpRet |              37 |
|          MinEpRet |              13 |
|     AverageEpCost |           0.369 |
|         StdEpCost |           0.298 |
|         MaxEpCost |            1.06 |
|         MinEpCost |          0.0473 |
|             EpLen |            23.8 |
|    CumulativeCost |            30.1 |
|          CostRate |          0.0188 |
|      AverageVVals |            8.68 |
|          StdVVals |           0.788 |
|          MaxVVals |            10.6 |
|          MinVVals |            5.92 |
|  AverageCostVVals |           0.246 |
|      StdCostVVals |          0.0357 |
|      MaxCostVVals |           0.359 |
|      MinCostVVals |           0.106 |
|            LossPi |       -6.02e-08 |
|       DeltaLossPi |         -0.0109 |
|          SurrCost |       -8.94e-10 |
|     DeltaSurrCost |         0.00134 |
|             LossV |             190 |
|        DeltaLossV |           -48.6 |
|            LossVC |          0.0769 |
|       DeltaLossVC |         -0.0125 |
|           Penalty |               0 |
|      DeltaPenalty |               0 |
|           Optim_A |          0.0049 |
|           Optim_B |         -0.0904 |
|           Optim_c |         -0.0055 |
|           Optim_q |          0.0108 |
|           Optim_r |        -0.00133 |
|           Optim_s |        0.000302 |
|         Optim_Lam |            1.04 |
|          Optim_Nu |               0 |
|         OptimCase |               3 |
|            Margin |               0 |
|    BacktrackIters |               0 |
|           Entropy |           0.682 |
|                KL |         0.00365 |
| TotalEnvInteracts |         1.6e+03 |
|              Time |            2.43 |
---------------------------------------
Epoch ended at timestep 2000 (0 violations this epoch)
Warning: trajectory cut off by epoch at 2 steps.
[31;1mWarning! Safety constraint is already violated.[0m
[31;1mAlert! Attempting infeasible recovery![0m
[34;1msurr_cost_old -0.000[0m
[34;1m0 	kl 0.004 	surr_cost_new -0.009[0m
[32;1mAccepting new params at step 0 of line search.[0m
---------------------------------------
|             Epoch |               4 |
|      AverageEpRet |            39.8 |
|          StdEpRet |            15.1 |
|          MaxEpRet |              76 |
|          MinEpRet |              23 |
|     AverageEpCost |            1.43 |
|         StdEpCost |            2.22 |
|         MaxEpCost |            7.94 |
|         MinEpCost |           0.112 |
|             EpLen |            39.8 |
|    CumulativeCost |            44.5 |
|          CostRate |          0.0222 |
|      AverageVVals |            12.9 |
|          StdVVals |            1.94 |
|          MaxVVals |            16.2 |
|          MinVVals |            5.38 |
|  AverageCostVVals |           0.217 |
|      StdCostVVals |            0.18 |
|      MaxCostVVals |           0.602 |
|      MinCostVVals |          -0.315 |
|            LossPi |        2.95e-08 |
|       DeltaLossPi |          0.0226 |
|          SurrCost |       -1.64e-09 |
|     DeltaSurrCost |        -0.00925 |
|             LossV |             200 |
|        DeltaLossV |           -44.5 |
|            LossVC |            4.84 |
|       DeltaLossVC |           -2.71 |
|           Penalty |            1.13 |
|      DeltaPenalty |               0 |
|           Optim_A |          0.0202 |
|           Optim_B |         -0.0607 |
|           Optim_c |          0.0234 |
|           Optim_q |          0.0657 |
|           Optim_r |         -0.0188 |
|           Optim_s |         0.00778 |
|         Optim_Lam |               0 |
|          Optim_Nu |            1.13 |
|         OptimCase |               0 |
|            Margin |               0 |
|    BacktrackIters |               0 |
|           Entropy |           0.678 |
|                KL |         0.00427 |
| TotalEnvInteracts |           2e+03 |
|              Time |            2.91 |
---------------------------------------
Epoch ended at timestep 2400 (0 violations this epoch)
Warning: trajectory cut off by epoch at 7 steps.
[31;1mWarning! Safety constraint is already violated.[0m
[31;1mAlert! Attempting infeasible recovery![0m
[34;1msurr_cost_old -0.000[0m
[34;1m0 	kl 0.004 	surr_cost_new -0.002[0m
[32;1mAccepting new params at step 0 of line search.[0m
---------------------------------------
|             Epoch |               5 |
|      AverageEpRet |            26.2 |
|          StdEpRet |            12.7 |
|          MaxEpRet |              50 |
|          MinEpRet |               9 |
|     AverageEpCost |           0.614 |
|         StdEpCost |           0.318 |
|         MaxEpCost |            1.34 |
|         MinEpCost |           0.188 |
|             EpLen |            26.2 |
|    CumulativeCost |            53.7 |
|          CostRate |          0.0224 |
|      AverageVVals |            16.4 |
|          StdVVals |           0.728 |
|          MaxVVals |            17.7 |
|          MinVVals |            13.8 |
|  AverageCostVVals |           0.699 |
|      StdCostVVals |           0.558 |
|      MaxCostVVals |            1.81 |
|      MinCostVVals |           -1.06 |
|            LossPi |        1.31e-08 |
|       DeltaLossPi |          0.0146 |
|          SurrCost |       -5.36e-09 |
|     DeltaSurrCost |        -0.00202 |
|             LossV |            89.8 |
|        DeltaLossV |            -4.9 |
|            LossVC |            0.29 |
|       DeltaLossVC |          -0.215 |
|           Penalty |             4.9 |
|      DeltaPenalty |               0 |
|           Optim_A |          0.0205 |
|           Optim_B |         -0.0355 |
|           Optim_c |         0.00435 |
|           Optim_q |          0.0414 |
|           Optim_r |        -0.00295 |
|           Optim_s |        0.000416 |
|         Optim_Lam |               0 |
|          Optim_Nu |             4.9 |
|         OptimCase |               0 |
|            Margin |               0 |
|    BacktrackIters |               0 |
|           Entropy |           0.685 |
|                KL |         0.00391 |
| TotalEnvInteracts |         2.4e+03 |
|              Time |             3.5 |
---------------------------------------
Epoch ended at timestep 2800 (0 violations this epoch)
Warning: trajectory cut off by epoch at 4 steps.
[34;1msurr_cost_old -0.000[0m
[34;1m0 	kl 0.004 	surr_cost_new 0.003[0m
[34;1m1 	kl 0.002 	surr_cost_new 0.002[0m
[32;1mAccepting new params at step 1 of line search.[0m
---------------------------------------
|             Epoch |               6 |
|      AverageEpRet |            24.8 |
|          StdEpRet |            14.4 |
|          MaxEpRet |              70 |
|          MinEpRet |              13 |
|     AverageEpCost |           0.437 |
|         StdEpCost |           0.466 |
|         MaxEpCost |            1.89 |
|         MinEpCost |          0.0637 |
|             EpLen |            24.8 |
|    CumulativeCost |            60.9 |
|          CostRate |          0.0218 |
|      AverageVVals |            15.9 |
|          StdVVals |            1.09 |
|          MaxVVals |            17.7 |
|          MinVVals |            11.6 |
|  AverageCostVVals |           0.689 |
|      StdCostVVals |           0.357 |
|      MaxCostVVals |            1.73 |
|      MinCostVVals |         -0.0897 |
|            LossPi |        3.16e-08 |
|       DeltaLossPi |         -0.0113 |
|          SurrCost |       -2.68e-09 |
|     DeltaSurrCost |         0.00206 |
|             LossV |             124 |
|        DeltaLossV |           -4.97 |
|            LossVC |           0.404 |
|       DeltaLossVC |          -0.253 |
|           Penalty |           0.895 |
|      DeltaPenalty |               0 |
|           Optim_A |         0.00993 |
|           Optim_B |         0.00757 |
|           Optim_c |        -0.00256 |
|           Optim_q |          0.0205 |
|           Optim_r |        -0.00533 |
|           Optim_s |         0.00269 |
|         Optim_Lam |            1.15 |
|          Optim_Nu |           0.895 |
|         OptimCase |               2 |
|            Margin |               0 |
|    BacktrackIters |               1 |
|           Entropy |           0.692 |
|                KL |         0.00243 |
| TotalEnvInteracts |         2.8e+03 |
|              Time |            4.03 |
---------------------------------------
Epoch ended at timestep 3200 (0 violations this epoch)
Warning: trajectory cut off by epoch at 3 steps.
[34;1msurr_cost_old -0.000[0m
[34;1m0 	kl 0.005 	surr_cost_new -0.001[0m
[32;1mAccepting new params at step 0 of line search.[0m
---------------------------------------
|             Epoch |               7 |
|      AverageEpRet |            22.1 |
|          StdEpRet |              11 |
|          MaxEpRet |              58 |
|          MinEpRet |              11 |
|     AverageEpCost |           0.355 |
|         StdEpCost |            0.27 |
|         MaxEpCost |            1.24 |
|         MinEpCost |           0.051 |
|             EpLen |            22.1 |
|    CumulativeCost |            67.4 |
|          CostRate |           0.021 |
|      AverageVVals |            14.6 |
|          StdVVals |             1.6 |
|          MaxVVals |            16.9 |
|          MinVVals |            6.47 |
|  AverageCostVVals |           0.104 |
|      StdCostVVals |           0.142 |
|      MaxCostVVals |           0.492 |
|      MinCostVVals |          -0.416 |
|            LossPi |       -5.96e-10 |
|       DeltaLossPi |          -0.022 |
|          SurrCost |       -1.19e-09 |
|     DeltaSurrCost |        -0.00084 |
|             LossV |            78.7 |
|        DeltaLossV |           -15.2 |
|            LossVC |          0.0523 |
|       DeltaLossVC |         -0.0207 |
|           Penalty |               0 |
|      DeltaPenalty |               0 |
|           Optim_A |           0.041 |
|           Optim_B |         -0.0774 |
|           Optim_c |        -0.00659 |
|           Optim_q |          0.0476 |
|           Optim_r |         0.00182 |
|           Optim_s |        0.000498 |
|         Optim_Lam |            2.18 |
|          Optim_Nu |               0 |
|         OptimCase |               3 |
|            Margin |               0 |
|    BacktrackIters |               0 |
|           Entropy |           0.687 |
|                KL |         0.00457 |
| TotalEnvInteracts |         3.2e+03 |
|              Time |            4.56 |
---------------------------------------
Epoch ended at timestep 3600 (0 violations this epoch)
Warning: trajectory cut off by epoch at 36 steps.
[34;1msurr_cost_old -0.000[0m
[34;1m0 	kl 0.004 	surr_cost_new 0.001[0m
[32;1mAccepting new params at step 0 of line search.[0m
---------------------------------------
|             Epoch |               8 |
|      AverageEpRet |            30.3 |
|          StdEpRet |            18.7 |
|          MaxEpRet |              69 |
|          MinEpRet |              13 |
|     AverageEpCost |           0.455 |
|         StdEpCost |           0.399 |
|         MaxEpCost |            1.44 |
|         MinEpCost |          0.0826 |
|             EpLen |            30.3 |
|    CumulativeCost |            73.1 |
|          CostRate |          0.0203 |
|      AverageVVals |            13.9 |
|          StdVVals |            2.11 |
|          MaxVVals |            16.3 |
|          MinVVals |            2.61 |
|  AverageCostVVals |           0.289 |
|      StdCostVVals |            0.18 |
|      MaxCostVVals |            0.83 |
|      MinCostVVals |          -0.189 |
|            LossPi |        1.49e-09 |
|       DeltaLossPi |         -0.0224 |
|          SurrCost |       -7.45e-10 |
|     DeltaSurrCost |         0.00142 |
|             LossV |             168 |
|        DeltaLossV |           -27.2 |
|            LossVC |          0.0873 |
|       DeltaLossVC |         -0.0156 |
|           Penalty |            4.39 |
|      DeltaPenalty |               0 |
|           Optim_A |          0.0226 |
|           Optim_B |         0.00891 |
|           Optim_c |        -0.00148 |
|           Optim_q |          0.0845 |
|           Optim_r |         -0.0111 |
|           Optim_s |         0.00199 |
|         Optim_Lam |            1.59 |
|          Optim_Nu |            4.39 |
|         OptimCase |               2 |
|            Margin |               0 |
|    BacktrackIters |               0 |
|           Entropy |           0.675 |
|                KL |         0.00423 |
| TotalEnvInteracts |         3.6e+03 |
|              Time |            5.08 |
---------------------------------------
Epoch ended at timestep 4000 (0 violations this epoch)
Warning: trajectory cut off by epoch at 35 steps.
[31;1mWarning! Safety constraint is already violated.[0m
[31;1mAlert! Attempting infeasible recovery![0m
[34;1msurr_cost_old -0.000[0m
[34;1m0 	kl 0.004 	surr_cost_new -0.006[0m
[32;1mAccepting new params at step 0 of line search.[0m
---------------------------------------
|             Epoch |               9 |
|      AverageEpRet |            45.6 |
|          StdEpRet |            17.6 |
|          MaxEpRet |              86 |
|          MinEpRet |              29 |
|     AverageEpCost |            1.06 |
|         StdEpCost |            1.68 |
|         MaxEpCost |            5.43 |
|         MinEpCost |          0.0651 |
|             EpLen |            45.6 |
|    CumulativeCost |            81.8 |
|          CostRate |          0.0204 |
|      AverageVVals |            17.2 |
|          StdVVals |            1.85 |
|          MaxVVals |            19.7 |
|          MinVVals |            7.13 |
|  AverageCostVVals |           0.327 |
|      StdCostVVals |           0.259 |
|      MaxCostVVals |             1.1 |
|      MinCostVVals |          -0.178 |
|            LossPi |       -2.26e-08 |
|       DeltaLossPi |         0.00778 |
|          SurrCost |        -1.4e-08 |
|     DeltaSurrCost |        -0.00633 |
|             LossV |             205 |
|        DeltaLossV |           -36.3 |
|            LossVC |            1.48 |
|       DeltaLossVC |          -0.405 |
|           Penalty |            1.53 |
|      DeltaPenalty |               0 |
|           Optim_A |          0.0254 |
|           Optim_B |         -0.0257 |
|           Optim_c |          0.0123 |
|           Optim_q |          0.0316 |
|           Optim_r |        -0.00513 |
|           Optim_s |         0.00425 |
|         Optim_Lam |               0 |
|          Optim_Nu |            1.53 |
|         OptimCase |               0 |
|            Margin |               0 |
|    BacktrackIters |               0 |
|           Entropy |           0.661 |
|                KL |         0.00409 |
| TotalEnvInteracts |           4e+03 |
|              Time |            5.64 |
---------------------------------------
Epoch ended at timestep 4400 (0 violations this epoch)
Warning: trajectory cut off by epoch at 2 steps.
[34;1msurr_cost_old 0.000[0m
[34;1m0 	kl 0.002 	surr_cost_new -0.001[0m
[32;1mAccepting new params at step 0 of line search.[0m
---------------------------------------
|             Epoch |              10 |
|      AverageEpRet |            33.2 |
|          StdEpRet |            13.9 |
|          MaxEpRet |              59 |
|          MinEpRet |              13 |
|     AverageEpCost |           0.277 |
|         StdEpCost |           0.234 |
|         MaxEpCost |           0.803 |
|         MinEpCost |          0.0269 |
|             EpLen |            33.2 |
|    CumulativeCost |            85.1 |
|          CostRate |          0.0193 |
|      AverageVVals |            20.7 |
|          StdVVals |            1.94 |
|          MaxVVals |            22.5 |
|          MinVVals |            7.64 |
|  AverageCostVVals |            0.65 |
|      StdCostVVals |           0.373 |
|      MaxCostVVals |            2.13 |
|      MinCostVVals |          -0.433 |
|            LossPi |       -1.46e-08 |
|       DeltaLossPi |        -0.00591 |
|          SurrCost |        5.96e-09 |
|     DeltaSurrCost |        -0.00125 |
|             LossV |             133 |
|        DeltaLossV |           -19.9 |
|            LossVC |           0.455 |
|       DeltaLossVC |          -0.403 |
|           Penalty |               0 |
|      DeltaPenalty |               0 |
|           Optim_A |         0.00271 |
|           Optim_B |         -0.0358 |
|           Optim_c |        -0.00672 |
|           Optim_q |         0.00359 |
|           Optim_r |        0.000932 |
|           Optim_s |        0.000985 |
|         Optim_Lam |           0.599 |
|          Optim_Nu |               0 |
|         OptimCase |               3 |
|            Margin |               0 |
|    BacktrackIters |               0 |
|           Entropy |           0.663 |
|                KL |         0.00218 |
| TotalEnvInteracts |         4.4e+03 |
|              Time |             6.4 |
---------------------------------------
Epoch ended at timestep 4800 (0 violations this epoch)
Warning: trajectory cut off by epoch at 11 steps.
[31;1mWarning! Safety constraint is already violated.[0m
[33;1mAlert! Attempting feasible recovery![0m
[34;1msurr_cost_old 0.000[0m
[34;1m0 	kl 0.002 	surr_cost_new -0.000[0m
[32;1mAccepting new params at step 0 of line search.[0m
---------------------------------------
|             Epoch |              11 |
|      AverageEpRet |            43.2 |
|          StdEpRet |            29.9 |
|          MaxEpRet |             122 |
|          MinEpRet |              10 |
|     AverageEpCost |           0.516 |
|         StdEpCost |            0.66 |
|         MaxEpCost |            2.24 |
|         MinEpCost |          0.0821 |
|             EpLen |            43.2 |
|    CumulativeCost |            90.3 |
|          CostRate |          0.0188 |
|      AverageVVals |            18.1 |
|          StdVVals |            2.62 |
|          MaxVVals |            21.5 |
|          MinVVals |            7.82 |
|  AverageCostVVals |          0.0605 |
|      StdCostVVals |           0.182 |
|      MaxCostVVals |           0.494 |
|      MinCostVVals |          -0.436 |
|            LossPi |         2.5e-08 |
|       DeltaLossPi |        -0.00664 |
|          SurrCost |        1.49e-09 |
|     DeltaSurrCost |        -0.00045 |
|             LossV |             350 |
|        DeltaLossV |           -37.3 |
|            LossVC |           0.455 |
|       DeltaLossVC |          -0.239 |
|           Penalty |            11.8 |
|      DeltaPenalty |               0 |
|           Optim_A |          0.0127 |
|           Optim_B |         0.00879 |
|           Optim_c |        0.000363 |
|           Optim_q |          0.0193 |
|           Optim_r |       -0.000848 |
|           Optim_s |        0.000109 |
|         Optim_Lam |             1.2 |
|          Optim_Nu |            11.8 |
|         OptimCase |               1 |
|            Margin |               0 |
|    BacktrackIters |               0 |
|           Entropy |           0.653 |
|                KL |         0.00155 |
| TotalEnvInteracts |         4.8e+03 |
|              Time |            6.85 |
---------------------------------------
Epoch ended at timestep 5200 (0 violations this epoch)
Warning: trajectory cut off by epoch at 37 steps.
[34;1msurr_cost_old -0.000[0m
[34;1m0 	kl 0.004 	surr_cost_new 0.001[0m
[32;1mAccepting new params at step 0 of line search.[0m
---------------------------------------
|             Epoch |              12 |
|      AverageEpRet |            51.9 |
|          StdEpRet |            19.3 |
|          MaxEpRet |              73 |
|          MinEpRet |              19 |
|     AverageEpCost |           0.466 |
|         StdEpCost |           0.295 |
|         MaxEpCost |            1.03 |
|         MinEpCost |          0.0514 |
|             EpLen |            51.9 |
|    CumulativeCost |            93.7 |
|          CostRate |           0.018 |
|      AverageVVals |            22.1 |
|          StdVVals |            2.02 |
|          MaxVVals |              24 |
|          MinVVals |            11.2 |
|  AverageCostVVals |           0.446 |
|      StdCostVVals |          0.0911 |
|      MaxCostVVals |           0.705 |
|      MinCostVVals |           0.168 |
|            LossPi |       -3.58e-09 |
|       DeltaLossPi |        -0.00887 |
|          SurrCost |       -1.53e-09 |
|     DeltaSurrCost |        0.000644 |
|             LossV |             201 |
|        DeltaLossV |           -11.7 |
|            LossVC |          0.0872 |
|       DeltaLossVC |         -0.0692 |
|           Penalty |            5.39 |
|      DeltaPenalty |               0 |
|           Optim_A |         0.00294 |
|           Optim_B |         0.00911 |
|           Optim_c |       -0.000655 |
|           Optim_q |          0.0214 |
|           Optim_r |        -0.00299 |
|           Optim_s |        0.000485 |
|         Optim_Lam |           0.568 |
|          Optim_Nu |            5.39 |
|         OptimCase |               2 |
|            Margin |               0 |
|    BacktrackIters |               0 |
|           Entropy |           0.646 |
|                KL |         0.00402 |
| TotalEnvInteracts |         5.2e+03 |
|              Time |            7.29 |
---------------------------------------
Epoch ended at timestep 5600 (0 violations this epoch)
Warning: trajectory cut off by epoch at 11 steps.
[34;1msurr_cost_old 0.000[0m
[34;1m0 	kl 0.004 	surr_cost_new 0.001[0m
[32;1mAccepting new params at step 0 of line search.[0m
---------------------------------------
|             Epoch |              13 |
|      AverageEpRet |            38.9 |
|          StdEpRet |            16.1 |
|          MaxEpRet |              77 |
|          MinEpRet |              15 |
|     AverageEpCost |           0.179 |
|         StdEpCost |            0.13 |
|         MaxEpCost |           0.496 |
|         MinEpCost |          0.0322 |
|             EpLen |            38.9 |
|    CumulativeCost |            95.5 |
|          CostRate |          0.0171 |
|      AverageVVals |            24.2 |
|          StdVVals |            1.51 |
|          MaxVVals |            25.5 |
|          MinVVals |            14.6 |
|  AverageCostVVals |           0.201 |
|      StdCostVVals |          0.0209 |
|      MaxCostVVals |           0.232 |
|      MinCostVVals |          0.0817 |
|            LossPi |       -1.79e-09 |
|       DeltaLossPi |         -0.0166 |
|          SurrCost |         3.2e-09 |
|     DeltaSurrCost |         0.00107 |
|             LossV |             165 |
|        DeltaLossV |           -35.6 |
|            LossVC |          0.0199 |
|       DeltaLossVC |         -0.0123 |
|           Penalty |               0 |
|      DeltaPenalty |               0 |
|           Optim_A |         0.00305 |
|           Optim_B |          -0.528 |
|           Optim_c |        -0.00825 |
|           Optim_q |          0.0271 |
|           Optim_r |        -0.00174 |
|           Optim_s |        0.000127 |
|         Optim_Lam |            1.65 |
|          Optim_Nu |               0 |
|         OptimCase |               3 |
|            Margin |               0 |
|    BacktrackIters |               0 |
|           Entropy |           0.632 |
|                KL |         0.00409 |
| TotalEnvInteracts |         5.6e+03 |
|              Time |            7.73 |
---------------------------------------
Epoch ended at timestep 6000 (0 violations this epoch)
Warning: trajectory cut off by epoch at 13 steps.
[31;1mWarning! Safety constraint is already violated.[0m
[31;1mAlert! Attempting infeasible recovery![0m
[34;1msurr_cost_old 0.000[0m
[34;1m0 	kl 0.003 	surr_cost_new -0.005[0m
[32;1mAccepting new params at step 0 of line search.[0m
---------------------------------------
|             Epoch |              14 |
|      AverageEpRet |            64.5 |
|          StdEpRet |            22.9 |
|          MaxEpRet |              91 |
|          MinEpRet |              35 |
|     AverageEpCost |            1.28 |
|         StdEpCost |            1.46 |
|         MaxEpCost |            4.29 |
|         MinEpCost |          0.0825 |
|             EpLen |            64.5 |
|    CumulativeCost |             103 |
|          CostRate |          0.0172 |
|      AverageVVals |            20.9 |
|          StdVVals |            3.67 |
|          MaxVVals |            24.5 |
|          MinVVals |            7.23 |
|  AverageCostVVals |           0.131 |
|      StdCostVVals |          0.0563 |
|      MaxCostVVals |           0.319 |
|      MinCostVVals |         -0.0519 |
|            LossPi |        3.58e-08 |
|       DeltaLossPi |        0.000726 |
|          SurrCost |        1.38e-09 |
|     DeltaSurrCost |        -0.00512 |
|             LossV |             309 |
|        DeltaLossV |           -53.6 |
|            LossVC |            1.26 |
|       DeltaLossVC |          -0.662 |
|           Penalty |            1.95 |
|      DeltaPenalty |               0 |
|           Optim_A |          0.0564 |
|           Optim_B |          -0.046 |
|           Optim_c |          0.0121 |
|           Optim_q |          0.0564 |
|           Optim_r |        5.96e-05 |
|           Optim_s |         0.00263 |
|         Optim_Lam |               0 |
|          Optim_Nu |            1.95 |
|         OptimCase |               0 |
|            Margin |               0 |
|    BacktrackIters |               0 |
|           Entropy |            0.62 |
|                KL |         0.00342 |
| TotalEnvInteracts |           6e+03 |
|              Time |            8.16 |
---------------------------------------
Epoch ended at timestep 6400 (0 violations this epoch)
Warning: trajectory cut off by epoch at 72 steps.
[34;1msurr_cost_old 0.000[0m
[34;1m0 	kl 0.004 	surr_cost_new -0.000[0m
[32;1mAccepting new params at step 0 of line search.[0m
---------------------------------------
|             Epoch |              15 |
|      AverageEpRet |            65.6 |
|          StdEpRet |            44.1 |
|          MaxEpRet |             125 |
|          MinEpRet |              11 |
|     AverageEpCost |           0.499 |
|         StdEpCost |            0.46 |
|         MaxEpCost |            1.32 |
|         MinEpCost |          0.0645 |
|             EpLen |            65.6 |
|    CumulativeCost |             107 |
|          CostRate |          0.0167 |
|      AverageVVals |            25.6 |
|          StdVVals |            1.48 |
|          MaxVVals |            26.7 |
|          MinVVals |            15.5 |
|  AverageCostVVals |            0.74 |
|      StdCostVVals |           0.244 |
|      MaxCostVVals |            1.58 |
|      MinCostVVals |         -0.0109 |
|            LossPi |       -1.79e-09 |
|       DeltaLossPi |         -0.0102 |
|          SurrCost |        2.68e-09 |
|     DeltaSurrCost |       -0.000148 |
|             LossV |             505 |
|        DeltaLossV |            -110 |
|            LossVC |            0.35 |
|       DeltaLossVC |          -0.233 |
|           Penalty |            3.91 |
|      DeltaPenalty |               0 |
|           Optim_A |          0.0125 |
|           Optim_B |            0.01 |
|           Optim_c |       -1.34e-05 |
|           Optim_q |          0.0296 |
|           Optim_r |        -0.00435 |
|           Optim_s |         0.00111 |
|         Optim_Lam |            1.12 |
|          Optim_Nu |            3.91 |
|         OptimCase |               2 |
|            Margin |               0 |
|    BacktrackIters |               0 |
|           Entropy |           0.617 |
|                KL |         0.00358 |
| TotalEnvInteracts |         6.4e+03 |
|              Time |            8.59 |
---------------------------------------
Epoch ended at timestep 6800 (0 violations this epoch)
Warning: trajectory cut off by epoch at 29 steps.
[34;1msurr_cost_old -0.000[0m
[34;1m0 	kl 0.004 	surr_cost_new 0.001[0m
[32;1mAccepting new params at step 0 of line search.[0m
---------------------------------------
|             Epoch |              16 |
|      AverageEpRet |            46.4 |
|          StdEpRet |            19.8 |
|          MaxEpRet |              81 |
|          MinEpRet |              18 |
|     AverageEpCost |           0.339 |
|         StdEpCost |           0.225 |
|         MaxEpCost |           0.866 |
|         MinEpCost |           0.137 |
|             EpLen |            46.4 |
|    CumulativeCost |             110 |
|          CostRate |          0.0161 |
|      AverageVVals |            29.1 |
|          StdVVals |            3.01 |
|          MaxVVals |            30.5 |
|          MinVVals |            6.97 |
|  AverageCostVVals |           0.321 |
|      StdCostVVals |           0.057 |
|      MaxCostVVals |           0.455 |
|      MinCostVVals |           0.146 |
|            LossPi |       -5.36e-09 |
|       DeltaLossPi |         -0.0185 |
|          SurrCost |       -3.13e-09 |
|     DeltaSurrCost |         0.00132 |
|             LossV |             201 |
|        DeltaLossV |           -41.1 |
|            LossVC |          0.0403 |
|       DeltaLossVC |         -0.0261 |
|           Penalty |               0 |
|      DeltaPenalty |               0 |
|           Optim_A |          0.0142 |
|           Optim_B |         -0.0284 |
|           Optim_c |        -0.00347 |
|           Optim_q |          0.0427 |
|           Optim_r |        -0.00299 |
|           Optim_s |        0.000313 |
|         Optim_Lam |            2.07 |
|          Optim_Nu |               0 |
|         OptimCase |               3 |
|            Margin |               0 |
|    BacktrackIters |               0 |
|           Entropy |           0.595 |
|                KL |         0.00378 |
| TotalEnvInteracts |         6.8e+03 |
|              Time |            9.05 |
---------------------------------------
Epoch ended at timestep 7200 (0 violations this epoch)
Warning: trajectory cut off by epoch at 21 steps.
[31;1mWarning! Safety constraint is already violated.[0m
[33;1mAlert! Attempting feasible recovery![0m
[34;1msurr_cost_old -0.000[0m
[34;1m0 	kl 0.004 	surr_cost_new -0.001[0m
[32;1mAccepting new params at step 0 of line search.[0m
---------------------------------------
|             Epoch |              17 |
|      AverageEpRet |            63.2 |
|          StdEpRet |            21.5 |
|          MaxEpRet |              85 |
|          MinEpRet |              24 |
|     AverageEpCost |           0.554 |
|         StdEpCost |           0.405 |
|         MaxEpCost |            1.26 |
|         MinEpCost |          0.0518 |
|             EpLen |            63.2 |
|    CumulativeCost |             113 |
|          CostRate |          0.0157 |
|      AverageVVals |            26.3 |
|          StdVVals |            4.37 |
|          MaxVVals |            29.4 |
|          MinVVals |            5.91 |
|  AverageCostVVals |           0.205 |
|      StdCostVVals |          0.0485 |
|      MaxCostVVals |           0.381 |
|      MinCostVVals |          0.0511 |
|            LossPi |        2.98e-10 |
|       DeltaLossPi |        -0.00511 |
|          SurrCost |       -3.17e-10 |
|     DeltaSurrCost |       -0.000762 |
|             LossV |             209 |
|        DeltaLossV |           -42.4 |
|            LossVC |          0.0704 |
|       DeltaLossVC |         -0.0217 |
|           Penalty |            2.18 |
|      DeltaPenalty |               0 |
|           Optim_A |         0.00355 |
|           Optim_B |         0.00809 |
|           Optim_c |        0.000854 |
|           Optim_q |         0.00373 |
|           Optim_r |       -0.000264 |
|           Optim_s |        0.000381 |
|         Optim_Lam |           0.663 |
|          Optim_Nu |            2.18 |
|         OptimCase |               1 |
|            Margin |               0 |
|    BacktrackIters |               0 |
|           Entropy |           0.582 |
|                KL |         0.00396 |
| TotalEnvInteracts |         7.2e+03 |
|              Time |            9.55 |
---------------------------------------
Epoch ended at timestep 7600 (0 violations this epoch)
Warning: trajectory cut off by epoch at 78 steps.
[34;1msurr_cost_old 0.000[0m
[34;1m0 	kl 0.004 	surr_cost_new 0.001[0m
[32;1mAccepting new params at step 0 of line search.[0m
---------------------------------------
|             Epoch |              18 |
|      AverageEpRet |            64.4 |
|          StdEpRet |            29.6 |
|          MaxEpRet |             120 |
|          MinEpRet |              33 |
|     AverageEpCost |           0.326 |
|         StdEpCost |          0.0948 |
|         MaxEpCost |           0.486 |
|         MinEpCost |           0.231 |
|             EpLen |            64.4 |
|    CumulativeCost |             115 |
|          CostRate |          0.0151 |
|      AverageVVals |            26.6 |
|          StdVVals |             5.2 |
|          MaxVVals |            30.3 |
|          MinVVals |            6.54 |
|  AverageCostVVals |           0.329 |
|      StdCostVVals |           0.111 |
|      MaxCostVVals |           0.643 |
|      MinCostVVals |         -0.0173 |
|            LossPi |       -1.59e-08 |
|       DeltaLossPi |         -0.0169 |
|          SurrCost |        1.19e-09 |
|     DeltaSurrCost |         0.00146 |
|             LossV |             288 |
|        DeltaLossV |           -57.3 |
|            LossVC |          0.0594 |
|       DeltaLossVC |         -0.0368 |
|           Penalty |               0 |
|      DeltaPenalty |               0 |
|           Optim_A |         0.00647 |
|           Optim_B |         -0.0179 |
|           Optim_c |         -0.0027 |
|           Optim_q |          0.0293 |
|           Optim_r |        -0.00244 |
|           Optim_s |        0.000261 |
|         Optim_Lam |            1.71 |
|          Optim_Nu |               0 |
|         OptimCase |               3 |
|            Margin |               0 |
|    BacktrackIters |               0 |
|           Entropy |           0.576 |
|                KL |         0.00367 |
| TotalEnvInteracts |         7.6e+03 |
|              Time |            10.1 |
---------------------------------------
Epoch ended at timestep 8000 (0 violations this epoch)
Warning: trajectory cut off by epoch at 57 steps.
[31;1mWarning! Safety constraint is already violated.[0m
[31;1mAlert! Attempting infeasible recovery![0m
[34;1msurr_cost_old 0.000[0m
[34;1m0 	kl 0.004 	surr_cost_new -0.004[0m
[32;1mAccepting new params at step 0 of line search.[0m
---------------------------------------
|             Epoch |              19 |
|      AverageEpRet |              49 |
|          StdEpRet |            12.9 |
|          MaxEpRet |              69 |
|          MinEpRet |              34 |
|     AverageEpCost |           0.794 |
|         StdEpCost |           0.544 |
|         MaxEpCost |             1.8 |
|         MinEpCost |           0.175 |
|             EpLen |              49 |
|    CumulativeCost |             122 |
|          CostRate |          0.0152 |
|      AverageVVals |            25.1 |
|          StdVVals |            9.33 |
|          MaxVVals |              33 |
|          MinVVals |           -3.37 |
|  AverageCostVVals |           0.209 |
|      StdCostVVals |          0.0309 |
|      MaxCostVVals |           0.278 |
|      MinCostVVals |          0.0732 |
|            LossPi |       -1.01e-08 |
|       DeltaLossPi |          0.0181 |
|          SurrCost |        3.95e-09 |
|     DeltaSurrCost |         -0.0043 |
|             LossV |              80 |
|        DeltaLossV |           -24.9 |
|            LossVC |           0.244 |
|       DeltaLossVC |          -0.102 |
|           Penalty |            2.26 |
|      DeltaPenalty |               0 |
|           Optim_A |         0.00256 |
|           Optim_B |         -0.0083 |
|           Optim_c |         0.00599 |
|           Optim_q |           0.036 |
|           Optim_r |        -0.00811 |
|           Optim_s |         0.00196 |
|         Optim_Lam |               0 |
|          Optim_Nu |            2.26 |
|         OptimCase |               0 |
|            Margin |               0 |
|    BacktrackIters |               0 |
|           Entropy |           0.565 |
|                KL |         0.00448 |
| TotalEnvInteracts |           8e+03 |
|              Time |            10.6 |
---------------------------------------
Epoch ended at timestep 8400 (0 violations this epoch)
Warning: trajectory cut off by epoch at 16 steps.
[34;1msurr_cost_old 0.000[0m
[34;1m0 	kl 0.003 	surr_cost_new -0.000[0m
[32;1mAccepting new params at step 0 of line search.[0m
---------------------------------------
|             Epoch |              20 |
|      AverageEpRet |              64 |
|          StdEpRet |            21.6 |
|          MaxEpRet |              94 |
|          MinEpRet |              39 |
|     AverageEpCost |           0.498 |
|         StdEpCost |           0.283 |
|         MaxEpCost |           0.786 |
|         MinEpCost |          0.0916 |
|             EpLen |              64 |
|    CumulativeCost |             125 |
|          CostRate |          0.0149 |
|      AverageVVals |            26.7 |
|          StdVVals |            7.78 |
|          MaxVVals |            32.6 |
|          MinVVals |           0.841 |
|  AverageCostVVals |           0.516 |
|      StdCostVVals |          0.0969 |
|      MaxCostVVals |           0.688 |
|      MinCostVVals |           0.236 |
|            LossPi |       -1.31e-08 |
|       DeltaLossPi |        -0.00358 |
|          SurrCost |        2.83e-09 |
|     DeltaSurrCost |       -0.000158 |
|             LossV |             134 |
|        DeltaLossV |             -14 |
|            LossVC |           0.127 |
|       DeltaLossVC |          -0.102 |
|           Penalty |            6.13 |
|      DeltaPenalty |               0 |
|           Optim_A |         0.00188 |
|           Optim_B |            0.01 |
|           Optim_c |        -3.5e-05 |
|           Optim_q |          0.0608 |
|           Optim_r |         -0.0096 |
|           Optim_s |         0.00156 |
|         Optim_Lam |           0.434 |
|          Optim_Nu |            6.13 |
|         OptimCase |               2 |
|            Margin |               0 |
|    BacktrackIters |               0 |
|           Entropy |           0.564 |
|                KL |         0.00314 |
| TotalEnvInteracts |         8.4e+03 |
|              Time |            11.3 |
---------------------------------------
Epoch ended at timestep 8800 (0 violations this epoch)
Warning: trajectory cut off by epoch at 24 steps.
[34;1msurr_cost_old -0.000[0m
[34;1m0 	kl 0.005 	surr_cost_new 0.000[0m
[32;1mAccepting new params at step 0 of line search.[0m
---------------------------------------
|             Epoch |              21 |
|      AverageEpRet |              47 |
|          StdEpRet |            11.5 |
|          MaxEpRet |              74 |
|          MinEpRet |              36 |
|     AverageEpCost |           0.437 |
|         StdEpCost |            0.41 |
|         MaxEpCost |            1.28 |
|         MinEpCost |          0.0449 |
|             EpLen |              47 |
|    CumulativeCost |             128 |
|          CostRate |          0.0146 |
|      AverageVVals |            21.8 |
|          StdVVals |            10.6 |
|          MaxVVals |              33 |
|          MinVVals |           0.487 |
|  AverageCostVVals |           0.155 |
|      StdCostVVals |          0.0801 |
|      MaxCostVVals |           0.295 |
|      MinCostVVals |         -0.0756 |
|            LossPi |        6.85e-09 |
|       DeltaLossPi |         -0.0134 |
|          SurrCost |       -1.68e-09 |
|     DeltaSurrCost |        3.58e-05 |
|             LossV |            29.9 |
|        DeltaLossV |           -4.75 |
|            LossVC |          0.0399 |
|       DeltaLossVC |        -0.00108 |
|           Penalty |               0 |
|      DeltaPenalty |               0 |
|           Optim_A |          0.0183 |
|           Optim_B |        -0.00111 |
|           Optim_c |        -0.00134 |
|           Optim_q |          0.0183 |
|           Optim_r |       -2.32e-05 |
|           Optim_s |        0.000162 |
|         Optim_Lam |            1.35 |
|          Optim_Nu |               0 |
|         OptimCase |               3 |
|            Margin |               0 |
|    BacktrackIters |               0 |
|           Entropy |           0.583 |
|                KL |          0.0045 |
| TotalEnvInteracts |         8.8e+03 |
|              Time |            11.8 |
---------------------------------------
Epoch ended at timestep 9200 (0 violations this epoch)
Warning: trajectory cut off by epoch at 24 steps.
[31;1mWarning! Safety constraint is already violated.[0m
[31;1mAlert! Attempting infeasible recovery![0m
[34;1msurr_cost_old 0.000[0m
[34;1m0 	kl 0.004 	surr_cost_new -0.003[0m
[32;1mAccepting new params at step 0 of line search.[0m
---------------------------------------
|             Epoch |              22 |
|      AverageEpRet |            75.2 |
|          StdEpRet |            10.9 |
|          MaxEpRet |              93 |
|          MinEpRet |              62 |
|     AverageEpCost |            1.08 |
|         StdEpCost |           0.711 |
|         MaxEpCost |            2.38 |
|         MinEpCost |           0.314 |
|             EpLen |            75.2 |
|    CumulativeCost |             134 |
|          CostRate |          0.0146 |
|      AverageVVals |            24.3 |
|          StdVVals |            10.8 |
|          MaxVVals |            34.2 |
|          MinVVals |          -0.453 |
|  AverageCostVVals |           0.226 |
|      StdCostVVals |          0.0918 |
|      MaxCostVVals |           0.413 |
|      MinCostVVals |          0.0208 |
|            LossPi |       -2.98e-09 |
|       DeltaLossPi |           0.018 |
|          SurrCost |        2.48e-09 |
|     DeltaSurrCost |        -0.00274 |
|             LossV |             122 |
|        DeltaLossV |           -44.6 |
|            LossVC |           0.209 |
|       DeltaLossVC |         -0.0866 |
|           Penalty |            3.57 |
|      DeltaPenalty |               0 |
|           Optim_A |          0.0147 |
|           Optim_B |          -0.067 |
|           Optim_c |         0.00777 |
|           Optim_q |          0.0477 |
|           Optim_r |        -0.00508 |
|           Optim_s |        0.000784 |
|         Optim_Lam |               0 |
|          Optim_Nu |            3.57 |
|         OptimCase |               0 |
|            Margin |               0 |
|    BacktrackIters |               0 |
|           Entropy |           0.573 |
|                KL |         0.00415 |
| TotalEnvInteracts |         9.2e+03 |
|              Time |            12.4 |
---------------------------------------
Epoch ended at timestep 9600 (0 violations this epoch)
Warning: trajectory cut off by epoch at 94 steps.
[31;1mWarning! Safety constraint is already violated.[0m
[31;1mAlert! Attempting infeasible recovery![0m
[34;1msurr_cost_old -0.000[0m
[34;1m0 	kl 0.004 	surr_cost_new -0.002[0m
[32;1mAccepting new params at step 0 of line search.[0m
---------------------------------------
|             Epoch |              23 |
|      AverageEpRet |              51 |
|          StdEpRet |            10.2 |
|          MaxEpRet |              66 |
|          MinEpRet |              38 |
|     AverageEpCost |           0.634 |
|         StdEpCost |           0.474 |
|         MaxEpCost |            1.45 |
|         MinEpCost |          0.0667 |
|             EpLen |              51 |
|    CumulativeCost |             139 |
|          CostRate |          0.0145 |
|      AverageVVals |            29.6 |
|          StdVVals |            7.92 |
|          MaxVVals |            35.9 |
|          MinVVals |            7.48 |
|  AverageCostVVals |           0.536 |
|      StdCostVVals |           0.097 |
|      MaxCostVVals |           0.808 |
|      MinCostVVals |           0.284 |
|            LossPi |        3.04e-08 |
|       DeltaLossPi |         0.00699 |
|          SurrCost |       -2.91e-09 |
|     DeltaSurrCost |        -0.00159 |
|             LossV |             211 |
|        DeltaLossV |           -47.8 |
|            LossVC |           0.133 |
|       DeltaLossVC |         -0.0192 |
|           Penalty |            6.15 |
|      DeltaPenalty |               0 |
|           Optim_A |         0.00342 |
|           Optim_B |         -0.0162 |
|           Optim_c |         0.00263 |
|           Optim_q |         0.00895 |
|           Optim_r |        -0.00121 |
|           Optim_s |        0.000265 |
|         Optim_Lam |               0 |
|          Optim_Nu |            6.15 |
|         OptimCase |               0 |
|            Margin |               0 |
|    BacktrackIters |               0 |
|           Entropy |           0.559 |
|                KL |         0.00423 |
| TotalEnvInteracts |         9.6e+03 |
|              Time |              13 |
---------------------------------------
Epoch ended at timestep 10000 (0 violations this epoch)
Warning: trajectory cut off by epoch at 21 steps.
[31;1mWarning! Safety constraint is already violated.[0m
[31;1mAlert! Attempting infeasible recovery![0m
[34;1msurr_cost_old 0.000[0m
[34;1m0 	kl 0.004 	surr_cost_new -0.002[0m
[32;1mAccepting new params at step 0 of line search.[0m
---------------------------------------
|             Epoch |              24 |
|      AverageEpRet |            63.2 |
|          StdEpRet |            21.1 |
|          MaxEpRet |             102 |
|          MinEpRet |              43 |
|     AverageEpCost |           0.701 |
|         StdEpCost |           0.858 |
|         MaxEpCost |            2.61 |
|         MinEpCost |           0.191 |
|             EpLen |            63.2 |
|    CumulativeCost |             144 |
|          CostRate |          0.0144 |
|      AverageVVals |            27.1 |
|          StdVVals |            11.2 |
|          MaxVVals |            36.8 |
|          MinVVals |            2.21 |
|  AverageCostVVals |           0.474 |
|      StdCostVVals |           0.205 |
|      MaxCostVVals |            1.09 |
|      MinCostVVals |         -0.0672 |
|            LossPi |       -1.37e-08 |
|       DeltaLossPi |          0.0109 |
|          SurrCost |        5.44e-09 |
|     DeltaSurrCost |        -0.00168 |
|             LossV |            82.1 |
|        DeltaLossV |           -7.12 |
|            LossVC |           0.174 |
|       DeltaLossVC |        -0.00912 |
|           Penalty |            5.68 |
|      DeltaPenalty |               0 |
|           Optim_A |         0.00916 |
|           Optim_B |         -0.0227 |
|           Optim_c |         0.00318 |
|           Optim_q |          0.0214 |
|           Optim_r |        -0.00195 |
|           Optim_s |         0.00031 |
|         Optim_Lam |               0 |
|          Optim_Nu |            5.68 |
|         OptimCase |               0 |
|            Margin |               0 |
|    BacktrackIters |               0 |
|           Entropy |           0.555 |
|                KL |         0.00384 |
| TotalEnvInteracts |           1e+04 |
|              Time |            12.8 |
---------------------------------------

CPO Training Complete!
  Time: 13.3 seconds
  Training violation summary:
    - Total episodes: 279
    - Episodes with x-violations: 0
    - Episode violation rate: 0.000
    - Timesteps with violations: 0/10000
    - Timestep violation rate: 0.0000

[TensorFlow graph reset]


==================================================
Training PPO with CBF Safety Filter
==================================================
CBF Safety Filter initialized:
  x_max: 1.5, theta_max: 0.2
  timestep: 0.02, alpha: 0.5
[32;1mLogging data to runs_safe_rl_cartpole_comparison/ppo_cbf_5/progress.txt[0m
[36;1mSaving config:
[0m
{
    "ac_kwargs":	{
        "hidden_sizes":	[
            64,
            64
        ]
    },
    "actor_critic":	"mlp_actor_critic",
    "agent":	{
        "<safe_rl.pg.agents.PPOAgent object at 0x7f59fc5df100>":	{
            "clip_ratio":	0.2,
            "kl_margin":	1.2,
            "params":	{
                "clipped_adv":	true,
                "constrained":	false,
                "first_order":	true,
                "learn_penalty":	false,
                "objective_penalized":	false,
                "penalty_param_loss":	false,
                "reward_penalized":	false
            },
            "pi_iters":	80,
            "pi_lr":	0.0003
        }
    },
    "cost_gamma":	0.99,
    "cost_lam":	0.97,
    "cost_lim":	25,
    "ent_reg":	0.0,
    "env_fn":	"env_fn",
    "epochs":	25,
    "exp_name":	"ppo_cbf_cartpole",
    "gamma":	0.99,
    "lam":	0.95,
    "logger":	{
        "<safe_rl.utils.logx.EpochLogger object at 0x7f59fc5a1c00>":	{
            "epoch_dict":	{},
            "exp_name":	"ppo_cbf_cartpole",
            "first_row":	true,
            "log_current_row":	{},
            "log_headers":	[],
            "output_dir":	"runs_safe_rl_cartpole_comparison/ppo_cbf_5",
            "output_file":	{
                "<_io.TextIOWrapper name='runs_safe_rl_cartpole_comparison/ppo_cbf_5/progress.txt' mode='w' encoding='UTF-8'>":	{
                    "mode":	"w"
                }
            }
        }
    },
    "logger_kwargs":	{
        "exp_name":	"ppo_cbf_cartpole",
        "output_dir":	"runs_safe_rl_cartpole_comparison/ppo_cbf_5"
    },
    "max_ep_len":	1000,
    "penalty_init":	1.0,
    "penalty_lr":	0.05,
    "render":	false,
    "save_freq":	10,
    "seed":	42,
    "steps_per_epoch":	400,
    "target_kl":	0.01,
    "vf_iters":	80,
    "vf_lr":	0.0003
}
[32;1m
Number of parameters: 	 pi: 4610, 	 v: 4545, 	 vc: 4545
[0m
Epoch ended at timestep 400 (0 violations this epoch)
Warning: trajectory cut off by epoch at 10 steps.
[32;1mEarly stopping at step 8 due to reaching max kl.[0m
---------------------------------------
|             Epoch |               0 |
|      AverageEpRet |              17 |
|          StdEpRet |            6.42 |
|          MaxEpRet |              32 |
|          MinEpRet |               9 |
|     AverageEpCost |           0.315 |
|         StdEpCost |           0.189 |
|         MaxEpCost |           0.856 |
|         MinEpCost |          0.0982 |
|             EpLen |              17 |
|    CumulativeCost |            7.27 |
|          CostRate |          0.0182 |
|      AverageVVals |         -0.0516 |
|          StdVVals |           0.173 |
|          MaxVVals |           0.409 |
|          MinVVals |          -0.413 |
|  AverageCostVVals |          0.0459 |
|      StdCostVVals |           0.149 |
|      MaxCostVVals |           0.341 |
|      MinCostVVals |          -0.306 |
|            LossPi |       -6.79e-08 |
|       DeltaLossPi |         -0.0068 |
|          SurrCost |       -3.87e-09 |
|     DeltaSurrCost |         0.00179 |
|             LossV |             126 |
|        DeltaLossV |           -15.3 |
|            LossVC |          0.0613 |
|       DeltaLossVC |         -0.0412 |
|           Penalty |               0 |
|      DeltaPenalty |               0 |
|          StopIter |               8 |
|           Entropy |           0.685 |
|                KL |          0.0133 |
| TotalEnvInteracts |             400 |
|              Time |           0.916 |
---------------------------------------
Epoch ended at timestep 800 (0 violations this epoch)
Warning: trajectory cut off by epoch at 7 steps.
[32;1mEarly stopping at step 14 due to reaching max kl.[0m
---------------------------------------
|             Epoch |               1 |
|      AverageEpRet |            28.1 |
|          StdEpRet |            12.2 |
|          MaxEpRet |              62 |
|          MinEpRet |              11 |
|     AverageEpCost |           0.344 |
|         StdEpCost |           0.212 |
|         MaxEpCost |           0.762 |
|         MinEpCost |           0.118 |
|             EpLen |            28.1 |
|    CumulativeCost |            12.3 |
|          CostRate |          0.0154 |
|      AverageVVals |           0.752 |
|          StdVVals |           0.993 |
|          MaxVVals |            3.14 |
|          MinVVals |           -1.95 |
|  AverageCostVVals |           0.172 |
|      StdCostVVals |          0.0359 |
|      MaxCostVVals |            0.32 |
|      MinCostVVals |          0.0377 |
|            LossPi |       -4.17e-09 |
|       DeltaLossPi |         -0.0173 |
|          SurrCost |        1.56e-09 |
|     DeltaSurrCost |        0.000902 |
|             LossV |             307 |
|        DeltaLossV |             -91 |
|            LossVC |          0.0254 |
|       DeltaLossVC |        -0.00511 |
|           Penalty |               0 |
|      DeltaPenalty |               0 |
|          StopIter |              14 |
|           Entropy |           0.692 |
|                KL |           0.014 |
| TotalEnvInteracts |             800 |
|              Time |            1.36 |
---------------------------------------
Epoch ended at timestep 1200 (0 violations this epoch)
Warning: trajectory cut off by epoch at 11 steps.
---------------------------------------
|             Epoch |               2 |
|      AverageEpRet |            29.9 |
|          StdEpRet |            14.4 |
|          MaxEpRet |              64 |
|          MinEpRet |              15 |
|     AverageEpCost |           0.468 |
|         StdEpCost |           0.523 |
|         MaxEpCost |            1.93 |
|         MinEpCost |          0.0549 |
|             EpLen |            29.9 |
|    CumulativeCost |            18.4 |
|          CostRate |          0.0153 |
|      AverageVVals |            4.48 |
|          StdVVals |           0.948 |
|          MaxVVals |            6.35 |
|          MinVVals |             1.4 |
|  AverageCostVVals |           0.194 |
|      StdCostVVals |          0.0642 |
|      MaxCostVVals |           0.372 |
|      MinCostVVals |          0.0698 |
|            LossPi |        -2.1e-08 |
|       DeltaLossPi |           -0.01 |
|          SurrCost |        1.53e-09 |
|     DeltaSurrCost |         0.00273 |
|             LossV |             261 |
|        DeltaLossV |           -99.8 |
|            LossVC |           0.229 |
|       DeltaLossVC |         -0.0631 |
|           Penalty |               0 |
|      DeltaPenalty |               0 |
|          StopIter |              79 |
|           Entropy |            0.68 |
|                KL |         0.00631 |
| TotalEnvInteracts |         1.2e+03 |
|              Time |            1.94 |
---------------------------------------
CBF corrected action at timestep 1251: -10.0 -> 10.0
CBF corrected action at timestep 1254: -10.0 -> 10.0
CBF corrected action at timestep 1255: -10.0 -> 10.0
CBF corrected action at timestep 1257: -10.0 -> 10.0
Epoch ended at timestep 1600 (0 violations this epoch)
Warning: trajectory cut off by epoch at 31 steps.
---------------------------------------
|             Epoch |               3 |
|      AverageEpRet |            33.5 |
|          StdEpRet |            17.3 |
|          MaxEpRet |              71 |
|          MinEpRet |              16 |
|     AverageEpCost |           0.618 |
|         StdEpCost |           0.865 |
|         MaxEpCost |            3.29 |
|         MinEpCost |           0.134 |
|             EpLen |            33.5 |
|    CumulativeCost |            25.5 |
|          CostRate |          0.0159 |
|      AverageVVals |            9.47 |
|          StdVVals |             1.3 |
|          MaxVVals |              12 |
|          MinVVals |            5.05 |
|  AverageCostVVals |           0.272 |
|      StdCostVVals |           0.137 |
|      MaxCostVVals |           0.563 |
|      MinCostVVals |          -0.221 |
|            LossPi |       -1.67e-08 |
|       DeltaLossPi |         -0.0151 |
|          SurrCost |        9.69e-09 |
|     DeltaSurrCost |       -0.000129 |
|             LossV |             234 |
|        DeltaLossV |           -70.5 |
|            LossVC |           0.472 |
|       DeltaLossVC |          -0.164 |
|           Penalty |               0 |
|      DeltaPenalty |               0 |
|          StopIter |              79 |
|           Entropy |           0.671 |
|                KL |         0.00497 |
| TotalEnvInteracts |         1.6e+03 |
|              Time |            2.56 |
---------------------------------------
Epoch ended at timestep 2000 (0 violations this epoch)
Warning: trajectory cut off by epoch at 43 steps.
[32;1mEarly stopping at step 12 due to reaching max kl.[0m
---------------------------------------
|             Epoch |               4 |
|      AverageEpRet |            44.6 |
|          StdEpRet |            30.1 |
|          MaxEpRet |              94 |
|          MinEpRet |              14 |
|     AverageEpCost |            1.35 |
|         StdEpCost |            1.61 |
|         MaxEpCost |            5.34 |
|         MinEpCost |          0.0496 |
|             EpLen |            44.6 |
|    CumulativeCost |            37.5 |
|          CostRate |          0.0187 |
|      AverageVVals |            14.5 |
|          StdVVals |            1.13 |
|          MaxVVals |            16.4 |
|          MinVVals |            10.5 |
|  AverageCostVVals |           0.126 |
|      StdCostVVals |           0.255 |
|      MaxCostVVals |           0.636 |
|      MinCostVVals |          -0.531 |
|            LossPi |       -5.96e-10 |
|       DeltaLossPi |         -0.0148 |
|          SurrCost |        4.72e-08 |
|     DeltaSurrCost |          0.0088 |
|             LossV |             424 |
|        DeltaLossV |           -93.4 |
|            LossVC |            1.96 |
|       DeltaLossVC |           -1.06 |
|           Penalty |               0 |
|      DeltaPenalty |               0 |
|          StopIter |              12 |
|           Entropy |           0.665 |
|                KL |          0.0139 |
| TotalEnvInteracts |           2e+03 |
|              Time |            3.16 |
---------------------------------------
CBF corrected action at timestep 2151: -10.0 -> 10.0
CBF corrected action at timestep 2154: -10.0 -> 10.0
CBF corrected action at timestep 2156: -10.0 -> 10.0
CBF corrected action at timestep 2223: 10.0 -> -10.0
CBF corrected action at timestep 2225: 10.0 -> -10.0
CBF corrected action at timestep 2228: 10.0 -> -10.0
CBF corrected action at timestep 2234: 10.0 -> -10.0
CBF corrected action at timestep 2236: 10.0 -> -10.0
Epoch ended at timestep 2400 (0 violations this epoch)
Warning: trajectory cut off by epoch at 31 steps.
---------------------------------------
|             Epoch |               5 |
|      AverageEpRet |            61.5 |
|          StdEpRet |            21.4 |
|          MaxEpRet |              88 |
|          MinEpRet |              27 |
|     AverageEpCost |            1.86 |
|         StdEpCost |            2.06 |
|         MaxEpCost |               6 |
|         MinEpCost |          0.0622 |
|             EpLen |            61.5 |
|    CumulativeCost |            48.8 |
|          CostRate |          0.0203 |
|      AverageVVals |            18.5 |
|          StdVVals |           0.453 |
|          MaxVVals |            19.3 |
|          MinVVals |            16.3 |
|  AverageCostVVals |            1.15 |
|      StdCostVVals |            0.45 |
|      MaxCostVVals |            2.39 |
|      MinCostVVals |          -0.118 |
|            LossPi |        5.07e-09 |
|       DeltaLossPi |         -0.0117 |
|          SurrCost |       -3.58e-09 |
|     DeltaSurrCost |          0.0057 |
|             LossV |             316 |
|        DeltaLossV |           -48.6 |
|            LossVC |             1.9 |
|       DeltaLossVC |          -0.591 |
|           Penalty |               0 |
|      DeltaPenalty |               0 |
|          StopIter |              79 |
|           Entropy |           0.641 |
|                KL |         0.00577 |
| TotalEnvInteracts |         2.4e+03 |
|              Time |            3.94 |
---------------------------------------
CBF corrected action at timestep 2456: -10.0 -> 10.0
CBF corrected action at timestep 2458: -10.0 -> 10.0
CBF corrected action at timestep 2459: -10.0 -> 10.0
CBF corrected action at timestep 2463: -10.0 -> 10.0
CBF corrected action at timestep 2466: -10.0 -> 10.0
CBF corrected action at timestep 2744: -10.0 -> 10.0
CBF corrected action at timestep 2746: -10.0 -> 10.0
Epoch ended at timestep 2800 (0 violations this epoch)
Warning: trajectory cut off by epoch at 52 steps.
[32;1mEarly stopping at step 15 due to reaching max kl.[0m
---------------------------------------
|             Epoch |               6 |
|      AverageEpRet |             116 |
|          StdEpRet |            37.7 |
|          MaxEpRet |             160 |
|          MinEpRet |              68 |
|     AverageEpCost |             3.4 |
|         StdEpCost |           0.621 |
|         MaxEpCost |            4.21 |
|         MinEpCost |             2.7 |
|             EpLen |             116 |
|    CumulativeCost |            59.6 |
|          CostRate |          0.0213 |
|      AverageVVals |            21.1 |
|          StdVVals |           0.935 |
|          MaxVVals |            22.1 |
|          MinVVals |            16.8 |
|  AverageCostVVals |            1.12 |
|      StdCostVVals |           0.375 |
|      MaxCostVVals |             1.8 |
|      MinCostVVals |           0.117 |
|            LossPi |       -5.96e-08 |
|       DeltaLossPi |         -0.0127 |
|          SurrCost |        1.86e-09 |
|     DeltaSurrCost |         -0.0067 |
|             LossV |             876 |
|        DeltaLossV |            -175 |
|            LossVC |            1.09 |
|       DeltaLossVC |           -0.63 |
|           Penalty |               0 |
|      DeltaPenalty |               0 |
|          StopIter |              15 |
|           Entropy |           0.641 |
|                KL |          0.0143 |
| TotalEnvInteracts |         2.8e+03 |
|              Time |            4.56 |
---------------------------------------
CBF corrected action at timestep 2859: 10.0 -> -10.0
CBF corrected action at timestep 2861: 10.0 -> -10.0
CBF corrected action at timestep 2864: 10.0 -> -10.0
CBF corrected action at timestep 2865: 10.0 -> -10.0
CBF corrected action at timestep 2868: 10.0 -> -10.0
CBF corrected action at timestep 3043: -10.0 -> 10.0
CBF corrected action at timestep 3044: -10.0 -> 10.0
Epoch ended at timestep 3200 (0 violations this epoch)
Warning: trajectory cut off by epoch at 19 steps.
[32;1mEarly stopping at step 18 due to reaching max kl.[0m
---------------------------------------
|             Epoch |               7 |
|      AverageEpRet |            63.5 |
|          StdEpRet |              17 |
|          MaxEpRet |              87 |
|          MinEpRet |              33 |
|     AverageEpCost |            1.12 |
|         StdEpCost |           0.745 |
|         MaxEpCost |             2.3 |
|         MinEpCost |           0.176 |
|             EpLen |            63.5 |
|    CumulativeCost |            66.3 |
|          CostRate |          0.0207 |
|      AverageVVals |            24.3 |
|          StdVVals |            2.75 |
|          MaxVVals |            26.1 |
|          MinVVals |            4.63 |
|  AverageCostVVals |            1.45 |
|      StdCostVVals |           0.358 |
|      MaxCostVVals |             2.3 |
|      MinCostVVals |          -0.178 |
|            LossPi |        8.34e-09 |
|       DeltaLossPi |         -0.0158 |
|          SurrCost |        3.73e-08 |
|     DeltaSurrCost |         0.00913 |
|             LossV |             195 |
|        DeltaLossV |           -23.4 |
|            LossVC |            1.07 |
|       DeltaLossVC |          -0.872 |
|           Penalty |               0 |
|      DeltaPenalty |               0 |
|          StopIter |              18 |
|           Entropy |           0.636 |
|                KL |          0.0134 |
| TotalEnvInteracts |         3.2e+03 |
|              Time |            5.23 |
---------------------------------------
CBF corrected action at timestep 3261: 10.0 -> -10.0
CBF corrected action at timestep 3346: 10.0 -> -10.0
CBF corrected action at timestep 3349: 10.0 -> -10.0
CBF corrected action at timestep 3430: 10.0 -> -10.0
CBF corrected action at timestep 3433: 10.0 -> -10.0
CBF corrected action at timestep 3438: 10.0 -> -10.0
CBF corrected action at timestep 3551: -10.0 -> 10.0
CBF corrected action at timestep 3553: -10.0 -> 10.0
CBF corrected action at timestep 3554: -10.0 -> 10.0
CBF corrected action at timestep 3561: -10.0 -> 10.0
CBF corrected action at timestep 3565: -10.0 -> 10.0
Epoch ended at timestep 3600 (0 violations this epoch)
Warning: trajectory cut off by epoch at 34 steps.
---------------------------------------
|             Epoch |               8 |
|      AverageEpRet |            91.5 |
|          StdEpRet |            22.1 |
|          MaxEpRet |             127 |
|          MinEpRet |              66 |
|     AverageEpCost |             3.5 |
|         StdEpCost |           0.807 |
|         MaxEpCost |            4.73 |
|         MinEpCost |             2.7 |
|             EpLen |            91.5 |
|    CumulativeCost |            80.6 |
|          CostRate |          0.0224 |
|      AverageVVals |            24.8 |
|          StdVVals |            7.07 |
|          MaxVVals |            27.1 |
|          MinVVals |           -19.3 |
|  AverageCostVVals |           0.974 |
|      StdCostVVals |           0.281 |
|      MaxCostVVals |            1.45 |
|      MinCostVVals |           0.216 |
|            LossPi |        1.55e-08 |
|       DeltaLossPi |        -0.00866 |
|          SurrCost |        2.65e-08 |
|     DeltaSurrCost |         0.00129 |
|             LossV |             413 |
|        DeltaLossV |           -46.4 |
|            LossVC |            1.04 |
|       DeltaLossVC |          -0.551 |
|           Penalty |               0 |
|      DeltaPenalty |               0 |
|          StopIter |              79 |
|           Entropy |           0.593 |
|                KL |          0.0102 |
| TotalEnvInteracts |         3.6e+03 |
|              Time |            5.94 |
---------------------------------------
CBF corrected action at timestep 3856: -10.0 -> 10.0
CBF corrected action at timestep 3859: -10.0 -> 10.0
CBF corrected action at timestep 3861: -10.0 -> 10.0
CBF corrected action at timestep 3938: -10.0 -> 10.0
CBF corrected action at timestep 3941: -10.0 -> 10.0
CBF corrected action at timestep 3989: -10.0 -> 10.0
CBF corrected action at timestep 3992: -10.0 -> 10.0
CBF corrected action at timestep 3997: -10.0 -> 10.0
Epoch ended at timestep 4000 (0 violations this epoch)
Warning: trajectory cut off by epoch at 2 steps.
---------------------------------------
|             Epoch |               9 |
|      AverageEpRet |            79.6 |
|          StdEpRet |            13.7 |
|          MaxEpRet |              97 |
|          MinEpRet |              55 |
|     AverageEpCost |            2.36 |
|         StdEpCost |           0.907 |
|         MaxEpCost |            3.65 |
|         MinEpCost |            1.33 |
|             EpLen |            79.6 |
|    CumulativeCost |            92.6 |
|          CostRate |          0.0231 |
|      AverageVVals |            25.4 |
|          StdVVals |            5.95 |
|          MaxVVals |            28.6 |
|          MinVVals |           -4.58 |
|  AverageCostVVals |            1.52 |
|      StdCostVVals |            0.22 |
|      MaxCostVVals |            2.05 |
|      MinCostVVals |            1.02 |
|            LossPi |        1.49e-09 |
|       DeltaLossPi |         -0.0106 |
|          SurrCost |        9.69e-09 |
|     DeltaSurrCost |         -0.0079 |
|             LossV |             222 |
|        DeltaLossV |           -23.3 |
|            LossVC |           0.559 |
|       DeltaLossVC |         -0.0965 |
|           Penalty |               0 |
|      DeltaPenalty |               0 |
|          StopIter |              79 |
|           Entropy |           0.568 |
|                KL |         0.00759 |
| TotalEnvInteracts |           4e+03 |
|              Time |            6.54 |
---------------------------------------
CBF corrected action at timestep 4110: 10.0 -> -10.0
CBF corrected action at timestep 4201: 10.0 -> -10.0
CBF corrected action at timestep 4205: 10.0 -> -10.0
CBF corrected action at timestep 4306: 10.0 -> -10.0
CBF corrected action at timestep 4308: 10.0 -> -10.0
Epoch ended at timestep 4400 (0 violations this epoch)
Warning: trajectory cut off by epoch at 90 steps.
---------------------------------------
|             Epoch |              10 |
|      AverageEpRet |             103 |
|          StdEpRet |            5.56 |
|          MaxEpRet |             111 |
|          MinEpRet |              98 |
|     AverageEpCost |             3.4 |
|         StdEpCost |            1.14 |
|         MaxEpCost |            4.84 |
|         MinEpCost |            2.04 |
|             EpLen |             103 |
|    CumulativeCost |             103 |
|          CostRate |          0.0234 |
|      AverageVVals |            29.6 |
|          StdVVals |           0.142 |
|          MaxVVals |            29.8 |
|          MinVVals |            29.3 |
|  AverageCostVVals |            1.34 |
|      StdCostVVals |           0.116 |
|      MaxCostVVals |            1.53 |
|      MinCostVVals |           0.901 |
|            LossPi |       -7.12e-08 |
|       DeltaLossPi |        -0.00591 |
|          SurrCost |        2.98e-09 |
|     DeltaSurrCost |         -0.0039 |
|             LossV |             489 |
|        DeltaLossV |           -42.9 |
|            LossVC |           0.742 |
|       DeltaLossVC |          -0.205 |
|           Penalty |               0 |
|      DeltaPenalty |               0 |
|          StopIter |              79 |
|           Entropy |           0.593 |
|                KL |         0.00877 |
| TotalEnvInteracts |         4.4e+03 |
|              Time |            7.24 |
---------------------------------------
CBF corrected action at timestep 4587: -10.0 -> 10.0
CBF corrected action at timestep 4590: -10.0 -> 10.0
CBF corrected action at timestep 4762: -10.0 -> 10.0
Epoch ended at timestep 4800 (0 violations this epoch)
Warning: trajectory cut off by epoch at 36 steps.
[32;1mEarly stopping at step 15 due to reaching max kl.[0m
---------------------------------------
|             Epoch |              11 |
|      AverageEpRet |              91 |
|          StdEpRet |            56.7 |
|          MaxEpRet |             168 |
|          MinEpRet |              11 |
|     AverageEpCost |            2.04 |
|         StdEpCost |            1.55 |
|         MaxEpCost |            4.41 |
|         MinEpCost |           0.444 |
|             EpLen |              91 |
|    CumulativeCost |             111 |
|          CostRate |          0.0231 |
|      AverageVVals |            29.5 |
|          StdVVals |             5.2 |
|          MaxVVals |            31.6 |
|          MinVVals |          -0.934 |
|  AverageCostVVals |             1.3 |
|      StdCostVVals |           0.367 |
|      MaxCostVVals |            2.14 |
|      MinCostVVals |           0.344 |
|            LossPi |       -2.09e-08 |
|       DeltaLossPi |         -0.0181 |
|          SurrCost |       -1.09e-08 |
|     DeltaSurrCost |       -0.000589 |
|             LossV |             545 |
|        DeltaLossV |           -55.4 |
|            LossVC |            1.39 |
|       DeltaLossVC |          -0.687 |
|           Penalty |               0 |
|      DeltaPenalty |               0 |
|          StopIter |              15 |
|           Entropy |            0.59 |
|                KL |          0.0136 |
| TotalEnvInteracts |         4.8e+03 |
|              Time |            7.69 |
---------------------------------------
CBF corrected action at timestep 4894: 10.0 -> -10.0
CBF corrected action at timestep 4895: 10.0 -> -10.0
CBF corrected action at timestep 5129: 10.0 -> -10.0
CBF corrected action at timestep 5140: 10.0 -> -10.0
Epoch ended at timestep 5200 (0 violations this epoch)
Warning: trajectory cut off by epoch at 59 steps.
---------------------------------------
|             Epoch |              12 |
|      AverageEpRet |            85.2 |
|          StdEpRet |            25.5 |
|          MaxEpRet |             108 |
|          MinEpRet |              42 |
|     AverageEpCost |            3.24 |
|         StdEpCost |            2.57 |
|         MaxEpCost |             6.1 |
|         MinEpCost |           0.534 |
|             EpLen |            85.2 |
|    CumulativeCost |             125 |
|          CostRate |          0.0241 |
|      AverageVVals |            32.4 |
|          StdVVals |            4.46 |
|          MaxVVals |            33.7 |
|          MinVVals |           -5.37 |
|  AverageCostVVals |           0.727 |
|      StdCostVVals |           0.549 |
|      MaxCostVVals |            2.24 |
|      MinCostVVals |          -0.683 |
|            LossPi |        2.98e-09 |
|       DeltaLossPi |        -0.00901 |
|          SurrCost |        2.52e-08 |
|     DeltaSurrCost |         0.00459 |
|             LossV |             303 |
|        DeltaLossV |           -19.5 |
|            LossVC |            4.41 |
|       DeltaLossVC |           -2.96 |
|           Penalty |               0 |
|      DeltaPenalty |               0 |
|          StopIter |              79 |
|           Entropy |           0.564 |
|                KL |         0.00581 |
| TotalEnvInteracts |         5.2e+03 |
|              Time |            8.27 |
---------------------------------------
CBF corrected action at timestep 5407: 10.0 -> -10.0
CBF corrected action at timestep 5409: 10.0 -> -10.0
CBF corrected action at timestep 5410: 10.0 -> -10.0
CBF corrected action at timestep 5598: -10.0 -> 10.0
Epoch ended at timestep 5600 (0 violations this epoch)
Warning: trajectory cut off by epoch at 71 steps.
[32;1mEarly stopping at step 14 due to reaching max kl.[0m
---------------------------------------
|             Epoch |              13 |
|      AverageEpRet |             110 |
|          StdEpRet |            6.55 |
|          MaxEpRet |             118 |
|          MinEpRet |             102 |
|     AverageEpCost |            2.19 |
|         StdEpCost |           0.877 |
|         MaxEpCost |            3.25 |
|         MinEpCost |            1.11 |
|             EpLen |             110 |
|    CumulativeCost |             134 |
|          CostRate |           0.024 |
|      AverageVVals |            29.2 |
|          StdVVals |            11.5 |
|          MaxVVals |            34.6 |
|          MinVVals |           -21.1 |
|  AverageCostVVals |            1.31 |
|      StdCostVVals |           0.757 |
|      MaxCostVVals |            3.28 |
|      MinCostVVals |          -0.544 |
|            LossPi |        1.13e-08 |
|       DeltaLossPi |         -0.0162 |
|          SurrCost |        2.24e-08 |
|     DeltaSurrCost |         0.00269 |
|             LossV |             302 |
|        DeltaLossV |           -17.6 |
|            LossVC |           0.804 |
|       DeltaLossVC |          -0.532 |
|           Penalty |               0 |
|      DeltaPenalty |               0 |
|          StopIter |              14 |
|           Entropy |           0.535 |
|                KL |          0.0126 |
| TotalEnvInteracts |         5.6e+03 |
|              Time |             8.7 |
---------------------------------------
Epoch ended at timestep 6000 (0 violations this epoch)
Warning: trajectory cut off by epoch at 29 steps.
---------------------------------------
|             Epoch |              14 |
|      AverageEpRet |            74.2 |
|          StdEpRet |            9.22 |
|          MaxEpRet |              84 |
|          MinEpRet |              58 |
|     AverageEpCost |           0.607 |
|         StdEpCost |           0.302 |
|         MaxEpCost |            1.11 |
|         MinEpCost |           0.271 |
|             EpLen |            74.2 |
|    CumulativeCost |             138 |
|          CostRate |           0.023 |
|      AverageVVals |            34.7 |
|          StdVVals |            3.57 |
|          MaxVVals |            35.6 |
|          MinVVals |           -2.06 |
|  AverageCostVVals |            1.19 |
|      StdCostVVals |           0.101 |
|      MaxCostVVals |            1.42 |
|      MinCostVVals |           0.849 |
|            LossPi |               0 |
|       DeltaLossPi |         -0.0161 |
|          SurrCost |         2.5e-08 |
|     DeltaSurrCost |         0.00568 |
|             LossV |             232 |
|        DeltaLossV |           -5.59 |
|            LossVC |            0.78 |
|       DeltaLossVC |          -0.698 |
|           Penalty |               0 |
|      DeltaPenalty |               0 |
|          StopIter |              79 |
|           Entropy |           0.526 |
|                KL |          0.0043 |
| TotalEnvInteracts |           6e+03 |
|              Time |            9.25 |
---------------------------------------
CBF corrected action at timestep 6118: -10.0 -> 10.0
CBF corrected action at timestep 6301: 10.0 -> -10.0
Epoch ended at timestep 6400 (0 violations this epoch)
Warning: trajectory cut off by epoch at 38 steps.
---------------------------------------
|             Epoch |              15 |
|      AverageEpRet |             121 |
|          StdEpRet |            50.2 |
|          MaxEpRet |             183 |
|          MinEpRet |              60 |
|     AverageEpCost |            2.63 |
|         StdEpCost |             1.7 |
|         MaxEpCost |            4.95 |
|         MinEpCost |           0.954 |
|             EpLen |             121 |
|    CumulativeCost |             146 |
|          CostRate |          0.0228 |
|      AverageVVals |            28.6 |
|          StdVVals |            14.5 |
|          MaxVVals |            35.2 |
|          MinVVals |           -30.3 |
|  AverageCostVVals |           0.377 |
|      StdCostVVals |          0.0659 |
|      MaxCostVVals |           0.571 |
|      MinCostVVals |         -0.0459 |
|            LossPi |        3.87e-08 |
|       DeltaLossPi |        -0.00576 |
|          SurrCost |        3.58e-09 |
|     DeltaSurrCost |        -0.00174 |
|             LossV |             600 |
|        DeltaLossV |           -65.1 |
|            LossVC |            1.09 |
|       DeltaLossVC |          -0.818 |
|           Penalty |               0 |
|      DeltaPenalty |               0 |
|          StopIter |              79 |
|           Entropy |           0.542 |
|                KL |         0.00501 |
| TotalEnvInteracts |         6.4e+03 |
|              Time |            9.82 |
---------------------------------------
Epoch ended at timestep 6800 (0 violations this epoch)
Warning: trajectory cut off by epoch at 74 steps.
---------------------------------------
|             Epoch |              16 |
|      AverageEpRet |            81.5 |
|          StdEpRet |            16.1 |
|          MaxEpRet |             106 |
|          MinEpRet |              61 |
|     AverageEpCost |           0.824 |
|         StdEpCost |           0.165 |
|         MaxEpCost |            1.01 |
|         MinEpCost |           0.564 |
|             EpLen |            81.5 |
|    CumulativeCost |             150 |
|          CostRate |           0.022 |
|      AverageVVals |            33.3 |
|          StdVVals |            8.78 |
|          MaxVVals |            36.8 |
|          MinVVals |           -15.1 |
|  AverageCostVVals |            1.23 |
|      StdCostVVals |            0.16 |
|      MaxCostVVals |            1.61 |
|      MinCostVVals |           0.619 |
|            LossPi |       -1.55e-08 |
|       DeltaLossPi |        -0.00969 |
|          SurrCost |        1.07e-08 |
|     DeltaSurrCost |         0.00221 |
|             LossV |             255 |
|        DeltaLossV |           -6.25 |
|            LossVC |           0.586 |
|       DeltaLossVC |          -0.522 |
|           Penalty |               0 |
|      DeltaPenalty |               0 |
|          StopIter |              79 |
|           Entropy |           0.555 |
|                KL |          0.0061 |
| TotalEnvInteracts |         6.8e+03 |
|              Time |            10.6 |
---------------------------------------
CBF corrected action at timestep 7016: 10.0 -> -10.0
Epoch ended at timestep 7200 (0 violations this epoch)
Warning: trajectory cut off by epoch at 41 steps.
---------------------------------------
|             Epoch |              17 |
|      AverageEpRet |            89.8 |
|          StdEpRet |            32.8 |
|          MaxEpRet |             138 |
|          MinEpRet |              54 |
|     AverageEpCost |            1.89 |
|         StdEpCost |           0.561 |
|         MaxEpCost |            2.67 |
|         MinEpCost |            1.17 |
|             EpLen |            89.8 |
|    CumulativeCost |             157 |
|          CostRate |          0.0219 |
|      AverageVVals |            37.3 |
|          StdVVals |           0.131 |
|          MaxVVals |            37.5 |
|          MinVVals |            36.9 |
|  AverageCostVVals |           0.563 |
|      StdCostVVals |          0.0955 |
|      MaxCostVVals |           0.759 |
|      MinCostVVals |          0.0454 |
|            LossPi |       -1.19e-09 |
|       DeltaLossPi |        -0.00547 |
|          SurrCost |        4.77e-09 |
|     DeltaSurrCost |         0.00337 |
|             LossV |             382 |
|        DeltaLossV |           -1.04 |
|            LossVC |           0.346 |
|       DeltaLossVC |          -0.114 |
|           Penalty |               0 |
|      DeltaPenalty |               0 |
|          StopIter |              79 |
|           Entropy |            0.55 |
|                KL |         0.00295 |
| TotalEnvInteracts |         7.2e+03 |
|              Time |            11.4 |
---------------------------------------
CBF corrected action at timestep 7489: -10.0 -> 10.0
Epoch ended at timestep 7600 (0 violations this epoch)
Warning: trajectory cut off by epoch at 29 steps.
---------------------------------------
|             Epoch |              18 |
|      AverageEpRet |            92.8 |
|          StdEpRet |            28.1 |
|          MaxEpRet |             131 |
|          MinEpRet |              55 |
|     AverageEpCost |            1.35 |
|         StdEpCost |            1.19 |
|         MaxEpCost |            3.39 |
|         MinEpCost |           0.418 |
|             EpLen |            92.8 |
|    CumulativeCost |             163 |
|          CostRate |          0.0214 |
|      AverageVVals |            31.7 |
|          StdVVals |            10.5 |
|          MaxVVals |            37.6 |
|          MinVVals |           -13.9 |
|  AverageCostVVals |           0.665 |
|      StdCostVVals |            0.16 |
|      MaxCostVVals |           0.904 |
|      MinCostVVals |           0.182 |
|            LossPi |        1.82e-08 |
|       DeltaLossPi |        -0.00487 |
|          SurrCost |       -6.11e-09 |
|     DeltaSurrCost |         0.00236 |
|             LossV |             209 |
|        DeltaLossV |           -21.6 |
|            LossVC |           0.248 |
|       DeltaLossVC |        -0.00302 |
|           Penalty |               0 |
|      DeltaPenalty |               0 |
|          StopIter |              79 |
|           Entropy |           0.566 |
|                KL |         0.00396 |
| TotalEnvInteracts |         7.6e+03 |
|              Time |            12.1 |
---------------------------------------
CBF corrected action at timestep 7673: 10.0 -> -10.0
CBF corrected action at timestep 7677: 10.0 -> -10.0
CBF corrected action at timestep 7678: 10.0 -> -10.0
CBF corrected action at timestep 7759: -10.0 -> 10.0
CBF corrected action at timestep 7760: -10.0 -> 10.0
Epoch ended at timestep 8000 (0 violations this epoch)
Warning: trajectory cut off by epoch at 38 steps.
[32;1mEarly stopping at step 22 due to reaching max kl.[0m
---------------------------------------
|             Epoch |              19 |
|      AverageEpRet |            90.5 |
|          StdEpRet |            30.3 |
|          MaxEpRet |             141 |
|          MinEpRet |              60 |
|     AverageEpCost |            2.02 |
|         StdEpCost |               1 |
|         MaxEpCost |             3.4 |
|         MinEpCost |            1.03 |
|             EpLen |            90.5 |
|    CumulativeCost |             171 |
|          CostRate |          0.0214 |
|      AverageVVals |            31.7 |
|          StdVVals |            13.1 |
|          MaxVVals |            38.7 |
|          MinVVals |           -16.2 |
|  AverageCostVVals |           0.694 |
|      StdCostVVals |           0.159 |
|      MaxCostVVals |            1.09 |
|      MinCostVVals |           0.259 |
|            LossPi |        1.13e-08 |
|       DeltaLossPi |         -0.0107 |
|          SurrCost |        4.32e-09 |
|     DeltaSurrCost |         0.00206 |
|             LossV |             241 |
|        DeltaLossV |           -19.3 |
|            LossVC |           0.546 |
|       DeltaLossVC |          -0.074 |
|           Penalty |               0 |
|      DeltaPenalty |               0 |
|          StopIter |              22 |
|           Entropy |           0.572 |
|                KL |          0.0129 |
| TotalEnvInteracts |           8e+03 |
|              Time |            12.5 |
---------------------------------------
CBF corrected action at timestep 8330: -10.0 -> 10.0
Epoch ended at timestep 8400 (0 violations this epoch)
Warning: trajectory cut off by epoch at 65 steps.
---------------------------------------
|             Epoch |              20 |
|      AverageEpRet |             112 |
|          StdEpRet |            28.2 |
|          MaxEpRet |             150 |
|          MinEpRet |              83 |
|     AverageEpCost |            2.44 |
|         StdEpCost |            1.08 |
|         MaxEpCost |            3.92 |
|         MinEpCost |            1.35 |
|             EpLen |             112 |
|    CumulativeCost |             179 |
|          CostRate |          0.0213 |
|      AverageVVals |            37.3 |
|          StdVVals |            6.65 |
|          MaxVVals |            39.6 |
|          MinVVals |           -2.38 |
|  AverageCostVVals |            1.02 |
|      StdCostVVals |           0.197 |
|      MaxCostVVals |            1.36 |
|      MinCostVVals |           0.313 |
|            LossPi |       -6.56e-09 |
|       DeltaLossPi |         -0.0134 |
|          SurrCost |       -3.13e-09 |
|     DeltaSurrCost |         0.00432 |
|             LossV |             377 |
|        DeltaLossV |           -19.4 |
|            LossVC |           0.334 |
|       DeltaLossVC |          -0.164 |
|           Penalty |               0 |
|      DeltaPenalty |               0 |
|          StopIter |              79 |
|           Entropy |           0.579 |
|                KL |         0.00551 |
| TotalEnvInteracts |         8.4e+03 |
|              Time |            13.3 |
---------------------------------------
CBF corrected action at timestep 8766: -10.0 -> 10.0
CBF corrected action at timestep 8769: -10.0 -> 10.0
CBF corrected action at timestep 8771: -10.0 -> 10.0
CBF corrected action at timestep 8776: -10.0 -> 10.0
Epoch ended at timestep 8800 (0 violations this epoch)
Warning: trajectory cut off by epoch at 23 steps.
---------------------------------------
|             Epoch |              21 |
|      AverageEpRet |             126 |
|          StdEpRet |            9.74 |
|          MaxEpRet |             139 |
|          MinEpRet |             116 |
|     AverageEpCost |            3.11 |
|         StdEpCost |           0.956 |
|         MaxEpCost |            4.46 |
|         MinEpCost |             2.4 |
|             EpLen |             126 |
|    CumulativeCost |             188 |
|          CostRate |          0.0214 |
|      AverageVVals |              36 |
|          StdVVals |            9.23 |
|          MaxVVals |            40.6 |
|          MinVVals |           -4.67 |
|  AverageCostVVals |            1.25 |
|      StdCostVVals |           0.128 |
|      MaxCostVVals |            1.67 |
|      MinCostVVals |           0.936 |
|            LossPi |       -1.28e-08 |
|       DeltaLossPi |         -0.0157 |
|          SurrCost |        3.58e-09 |
|     DeltaSurrCost |         0.00575 |
|             LossV |             273 |
|        DeltaLossV |           -46.9 |
|            LossVC |           0.305 |
|       DeltaLossVC |         -0.0394 |
|           Penalty |               0 |
|      DeltaPenalty |               0 |
|          StopIter |              79 |
|           Entropy |           0.587 |
|                KL |         0.00672 |
| TotalEnvInteracts |         8.8e+03 |
|              Time |            13.9 |
---------------------------------------
CBF corrected action at timestep 8862: -10.0 -> 10.0
CBF corrected action at timestep 8864: -10.0 -> 10.0
CBF corrected action at timestep 8865: -10.0 -> 10.0
CBF corrected action at timestep 8869: -10.0 -> 10.0
CBF corrected action at timestep 8870: -10.0 -> 10.0
CBF corrected action at timestep 8872: -10.0 -> 10.0
CBF corrected action at timestep 8874: -10.0 -> 10.0
CBF corrected action at timestep 9161: -10.0 -> 10.0
CBF corrected action at timestep 9163: -10.0 -> 10.0
CBF corrected action at timestep 9164: -10.0 -> 10.0
CBF corrected action at timestep 9166: -10.0 -> 10.0
CBF corrected action at timestep 9168: -10.0 -> 10.0
CBF corrected action at timestep 9170: -10.0 -> 10.0
CBF corrected action at timestep 9173: -10.0 -> 10.0
Epoch ended at timestep 9200 (0 violations this epoch)
Warning: trajectory cut off by epoch at 25 steps.
---------------------------------------
|             Epoch |              22 |
|      AverageEpRet |             188 |
|          StdEpRet |             112 |
|          MaxEpRet |             299 |
|          MinEpRet |              76 |
|     AverageEpCost |            3.79 |
|         StdEpCost |           0.208 |
|         MaxEpCost |               4 |
|         MinEpCost |            3.58 |
|             EpLen |             188 |
|    CumulativeCost |             197 |
|          CostRate |          0.0214 |
|      AverageVVals |            36.6 |
|          StdVVals |            11.3 |
|          MaxVVals |            42.4 |
|          MinVVals |           -10.1 |
|  AverageCostVVals |            1.31 |
|      StdCostVVals |           0.152 |
|      MaxCostVVals |            1.67 |
|      MinCostVVals |           0.864 |
|            LossPi |       -1.19e-08 |
|       DeltaLossPi |         -0.0176 |
|          SurrCost |       -1.34e-09 |
|     DeltaSurrCost |        8.03e-05 |
|             LossV |             966 |
|        DeltaLossV |            -166 |
|            LossVC |           0.498 |
|       DeltaLossVC |          -0.101 |
|           Penalty |               0 |
|      DeltaPenalty |               0 |
|          StopIter |              79 |
|           Entropy |            0.59 |
|                KL |          0.0102 |
| TotalEnvInteracts |         9.2e+03 |
|              Time |            14.4 |
---------------------------------------
CBF corrected action at timestep 9268: 10.0 -> -10.0
CBF corrected action at timestep 9273: 10.0 -> -10.0
CBF corrected action at timestep 9276: 10.0 -> -10.0
CBF corrected action at timestep 9280: 10.0 -> -10.0
CBF corrected action at timestep 9282: 10.0 -> -10.0
CBF corrected action at timestep 9284: 10.0 -> -10.0
CBF corrected action at timestep 9365: 10.0 -> -10.0
CBF corrected action at timestep 9366: 10.0 -> -10.0
CBF corrected action at timestep 9501: 10.0 -> -10.0
CBF corrected action at timestep 9505: 10.0 -> -10.0
CBF corrected action at timestep 9512: 10.0 -> -10.0
CBF corrected action at timestep 9514: 10.0 -> -10.0
CBF corrected action at timestep 9516: 10.0 -> -10.0
CBF corrected action at timestep 9517: 10.0 -> -10.0
Epoch ended at timestep 9600 (0 violations this epoch)
Warning: trajectory cut off by epoch at 81 steps.
---------------------------------------
|             Epoch |              23 |
|      AverageEpRet |             106 |
|          StdEpRet |              26 |
|          MaxEpRet |             143 |
|          MinEpRet |              85 |
|     AverageEpCost |            3.84 |
|         StdEpCost |            0.52 |
|         MaxEpCost |            4.55 |
|         MinEpCost |            3.31 |
|             EpLen |             106 |
|    CumulativeCost |             209 |
|          CostRate |          0.0218 |
|      AverageVVals |            45.9 |
|          StdVVals |            0.14 |
|          MaxVVals |              46 |
|          MinVVals |              45 |
|  AverageCostVVals |           0.961 |
|      StdCostVVals |           0.319 |
|      MaxCostVVals |            1.42 |
|      MinCostVVals |         -0.0651 |
|            LossPi |       -2.03e-08 |
|       DeltaLossPi |        -0.00953 |
|          SurrCost |         3.2e-09 |
|     DeltaSurrCost |        -0.00569 |
|             LossV |             431 |
|        DeltaLossV |          -0.372 |
|            LossVC |            1.54 |
|       DeltaLossVC |           -1.19 |
|           Penalty |               0 |
|      DeltaPenalty |               0 |
|          StopIter |              79 |
|           Entropy |           0.597 |
|                KL |         0.00575 |
| TotalEnvInteracts |         9.6e+03 |
|              Time |            14.9 |
---------------------------------------
CBF corrected action at timestep 9738: 10.0 -> -10.0
CBF corrected action at timestep 9921: 10.0 -> -10.0
Epoch ended at timestep 10000 (0 violations this epoch)
---------------------------------------
|             Epoch |              24 |
|      AverageEpRet |             100 |
|          StdEpRet |            24.5 |
|          MaxEpRet |             139 |
|          MinEpRet |              74 |
|     AverageEpCost |            4.12 |
|         StdEpCost |            1.33 |
|         MaxEpCost |            5.41 |
|         MinEpCost |             1.9 |
|             EpLen |             100 |
|    CumulativeCost |             226 |
|          CostRate |          0.0226 |
|      AverageVVals |            46.1 |
|          StdVVals |          0.0325 |
|          MaxVVals |            46.2 |
|          MinVVals |              46 |
|  AverageCostVVals |            1.97 |
|      StdCostVVals |           0.241 |
|      MaxCostVVals |            2.65 |
|      MinCostVVals |            1.23 |
|            LossPi |       -7.75e-09 |
|       DeltaLossPi |         -0.0189 |
|          SurrCost |       -3.87e-09 |
|     DeltaSurrCost |          0.0167 |
|             LossV |             445 |
|        DeltaLossV |           -17.1 |
|            LossVC |            0.88 |
|       DeltaLossVC |          -0.204 |
|           Penalty |               0 |
|      DeltaPenalty |               0 |
|          StopIter |              79 |
|           Entropy |           0.606 |
|                KL |         0.00735 |
| TotalEnvInteracts |           1e+04 |
|              Time |            15.6 |
---------------------------------------

PPO+CBF Training Complete!
  Time: 16.1 seconds
  CBF Statistics:
    - Total actions processed: 10000
    - Actions corrected: 0
    - Correction rate: 0.000
    - Average correction magnitude: 0.0000
    - Maximum correction magnitude: 0.0000
  Training violation summary:
    - Total episodes: 170
    - Episodes with x-violations: 0
    - Episode violation rate: 0.000
    - Timesteps with violations: 0/10000
    - Timestep violation rate: 0.0000

================================================================================
TRAINING SUMMARY - Constraint Violation Comparison
================================================================================

PPO:
  Episodes: 182
  Episodes with x-violations: 0
  Episode violation rate: 0.000
  Timesteps with violations: 0/10,000
  Timestep violation rate: 0.0000

PPO-Lagrangian:
  Episodes: 205
  Episodes with x-violations: 0
  Episode violation rate: 0.000
  Timesteps with violations: 0/10,000
  Timestep violation rate: 0.0000

CPO:
  Episodes: 279
  Episodes with x-violations: 0
  Episode violation rate: 0.000
  Timesteps with violations: 0/10,000
  Timestep violation rate: 0.0000

PPO+CBF:
  Episodes: 170
  Episodes with x-violations: 0
  Episode violation rate: 0.000
  Timesteps with violations: 0/10,000
  Timestep violation rate: 0.0000

==================================================
VIOLATION RATE COMPARISON:
  PPO:           0.000
  PPO-Lagrangian: 0.000
  CPO:           0.000
  PPO+CBF:       0.000

Processing training data...

Saving training data to CSV...
  PPO data saved to: runs_safe_rl_cartpole_comparison/ppo_training_data.csv
  PPO-Lagrangian data saved to: runs_safe_rl_cartpole_comparison/ppo_lagrangian_training_data.csv
  CPO data saved to: runs_safe_rl_cartpole_comparison/cpo_training_data.csv
  CBF data saved to: runs_safe_rl_cartpole_comparison/cbf_training_data.csv
  Summary saved to: runs_safe_rl_cartpole_comparison/training_summary.csv

Generating comparison plots...
  Plots saved to: runs_safe_rl_cartpole_comparison/comparison_5.png

================================================================================
EXPERIMENT COMPLETE!
================================================================================
Results saved in: runs_safe_rl_cartpole_comparison
  - PPO logs: runs_safe_rl_cartpole_comparison/ppo_5
  - PPO-Lagrangian logs: runs_safe_rl_cartpole_comparison/ppo_lagrangian_5
  - CPO logs: runs_safe_rl_cartpole_comparison/cpo_5
  - PPO+CBF logs: runs_safe_rl_cartpole_comparison/ppo_cbf_5
  - Comparison plot: runs_safe_rl_cartpole_comparison/comparison_5.png
  - PPO training CSV: runs_safe_rl_cartpole_comparison/ppo_training_data.csv
  - PPO-Lagrangian training CSV: runs_safe_rl_cartpole_comparison/ppo_lagrangian_training_data.csv
  - CPO training CSV: runs_safe_rl_cartpole_comparison/cpo_training_data.csv
  - PPO+CBF training CSV: runs_safe_rl_cartpole_comparison/cbf_training_data.csv
  - Summary CSV: runs_safe_rl_cartpole_comparison/training_summary.csv

To evaluate trained policies, use:
  cd runs_safe_rl_cartpole_comparison/ppo_5 && python ../../safety-starter-agents/scripts/test_policy.py
  cd runs_safe_rl_cartpole_comparison/ppo_lagrangian_5 && python ../../safety-starter-agents/scripts/test_policy.py
  cd runs_safe_rl_cartpole_comparison/cpo_5 && python ../../safety-starter-agents/scripts/test_policy.py
  cd runs_safe_rl_cartpole_comparison/ppo_cbf_5 && python ../../safety-starter-agents/scripts/test_policy.py
2025-10-29 20:26:38.949717: I tensorflow/core/util/port.cc:153] oneDNN custom operations are on. You may see slightly different numerical results due to floating-point round-off errors from different computation orders. To turn them off, set the environment variable `TF_ENABLE_ONEDNN_OPTS=0`.
2025-10-29 20:26:39.047277: I tensorflow/core/platform/cpu_feature_guard.cc:210] This TensorFlow binary is optimized to use available CPU instructions in performance-critical operations.
To enable the following instructions: AVX2 AVX512F AVX512_VNNI AVX512_BF16 AVX_VNNI FMA, in other operations, rebuild TensorFlow with the appropriate compiler flags.
2025-10-29 20:26:41.057943: I tensorflow/core/util/port.cc:153] oneDNN custom operations are on. You may see slightly different numerical results due to floating-point round-off errors from different computation orders. To turn them off, set the environment variable `TF_ENABLE_ONEDNN_OPTS=0`.
WARNING:tensorflow:From /home/dmy/miniconda3/envs/safe/lib/python3.10/site-packages/tensorflow/python/compat/v2_compat.py:98: disable_resource_variables (from tensorflow.python.ops.resource_variables_toggle) is deprecated and will be removed in a future version.
Instructions for updating:
non-resource variables are not supported in the long term
2025-10-29 20:26:42.379354: E external/local_xla/xla/stream_executor/cuda/cuda_platform.cc:51] failed call to cuInit: INTERNAL: CUDA error: Failed call to cuInit: UNKNOWN ERROR (303)
WARNING: All log messages before absl::InitializeLog() is called are written to STDERR
I0000 00:00:1761784002.408849   19902 mlir_graph_optimization_pass.cc:437] MLIR V1 optimization pass is not enabled


