tag,timesteps,episodic_return
baseline,30,30.0
baseline,50,20.0
baseline,70,20.0
baseline,92,22.0
baseline,118,26.0
baseline,152,34.0
baseline,186,34.0
baseline,199,13.0
baseline,248,49.0
baseline,264,16.0
baseline,286,22.0
baseline,321,35.0
baseline,354,33.0
baseline,371,17.0
baseline,404,33.0
baseline,416,12.0
baseline,433,17.0
baseline,449,16.0
baseline,471,22.0
baseline,501,30.0
baseline,521,20.0
baseline,537,16.0
baseline,599,62.0
baseline,609,10.0
baseline,635,26.0
baseline,651,16.0
baseline,665,14.0
baseline,675,10.0
baseline,686,11.0
baseline,704,18.0
baseline,722,18.0
baseline,742,20.0
baseline,782,40.0
baseline,797,15.0
baseline,810,13.0
baseline,841,31.0
baseline,868,27.0
baseline,877,9.0
baseline,894,17.0
baseline,920,26.0
baseline,942,22.0
baseline,956,14.0
baseline,980,24.0
baseline,988,8.0
baseline,1014,26.0
baseline,1028,14.0
baseline,1039,11.0
baseline,1061,22.0
baseline,1094,33.0
baseline,1104,10.0
baseline,1117,13.0
baseline,1137,20.0
baseline,1148,11.0
baseline,1183,35.0
baseline,1203,20.0
baseline,1220,17.0
baseline,1228,8.0
baseline,1236,8.0
baseline,1255,19.0
baseline,1273,18.0
baseline,1296,23.0
baseline,1316,20.0
baseline,1336,20.0
baseline,1351,15.0
baseline,1362,11.0
baseline,1380,18.0
baseline,1398,18.0
baseline,1411,13.0
baseline,1422,11.0
baseline,1448,26.0
baseline,1478,30.0
baseline,1496,18.0
baseline,1508,12.0
baseline,1543,35.0
baseline,1561,18.0
baseline,1574,13.0
baseline,1630,56.0
baseline,1645,15.0
baseline,1672,27.0
baseline,1689,17.0
baseline,1706,17.0
baseline,1735,29.0
baseline,1756,21.0
baseline,1766,10.0
baseline,1786,20.0
baseline,1807,21.0
baseline,1820,13.0
baseline,1847,27.0
baseline,1875,28.0
baseline,1887,12.0
baseline,1931,44.0
baseline,1964,33.0
baseline,1991,27.0
baseline,2007,16.0
baseline,2024,17.0
baseline,2069,45.0
baseline,2091,22.0
baseline,2118,27.0
baseline,2145,27.0
baseline,2171,26.0
baseline,2197,26.0
baseline,2217,20.0
baseline,2229,12.0
baseline,2243,14.0
baseline,2278,35.0
baseline,2299,21.0
baseline,2316,17.0
baseline,2333,17.0
baseline,2349,16.0
baseline,2391,42.0
baseline,2418,27.0
baseline,2445,27.0
baseline,2459,14.0
baseline,2493,34.0
baseline,2536,43.0
baseline,2574,38.0
baseline,2626,52.0
baseline,2648,22.0
baseline,2666,18.0
baseline,2681,15.0
baseline,2692,11.0
baseline,2718,26.0
baseline,2730,12.0
baseline,2746,16.0
baseline,2772,26.0
baseline,2802,30.0
baseline,2813,11.0
baseline,2865,52.0
baseline,2887,22.0
baseline,2920,33.0
baseline,2941,21.0
baseline,2955,14.0
baseline,2987,32.0
baseline,3010,23.0
baseline,3062,52.0
baseline,3092,30.0
baseline,3141,49.0
baseline,3165,24.0
baseline,3198,33.0
baseline,3259,61.0
baseline,3356,97.0
baseline,3413,57.0
baseline,3436,23.0
baseline,3579,143.0
baseline,3593,14.0
baseline,3687,94.0
baseline,3710,23.0
baseline,3723,13.0
baseline,3769,46.0
baseline,3888,119.0
baseline,3965,77.0
baseline,4039,74.0
baseline,4112,73.0
baseline,4152,40.0
baseline,4211,59.0
baseline,4302,91.0
baseline,4385,83.0
baseline,4462,77.0
baseline,4513,51.0
baseline,4606,93.0
baseline,4677,71.0
baseline,4692,15.0
baseline,4770,78.0
baseline,4782,12.0
baseline,4795,13.0
baseline,4884,89.0
baseline,4963,79.0
baseline,5057,94.0
baseline,5072,15.0
baseline,5136,64.0
baseline,5156,20.0
baseline,5223,67.0
baseline,5294,71.0
baseline,5304,10.0
baseline,5325,21.0
baseline,5424,99.0
baseline,5591,167.0
baseline,5661,70.0
baseline,5744,83.0
baseline,5773,29.0
baseline,5806,33.0
baseline,5886,80.0
baseline,5913,27.0
baseline,6020,107.0
baseline,6033,13.0
baseline,6052,19.0
baseline,6147,95.0
baseline,6237,90.0
baseline,6331,94.0
baseline,6413,82.0
baseline,6427,14.0
baseline,6505,78.0
baseline,6593,88.0
baseline,6606,13.0
baseline,6630,24.0
baseline,6646,16.0
baseline,6713,67.0
baseline,6795,82.0
baseline,6867,72.0
baseline,6956,89.0
baseline,7055,99.0
baseline,7083,28.0
baseline,7172,89.0
baseline,7260,88.0
baseline,7351,91.0
baseline,7448,97.0
baseline,7546,98.0
baseline,7645,99.0
baseline,7670,25.0
baseline,7767,97.0
baseline,7858,91.0
baseline,7948,90.0
baseline,8038,90.0
baseline,8132,94.0
baseline,8239,107.0
baseline,8348,109.0
baseline,8452,104.0
baseline,8546,94.0
baseline,8649,103.0
baseline,8753,104.0
baseline,8864,111.0
baseline,8964,100.0
baseline,9052,88.0
baseline,9143,91.0
baseline,9233,90.0
baseline,9322,89.0
baseline,9418,96.0
baseline,9513,95.0
baseline,9620,107.0
baseline,9711,91.0
baseline,9809,98.0
baseline,9904,95.0
baseline,10007,103.0
baseline,10135,128.0
baseline,10262,127.0
baseline,10351,89.0
baseline,10444,93.0
baseline,10537,93.0
baseline,10636,99.0
baseline,10733,97.0
baseline,10844,111.0
baseline,10987,143.0
baseline,11097,110.0
baseline,11207,110.0
baseline,11321,114.0
baseline,11536,215.0
baseline,11655,119.0
baseline,11785,130.0
baseline,11901,116.0
baseline,12017,116.0
baseline,12108,91.0
baseline,12208,100.0
baseline,12316,108.0
baseline,12420,104.0
baseline,12522,102.0
baseline,12672,150.0
baseline,12793,121.0
baseline,12908,115.0
baseline,13019,111.0
baseline,13143,124.0
baseline,13224,81.0
baseline,13307,83.0
baseline,13406,99.0
baseline,13507,101.0
baseline,13605,98.0
baseline,13703,98.0
baseline,13799,96.0
baseline,13889,90.0
baseline,13979,90.0
baseline,14070,91.0
baseline,14168,98.0
baseline,14279,111.0
baseline,14394,115.0
baseline,14505,111.0
baseline,14613,108.0
baseline,14711,98.0
baseline,14813,102.0
baseline,14915,102.0
baseline,15006,91.0
baseline,15100,94.0
baseline,15116,16.0
baseline,15142,26.0
baseline,15157,15.0
baseline,15181,24.0
baseline,15197,16.0
baseline,15214,17.0
baseline,15233,19.0
baseline,15321,88.0
baseline,15344,23.0
baseline,15456,112.0
baseline,15584,128.0
baseline,15693,109.0
baseline,15790,97.0
baseline,15884,94.0
baseline,15985,101.0
baseline,16087,102.0
baseline,16218,131.0
baseline,16332,114.0
baseline,16415,83.0
baseline,16437,22.0
baseline,16458,21.0
baseline,16476,18.0
baseline,16497,21.0
baseline,16515,18.0
baseline,16535,20.0
baseline,16554,19.0
baseline,16573,19.0
baseline,16596,23.0
baseline,16616,20.0
baseline,16638,22.0
baseline,16747,109.0
baseline,16856,109.0
baseline,16959,103.0
baseline,17008,49.0
baseline,17097,89.0
baseline,17188,91.0
baseline,17305,117.0
baseline,17417,112.0
baseline,17549,132.0
baseline,17674,125.0
baseline,17773,99.0
baseline,17874,101.0
baseline,17974,100.0
baseline,18071,97.0
baseline,18167,96.0
baseline,18280,113.0
baseline,18383,103.0
baseline,18486,103.0
baseline,18581,95.0
baseline,18673,92.0
baseline,18815,142.0
baseline,18836,21.0
baseline,18848,12.0
baseline,18950,102.0
baseline,19049,99.0
baseline,19145,96.0
baseline,19249,104.0
baseline,19363,114.0
baseline,19473,110.0
baseline,19567,94.0
baseline,19661,94.0
baseline,19725,64.0
baseline,19797,72.0
baseline,19898,101.0
baseline,20003,105.0
baseline,20107,104.0
baseline,20216,109.0
baseline,20261,45.0
baseline,20301,40.0
baseline,20330,29.0
baseline,20362,32.0
baseline,20401,39.0
baseline,20443,42.0
baseline,20543,100.0
baseline,20659,116.0
baseline,20770,111.0
baseline,20880,110.0
baseline,20987,107.0
baseline,21019,32.0
baseline,21036,17.0
baseline,21052,16.0
baseline,21070,18.0
baseline,21087,17.0
baseline,21104,17.0
baseline,21124,20.0
baseline,21140,16.0
baseline,21156,16.0
baseline,21176,20.0
baseline,21192,16.0
baseline,21207,15.0
baseline,21221,14.0
baseline,21238,17.0
baseline,21379,141.0
baseline,21496,117.0
baseline,21624,128.0
baseline,21723,99.0
baseline,21836,113.0
baseline,22120,284.0
baseline,22219,99.0
baseline,22318,99.0
baseline,22419,101.0
baseline,22516,97.0
baseline,22631,115.0
baseline,22751,120.0
baseline,22857,106.0
baseline,22869,12.0
baseline,22965,96.0
baseline,23060,95.0
baseline,23175,115.0
baseline,23277,102.0
baseline,23381,104.0
baseline,23476,95.0
baseline,23574,98.0
baseline,23684,110.0
baseline,23796,112.0
baseline,23916,120.0
baseline,24035,119.0
baseline,24148,113.0
baseline,24281,133.0
baseline,24402,121.0
baseline,24501,99.0
baseline,24601,100.0
baseline,24721,120.0
baseline,24846,125.0
baseline,24982,136.0
baseline,25116,134.0
baseline,25239,123.0
baseline,25364,125.0
baseline,25476,112.0
baseline,25588,112.0
baseline,25706,118.0
baseline,25827,121.0
baseline,25940,113.0
baseline,26062,122.0
baseline,26197,135.0
baseline,26342,145.0
baseline,26487,145.0
baseline,26618,131.0
baseline,26774,156.0
baseline,26928,154.0
baseline,27076,148.0
baseline,27224,148.0
baseline,27316,92.0
baseline,27410,94.0
baseline,27525,115.0
baseline,27640,115.0
baseline,27779,139.0
baseline,27925,146.0
baseline,28043,118.0
baseline,28165,122.0
baseline,28322,157.0
baseline,28467,145.0
baseline,28597,130.0
baseline,28743,146.0
baseline,28888,145.0
baseline,29014,126.0
baseline,29131,117.0
baseline,29143,12.0
baseline,29269,126.0
baseline,29417,148.0
baseline,29570,153.0
baseline,29758,188.0
baseline,29893,135.0
baseline,30028,135.0
baseline,30150,122.0
baseline,30279,129.0
baseline,30465,186.0
baseline,30585,120.0
baseline,30715,130.0
baseline,30854,139.0
baseline,30990,136.0
baseline,31178,188.0
baseline,31346,168.0
baseline,31482,136.0
baseline,31613,131.0
baseline,31743,130.0
baseline,31924,181.0
baseline,32074,150.0
baseline,32203,129.0
baseline,32366,163.0
baseline,32719,353.0
baseline,32929,210.0
baseline,33429,500.0
baseline,33703,274.0
baseline,33924,221.0
baseline,34424,500.0
baseline,34796,372.0
baseline,35043,247.0
baseline,35528,485.0
baseline,36028,500.0
baseline,36528,500.0
baseline,36800,272.0
baseline,37300,500.0
baseline,37800,500.0
baseline,38300,500.0
baseline,38800,500.0
baseline,39300,500.0
baseline,39800,500.0
baseline,40300,500.0
baseline,40800,500.0
baseline,41300,500.0
baseline,41800,500.0
baseline,42300,500.0
baseline,42800,500.0
baseline,43103,303.0
baseline,43603,500.0
baseline,44103,500.0
baseline,44603,500.0
baseline,45103,500.0
baseline,45603,500.0
baseline,45783,180.0
baseline,46283,500.0
baseline,46783,500.0
baseline,46955,172.0
baseline,47110,155.0
baseline,47489,379.0
baseline,47620,131.0
baseline,48120,500.0
baseline,48339,219.0
baseline,48810,471.0
baseline,49056,246.0
baseline,49344,288.0
baseline,49558,214.0
baseline,49760,202.0
symbolic,30,30.0
symbolic,50,20.0
symbolic,70,20.0
symbolic,92,22.0
symbolic,118,26.0
symbolic,152,34.0
symbolic,186,34.0
symbolic,199,13.0
symbolic,248,49.0
symbolic,264,16.0
symbolic,286,22.0
symbolic,321,35.0
symbolic,354,33.0
symbolic,371,17.0
symbolic,404,33.0
symbolic,416,12.0
symbolic,433,17.0
symbolic,449,16.0
symbolic,471,22.0
symbolic,501,30.0
symbolic,521,20.0
symbolic,537,16.0
symbolic,599,62.0
symbolic,609,10.0
symbolic,635,26.0
symbolic,651,16.0
symbolic,665,14.0
symbolic,675,10.0
symbolic,686,11.0
symbolic,704,18.0
symbolic,722,18.0
symbolic,742,20.0
symbolic,782,40.0
symbolic,797,15.0
symbolic,810,13.0
symbolic,841,31.0
symbolic,868,27.0
symbolic,877,9.0
symbolic,894,17.0
symbolic,920,26.0
symbolic,942,22.0
symbolic,956,14.0
symbolic,980,24.0
symbolic,988,8.0
symbolic,1014,26.0
symbolic,1028,14.0
symbolic,1039,11.0
symbolic,1061,22.0
symbolic,1080,19.0
symbolic,1100,20.0
symbolic,1122,22.0
symbolic,1134,12.0
symbolic,1150,16.0
symbolic,1164,14.0
symbolic,1180,16.0
symbolic,1219,39.0
symbolic,1227,8.0
symbolic,1238,11.0
symbolic,1255,17.0
symbolic,1273,18.0
symbolic,1303,30.0
symbolic,1324,21.0
symbolic,1347,23.0
symbolic,1389,42.0
symbolic,1424,35.0
symbolic,1462,38.0
symbolic,1478,16.0
symbolic,1502,24.0
symbolic,1531,29.0
symbolic,1542,11.0
symbolic,1573,31.0
symbolic,1591,18.0
symbolic,1640,49.0
symbolic,1663,23.0
symbolic,1677,14.0
symbolic,1713,36.0
symbolic,1735,22.0
symbolic,1753,18.0
symbolic,1768,15.0
symbolic,1804,36.0
symbolic,1819,15.0
symbolic,1863,44.0
symbolic,1891,28.0
symbolic,1931,40.0
symbolic,1948,17.0
symbolic,1964,16.0
symbolic,1992,28.0
symbolic,2008,16.0
symbolic,2051,43.0
symbolic,2088,37.0
symbolic,2129,41.0
symbolic,2147,18.0
symbolic,2168,21.0
symbolic,2181,13.0
symbolic,2197,16.0
symbolic,2248,51.0
symbolic,2305,57.0
symbolic,2330,25.0
symbolic,2390,60.0
symbolic,2403,13.0
symbolic,2422,19.0
symbolic,2462,40.0
symbolic,2487,25.0
symbolic,2532,45.0
symbolic,2579,47.0
symbolic,2652,73.0
symbolic,2707,55.0
symbolic,2758,51.0
symbolic,2787,29.0
symbolic,2808,21.0
symbolic,2875,67.0
symbolic,2920,45.0
symbolic,2952,32.0
symbolic,2985,33.0
symbolic,3005,20.0
symbolic,3034,29.0
symbolic,3092,58.0
symbolic,3128,36.0
symbolic,3169,41.0
symbolic,3179,10.0
symbolic,3214,35.0
symbolic,3254,40.0
symbolic,3268,14.0
symbolic,3290,22.0
symbolic,3395,105.0
symbolic,3411,16.0
symbolic,3430,19.0
symbolic,3469,39.0
symbolic,3585,116.0
symbolic,3603,18.0
symbolic,3616,13.0
symbolic,3626,10.0
symbolic,3640,14.0
symbolic,3673,33.0
symbolic,3686,13.0
symbolic,3702,16.0
symbolic,3712,10.0
symbolic,3723,11.0
symbolic,3748,25.0
symbolic,3762,14.0
symbolic,3775,13.0
symbolic,3801,26.0
symbolic,3820,19.0
symbolic,3836,16.0
symbolic,3854,18.0
symbolic,3868,14.0
symbolic,3898,30.0
symbolic,3908,10.0
symbolic,3923,15.0
symbolic,3945,22.0
symbolic,3959,14.0
symbolic,3970,11.0
symbolic,3980,10.0
symbolic,3993,13.0
symbolic,4019,26.0
symbolic,4041,22.0
symbolic,4063,22.0
symbolic,4080,17.0
symbolic,4108,28.0
symbolic,4121,13.0
symbolic,4129,8.0
symbolic,4156,27.0
symbolic,4170,14.0
symbolic,4186,16.0
symbolic,4201,15.0
symbolic,4221,20.0
symbolic,4233,12.0
symbolic,4244,11.0
symbolic,4254,10.0
symbolic,4266,12.0
symbolic,4275,9.0
symbolic,4289,14.0
symbolic,4315,26.0
symbolic,4330,15.0
symbolic,4341,11.0
symbolic,4351,10.0
symbolic,4362,11.0
symbolic,4377,15.0
symbolic,4390,13.0
symbolic,4401,11.0
symbolic,4410,9.0
symbolic,4422,12.0
symbolic,4433,11.0
symbolic,4441,8.0
symbolic,4453,12.0
symbolic,4468,15.0
symbolic,4481,13.0
symbolic,4499,18.0
symbolic,4509,10.0
symbolic,4517,8.0
symbolic,4534,17.0
symbolic,4547,13.0
symbolic,4557,10.0
symbolic,4566,9.0
symbolic,4576,10.0
symbolic,4589,13.0
symbolic,4600,11.0
symbolic,4612,12.0
symbolic,4620,8.0
symbolic,4633,13.0
symbolic,4643,10.0
symbolic,4654,11.0
symbolic,4662,8.0
symbolic,4672,10.0
symbolic,4685,13.0
symbolic,4696,11.0
symbolic,4706,10.0
symbolic,4716,10.0
symbolic,4726,10.0
symbolic,4736,10.0
symbolic,4751,15.0
symbolic,4762,11.0
symbolic,4771,9.0
symbolic,4783,12.0
symbolic,4793,10.0
symbolic,4802,9.0
symbolic,4812,10.0
symbolic,4825,13.0
symbolic,4837,12.0
symbolic,4851,14.0
symbolic,4862,11.0
symbolic,4873,11.0
symbolic,4885,12.0
symbolic,4895,10.0
symbolic,4907,12.0
symbolic,4920,13.0
symbolic,4929,9.0
symbolic,4941,12.0
symbolic,4952,11.0
symbolic,4966,14.0
symbolic,4980,14.0
symbolic,4991,11.0
symbolic,5002,11.0
symbolic,5014,12.0
symbolic,5028,14.0
symbolic,5040,12.0
symbolic,5051,11.0
symbolic,5060,9.0
symbolic,5071,11.0
symbolic,5081,10.0
symbolic,5090,9.0
symbolic,5101,11.0
symbolic,5110,9.0
symbolic,5121,11.0
symbolic,5132,11.0
symbolic,5141,9.0
symbolic,5150,9.0
symbolic,5159,9.0
symbolic,5171,12.0
symbolic,5183,12.0
symbolic,5191,8.0
symbolic,5202,11.0
symbolic,5215,13.0
symbolic,5227,12.0
symbolic,5237,10.0
symbolic,5247,10.0
symbolic,5257,10.0
symbolic,5272,15.0
symbolic,5281,9.0
symbolic,5293,12.0
symbolic,5302,9.0
symbolic,5313,11.0
symbolic,5324,11.0
symbolic,5334,10.0
symbolic,5344,10.0
symbolic,5355,11.0
symbolic,5366,11.0
symbolic,5377,11.0
symbolic,5386,9.0
symbolic,5401,15.0
symbolic,5411,10.0
symbolic,5425,14.0
symbolic,5438,13.0
symbolic,5449,11.0
symbolic,5459,10.0
symbolic,5473,14.0
symbolic,5483,10.0
symbolic,5493,10.0
symbolic,5503,10.0
symbolic,5513,10.0
symbolic,5523,10.0
symbolic,5534,11.0
symbolic,5542,8.0
symbolic,5550,8.0
symbolic,5561,11.0
symbolic,5571,10.0
symbolic,5581,10.0
symbolic,5590,9.0
symbolic,5601,11.0
symbolic,5611,10.0
symbolic,5625,14.0
symbolic,5635,10.0
symbolic,5651,16.0
symbolic,5661,10.0
symbolic,5670,9.0
symbolic,5683,13.0
symbolic,5692,9.0
symbolic,5703,11.0
symbolic,5713,10.0
symbolic,5723,10.0
symbolic,5733,10.0
symbolic,5746,13.0
symbolic,5755,9.0
symbolic,5764,9.0
symbolic,5775,11.0
symbolic,5785,10.0
symbolic,5794,9.0
symbolic,5816,22.0
symbolic,5825,9.0
symbolic,5839,14.0
symbolic,5848,9.0
symbolic,5857,9.0
symbolic,5865,8.0
symbolic,5876,11.0
symbolic,5885,9.0
symbolic,5895,10.0
symbolic,5907,12.0
symbolic,5918,11.0
symbolic,5930,12.0
symbolic,5940,10.0
symbolic,5950,10.0
symbolic,5961,11.0
symbolic,5971,10.0
symbolic,5982,11.0
symbolic,5994,12.0
symbolic,6004,10.0
symbolic,6015,11.0
symbolic,6024,9.0
symbolic,6034,10.0
symbolic,6043,9.0
symbolic,6053,10.0
symbolic,6063,10.0
symbolic,6074,11.0
symbolic,6082,8.0
symbolic,6096,14.0
symbolic,6108,12.0
symbolic,6121,13.0
symbolic,6130,9.0
symbolic,6140,10.0
symbolic,6151,11.0
symbolic,6160,9.0
symbolic,6172,12.0
symbolic,6181,9.0
symbolic,6192,11.0
symbolic,6201,9.0
symbolic,6210,9.0
symbolic,6222,12.0
symbolic,6232,10.0
symbolic,6241,9.0
symbolic,6252,11.0
symbolic,6261,9.0
symbolic,6270,9.0
symbolic,6280,10.0
symbolic,6290,10.0
symbolic,6300,10.0
symbolic,6310,10.0
symbolic,6318,8.0
symbolic,6327,9.0
symbolic,6340,13.0
symbolic,6350,10.0
symbolic,6358,8.0
symbolic,6369,11.0
symbolic,6382,13.0
symbolic,6394,12.0
symbolic,6402,8.0
symbolic,6411,9.0
symbolic,6422,11.0
symbolic,6432,10.0
symbolic,6443,11.0
symbolic,6452,9.0
symbolic,6463,11.0
symbolic,6472,9.0
symbolic,6482,10.0
symbolic,6493,11.0
symbolic,6504,11.0
symbolic,6514,10.0
symbolic,6523,9.0
symbolic,6532,9.0
symbolic,6542,10.0
symbolic,6552,10.0
symbolic,6560,8.0
symbolic,6571,11.0
symbolic,6582,11.0
symbolic,6590,8.0
symbolic,6599,9.0
symbolic,6610,11.0
symbolic,6620,10.0
symbolic,6628,8.0
symbolic,6638,10.0
symbolic,6647,9.0
symbolic,6655,8.0
symbolic,6663,8.0
symbolic,6673,10.0
symbolic,6682,9.0
symbolic,6690,8.0
symbolic,6700,10.0
symbolic,6710,10.0
symbolic,6718,8.0
symbolic,6727,9.0
symbolic,6737,10.0
symbolic,6746,9.0
symbolic,6756,10.0
symbolic,6766,10.0
symbolic,6775,9.0
symbolic,6783,8.0
symbolic,6792,9.0
symbolic,6802,10.0
symbolic,6814,12.0
symbolic,6822,8.0
symbolic,6832,10.0
symbolic,6842,10.0
symbolic,6852,10.0
symbolic,6863,11.0
symbolic,6871,8.0
symbolic,6881,10.0
symbolic,6890,9.0
symbolic,6899,9.0
symbolic,6909,10.0
symbolic,6918,9.0
symbolic,6926,8.0
symbolic,6937,11.0
symbolic,6948,11.0
symbolic,6957,9.0
symbolic,6966,9.0
symbolic,6974,8.0
symbolic,6984,10.0
symbolic,6994,10.0
symbolic,7003,9.0
symbolic,7013,10.0
symbolic,7022,9.0
symbolic,7031,9.0
symbolic,7041,10.0
symbolic,7049,8.0
symbolic,7057,8.0
symbolic,7066,9.0
symbolic,7076,10.0
symbolic,7087,11.0
symbolic,7096,9.0
symbolic,7106,10.0
symbolic,7114,8.0
symbolic,7123,9.0
symbolic,7131,8.0
symbolic,7140,9.0
symbolic,7149,9.0
symbolic,7160,11.0
symbolic,7171,11.0
symbolic,7181,10.0
symbolic,7192,11.0
symbolic,7200,8.0
symbolic,7209,9.0
symbolic,7218,9.0
symbolic,7228,10.0
symbolic,7241,13.0
symbolic,7250,9.0
symbolic,7259,9.0
symbolic,7268,9.0
symbolic,7277,9.0
symbolic,7286,9.0
symbolic,7296,10.0
symbolic,7305,9.0
symbolic,7315,10.0
symbolic,7324,9.0
symbolic,7334,10.0
symbolic,7342,8.0
symbolic,7353,11.0
symbolic,7361,8.0
symbolic,7369,8.0
symbolic,7379,10.0
symbolic,7388,9.0
symbolic,7397,9.0
symbolic,7409,12.0
symbolic,7419,10.0
symbolic,7429,10.0
symbolic,7439,10.0
symbolic,7447,8.0
symbolic,7456,9.0
symbolic,7466,10.0
symbolic,7474,8.0
symbolic,7482,8.0
symbolic,7493,11.0
symbolic,7503,10.0
symbolic,7513,10.0
symbolic,7522,9.0
symbolic,7531,9.0
symbolic,7543,12.0
symbolic,7553,10.0
symbolic,7564,11.0
symbolic,7572,8.0
symbolic,7580,8.0
symbolic,7589,9.0
symbolic,7598,9.0
symbolic,7607,9.0
symbolic,7616,9.0
symbolic,7626,10.0
symbolic,7635,9.0
symbolic,7645,10.0
symbolic,7655,10.0
symbolic,7663,8.0
symbolic,7672,9.0
symbolic,7681,9.0
symbolic,7691,10.0
symbolic,7701,10.0
symbolic,7712,11.0
symbolic,7722,10.0
symbolic,7731,9.0
symbolic,7740,9.0
symbolic,7749,9.0
symbolic,7760,11.0
symbolic,7770,10.0
symbolic,7779,9.0
symbolic,7788,9.0
symbolic,7798,10.0
symbolic,7807,9.0
symbolic,7817,10.0
symbolic,7825,8.0
symbolic,7836,11.0
symbolic,7845,9.0
symbolic,7854,9.0
symbolic,7864,10.0
symbolic,7873,9.0
symbolic,7882,9.0
symbolic,7892,10.0
symbolic,7902,10.0
symbolic,7910,8.0
symbolic,7920,10.0
symbolic,7928,8.0
symbolic,7937,9.0
symbolic,7946,9.0
symbolic,7956,10.0
symbolic,7964,8.0
symbolic,7974,10.0
symbolic,7984,10.0
symbolic,7994,10.0
symbolic,8005,11.0
symbolic,8014,9.0
symbolic,8023,9.0
symbolic,8033,10.0
symbolic,8042,9.0
symbolic,8051,9.0
symbolic,8061,10.0
symbolic,8071,10.0
symbolic,8079,8.0
symbolic,8089,10.0
symbolic,8099,10.0
symbolic,8109,10.0
symbolic,8118,9.0
symbolic,8127,9.0
symbolic,8137,10.0
symbolic,8146,9.0
symbolic,8156,10.0
symbolic,8165,9.0
symbolic,8174,9.0
symbolic,8182,8.0
symbolic,8191,9.0
symbolic,8199,8.0
symbolic,8209,10.0
symbolic,8218,9.0
symbolic,8228,10.0
symbolic,8238,10.0
symbolic,8248,10.0
symbolic,8259,11.0
symbolic,8270,11.0
symbolic,8279,9.0
symbolic,8287,8.0
symbolic,8295,8.0
symbolic,8305,10.0
symbolic,8314,9.0
symbolic,8323,9.0
symbolic,8332,9.0
symbolic,8340,8.0
symbolic,8350,10.0
symbolic,8358,8.0
symbolic,8366,8.0
symbolic,8375,9.0
symbolic,8383,8.0
symbolic,8392,9.0
symbolic,8401,9.0
symbolic,8409,8.0
symbolic,8419,10.0
symbolic,8428,9.0
symbolic,8438,10.0
symbolic,8448,10.0
symbolic,8457,9.0
symbolic,8466,9.0
symbolic,8475,9.0
symbolic,8484,9.0
symbolic,8492,8.0
symbolic,8500,8.0
symbolic,8509,9.0
symbolic,8517,8.0
symbolic,8526,9.0
symbolic,8535,9.0
symbolic,8545,10.0
symbolic,8554,9.0
symbolic,8563,9.0
symbolic,8571,8.0
symbolic,8579,8.0
symbolic,8588,9.0
symbolic,8597,9.0
symbolic,8605,8.0
symbolic,8614,9.0
symbolic,8623,9.0
symbolic,8632,9.0
symbolic,8642,10.0
symbolic,8650,8.0
symbolic,8659,9.0
symbolic,8667,8.0
symbolic,8676,9.0
symbolic,8685,9.0
symbolic,8694,9.0
symbolic,8703,9.0
symbolic,8711,8.0
symbolic,8720,9.0
symbolic,8729,9.0
symbolic,8738,9.0
symbolic,8746,8.0
symbolic,8755,9.0
symbolic,8764,9.0
symbolic,8773,9.0
symbolic,8783,10.0
symbolic,8791,8.0
symbolic,8800,9.0
symbolic,8808,8.0
symbolic,8816,8.0
symbolic,8825,9.0
symbolic,8833,8.0
symbolic,8841,8.0
symbolic,8850,9.0
symbolic,8859,9.0
symbolic,8868,9.0
symbolic,8878,10.0
symbolic,8886,8.0
symbolic,8895,9.0
symbolic,8903,8.0
symbolic,8911,8.0
symbolic,8921,10.0
symbolic,8929,8.0
symbolic,8938,9.0
symbolic,8947,9.0
symbolic,8956,9.0
symbolic,8965,9.0
symbolic,8973,8.0
symbolic,8981,8.0
symbolic,8990,9.0
symbolic,8999,9.0
symbolic,9007,8.0
symbolic,9016,9.0
symbolic,9025,9.0
symbolic,9034,9.0
symbolic,9042,8.0
symbolic,9051,9.0
symbolic,9060,9.0
symbolic,9068,8.0
symbolic,9077,9.0
symbolic,9085,8.0
symbolic,9094,9.0
symbolic,9103,9.0
symbolic,9111,8.0
symbolic,9120,9.0
symbolic,9129,9.0
symbolic,9138,9.0
symbolic,9147,9.0
symbolic,9155,8.0
symbolic,9164,9.0
symbolic,9172,8.0
symbolic,9181,9.0
symbolic,9190,9.0
symbolic,9199,9.0
symbolic,9208,9.0
symbolic,9217,9.0
symbolic,9226,9.0
symbolic,9235,9.0
symbolic,9243,8.0
symbolic,9252,9.0
symbolic,9261,9.0
symbolic,9270,9.0
symbolic,9279,9.0
symbolic,9287,8.0
symbolic,9297,10.0
symbolic,9305,8.0
symbolic,9314,9.0
symbolic,9323,9.0
symbolic,9331,8.0
symbolic,9340,9.0
symbolic,9349,9.0
symbolic,9358,9.0
symbolic,9367,9.0
symbolic,9376,9.0
symbolic,9384,8.0
symbolic,9393,9.0
symbolic,9401,8.0
symbolic,9410,9.0
symbolic,9419,9.0
symbolic,9429,10.0
symbolic,9438,9.0
symbolic,9450,12.0
symbolic,9459,9.0
symbolic,9469,10.0
symbolic,9478,9.0
symbolic,9487,9.0
symbolic,9495,8.0
symbolic,9504,9.0
symbolic,9512,8.0
symbolic,9520,8.0
symbolic,9529,9.0
symbolic,9537,8.0
symbolic,9546,9.0
symbolic,9555,9.0
symbolic,9565,10.0
symbolic,9574,9.0
symbolic,9583,9.0
symbolic,9592,9.0
symbolic,9601,9.0
symbolic,9610,9.0
symbolic,9619,9.0
symbolic,9628,9.0
symbolic,9637,9.0
symbolic,9647,10.0
symbolic,9655,8.0
symbolic,9664,9.0
symbolic,9673,9.0
symbolic,9681,8.0
symbolic,9690,9.0
symbolic,9698,8.0
symbolic,9708,10.0
symbolic,9717,9.0
symbolic,9725,8.0
symbolic,9736,11.0
symbolic,9745,9.0
symbolic,9755,10.0
symbolic,9764,9.0
symbolic,9773,9.0
symbolic,9783,10.0
symbolic,9792,9.0
symbolic,9801,9.0
symbolic,9811,10.0
symbolic,9820,9.0
symbolic,9830,10.0
symbolic,9839,9.0
symbolic,9848,9.0
symbolic,9858,10.0
symbolic,9867,9.0
symbolic,9876,9.0
symbolic,9885,9.0
symbolic,9894,9.0
symbolic,9902,8.0
symbolic,9910,8.0
symbolic,9919,9.0
symbolic,9929,10.0
symbolic,9937,8.0
symbolic,9946,9.0
symbolic,9955,9.0
symbolic,9964,9.0
symbolic,9973,9.0
symbolic,9984,11.0
symbolic,9993,9.0
symbolic,10002,9.0
symbolic,10011,9.0
symbolic,10019,8.0
symbolic,10028,9.0
symbolic,10037,9.0
symbolic,10046,9.0
symbolic,10055,9.0
symbolic,10064,9.0
symbolic,10073,9.0
symbolic,10082,9.0
symbolic,10091,9.0
symbolic,10099,8.0
symbolic,10107,8.0
symbolic,10118,11.0
symbolic,10127,9.0
symbolic,10136,9.0
symbolic,10144,8.0
symbolic,10153,9.0
symbolic,10162,9.0
symbolic,10170,8.0
symbolic,10179,9.0
symbolic,10188,9.0
symbolic,10197,9.0
symbolic,10207,10.0
symbolic,10216,9.0
symbolic,10225,9.0
symbolic,10234,9.0
symbolic,10243,9.0
symbolic,10252,9.0
symbolic,10261,9.0
symbolic,10270,9.0
symbolic,10278,8.0
symbolic,10287,9.0
symbolic,10295,8.0
symbolic,10304,9.0
symbolic,10312,8.0
symbolic,10320,8.0
symbolic,10329,9.0
symbolic,10337,8.0
symbolic,10346,9.0
symbolic,10355,9.0
symbolic,10364,9.0
symbolic,10373,9.0
symbolic,10382,9.0
symbolic,10390,8.0
symbolic,10398,8.0
symbolic,10407,9.0
symbolic,10416,9.0
symbolic,10425,9.0
symbolic,10434,9.0
symbolic,10443,9.0
symbolic,10452,9.0
symbolic,10460,8.0
symbolic,10469,9.0
symbolic,10477,8.0
symbolic,10486,9.0
symbolic,10494,8.0
symbolic,10502,8.0
symbolic,10511,9.0
symbolic,10519,8.0
symbolic,10528,9.0
symbolic,10536,8.0
symbolic,10545,9.0
symbolic,10554,9.0
symbolic,10563,9.0
symbolic,10572,9.0
symbolic,10581,9.0
symbolic,10591,10.0
symbolic,10600,9.0
symbolic,10609,9.0
symbolic,10617,8.0
symbolic,10625,8.0
symbolic,10635,10.0
symbolic,10643,8.0
symbolic,10653,10.0
symbolic,10662,9.0
symbolic,10670,8.0
symbolic,10679,9.0
symbolic,10688,9.0
symbolic,10696,8.0
symbolic,10706,10.0
symbolic,10714,8.0
symbolic,10723,9.0
symbolic,10732,9.0
symbolic,10742,10.0
symbolic,10751,9.0
symbolic,10760,9.0
symbolic,10769,9.0
symbolic,10778,9.0
symbolic,10786,8.0
symbolic,10795,9.0
symbolic,10804,9.0
symbolic,10814,10.0
symbolic,10823,9.0
symbolic,10832,9.0
symbolic,10841,9.0
symbolic,10851,10.0
symbolic,10860,9.0
symbolic,10870,10.0
symbolic,10880,10.0
symbolic,10889,9.0
symbolic,10899,10.0
symbolic,10907,8.0
symbolic,10915,8.0
symbolic,10923,8.0
symbolic,10933,10.0
symbolic,10942,9.0
symbolic,10950,8.0
symbolic,10958,8.0
symbolic,10966,8.0
symbolic,10976,10.0
symbolic,10985,9.0
symbolic,10994,9.0
symbolic,11004,10.0
symbolic,11013,9.0
symbolic,11023,10.0
symbolic,11032,9.0
symbolic,11041,9.0
symbolic,11050,9.0
symbolic,11060,10.0
symbolic,11069,9.0
symbolic,11077,8.0
symbolic,11085,8.0
symbolic,11095,10.0
symbolic,11103,8.0
symbolic,11111,8.0
symbolic,11119,8.0
symbolic,11129,10.0
symbolic,11137,8.0
symbolic,11147,10.0
symbolic,11157,10.0
symbolic,11165,8.0
symbolic,11174,9.0
symbolic,11184,10.0
symbolic,11194,10.0
symbolic,11204,10.0
symbolic,11214,10.0
symbolic,11223,9.0
symbolic,11233,10.0
symbolic,11242,9.0
symbolic,11251,9.0
symbolic,11261,10.0
symbolic,11269,8.0
symbolic,11279,10.0
symbolic,11288,9.0
symbolic,11296,8.0
symbolic,11306,10.0
symbolic,11316,10.0
symbolic,11325,9.0
symbolic,11334,9.0
symbolic,11346,12.0
symbolic,11355,9.0
symbolic,11364,9.0
symbolic,11374,10.0
symbolic,11384,10.0
symbolic,11393,9.0
symbolic,11402,9.0
symbolic,11411,9.0
symbolic,11421,10.0
symbolic,11429,8.0
symbolic,11438,9.0
symbolic,11448,10.0
symbolic,11457,9.0
symbolic,11466,9.0
symbolic,11475,9.0
symbolic,11484,9.0
symbolic,11492,8.0
symbolic,11502,10.0
symbolic,11510,8.0
symbolic,11520,10.0
symbolic,11529,9.0
symbolic,11537,8.0
symbolic,11547,10.0
symbolic,11557,10.0
symbolic,11567,10.0
symbolic,11577,10.0
symbolic,11585,8.0
symbolic,11594,9.0
symbolic,11604,10.0
symbolic,11614,10.0
symbolic,11623,9.0
symbolic,11631,8.0
symbolic,11640,9.0
symbolic,11650,10.0
symbolic,11658,8.0
symbolic,11667,9.0
symbolic,11675,8.0
symbolic,11685,10.0
symbolic,11695,10.0
symbolic,11705,10.0
symbolic,11715,10.0
symbolic,11724,9.0
symbolic,11734,10.0
symbolic,11743,9.0
symbolic,11753,10.0
symbolic,11763,10.0
symbolic,11772,9.0
symbolic,11781,9.0
symbolic,11791,10.0
symbolic,11800,9.0
symbolic,11809,9.0
symbolic,11818,9.0
symbolic,11829,11.0
symbolic,11840,11.0
symbolic,11850,10.0
symbolic,11860,10.0
symbolic,11869,9.0
symbolic,11879,10.0
symbolic,11889,10.0
symbolic,11899,10.0
symbolic,11908,9.0
symbolic,11917,9.0
symbolic,11925,8.0
symbolic,11933,8.0
symbolic,11943,10.0
symbolic,11954,11.0
symbolic,11963,9.0
symbolic,11971,8.0
symbolic,11980,9.0
symbolic,11990,10.0
symbolic,11998,8.0
symbolic,12007,9.0
symbolic,12016,9.0
symbolic,12026,10.0
symbolic,12035,9.0
symbolic,12045,10.0
symbolic,12054,9.0
symbolic,12063,9.0
symbolic,12072,9.0
symbolic,12081,9.0
symbolic,12090,9.0
symbolic,12100,10.0
symbolic,12108,8.0
symbolic,12116,8.0
symbolic,12126,10.0
symbolic,12135,9.0
symbolic,12145,10.0
symbolic,12153,8.0
symbolic,12162,9.0
symbolic,12171,9.0
symbolic,12180,9.0
symbolic,12192,12.0
symbolic,12201,9.0
symbolic,12210,9.0
symbolic,12220,10.0
symbolic,12229,9.0
symbolic,12238,9.0
symbolic,12248,10.0
symbolic,12256,8.0
symbolic,12265,9.0
symbolic,12275,10.0
symbolic,12284,9.0
symbolic,12292,8.0
symbolic,12301,9.0
symbolic,12310,9.0
symbolic,12319,9.0
symbolic,12327,8.0
symbolic,12335,8.0
symbolic,12344,9.0
symbolic,12353,9.0
symbolic,12362,9.0
symbolic,12371,9.0
symbolic,12379,8.0
symbolic,12388,9.0
symbolic,12398,10.0
symbolic,12408,10.0
symbolic,12417,9.0
symbolic,12426,9.0
symbolic,12436,10.0
symbolic,12446,10.0
symbolic,12456,10.0
symbolic,12465,9.0
symbolic,12475,10.0
symbolic,12484,9.0
symbolic,12494,10.0
symbolic,12503,9.0
symbolic,12513,10.0
symbolic,12522,9.0
symbolic,12532,10.0
symbolic,12540,8.0
symbolic,12548,8.0
symbolic,12557,9.0
symbolic,12566,9.0
symbolic,12575,9.0
symbolic,12584,9.0
symbolic,12592,8.0
symbolic,12600,8.0
symbolic,12610,10.0
symbolic,12620,10.0
symbolic,12630,10.0
symbolic,12638,8.0
symbolic,12646,8.0
symbolic,12655,9.0
symbolic,12663,8.0
symbolic,12671,8.0
symbolic,12679,8.0
symbolic,12689,10.0
symbolic,12698,9.0
symbolic,12706,8.0
symbolic,12715,9.0
symbolic,12725,10.0
symbolic,12735,10.0
symbolic,12743,8.0
symbolic,12753,10.0
symbolic,12762,9.0
symbolic,12772,10.0
symbolic,12781,9.0
symbolic,12790,9.0
symbolic,12798,8.0
symbolic,12807,9.0
symbolic,12816,9.0
symbolic,12824,8.0
symbolic,12833,9.0
symbolic,12842,9.0
symbolic,12852,10.0
symbolic,12862,10.0
symbolic,12870,8.0
symbolic,12879,9.0
symbolic,12889,10.0
symbolic,12897,8.0
symbolic,12906,9.0
symbolic,12916,10.0
symbolic,12924,8.0
symbolic,12933,9.0
symbolic,12943,10.0
symbolic,12951,8.0
symbolic,12960,9.0
symbolic,12969,9.0
symbolic,12979,10.0
symbolic,12988,9.0
symbolic,12997,9.0
symbolic,13005,8.0
symbolic,13013,8.0
symbolic,13022,9.0
symbolic,13031,9.0
symbolic,13040,9.0
symbolic,13049,9.0
symbolic,13058,9.0
symbolic,13068,10.0
symbolic,13078,10.0
symbolic,13087,9.0
symbolic,13096,9.0
symbolic,13105,9.0
symbolic,13115,10.0
symbolic,13123,8.0
symbolic,13131,8.0
symbolic,13140,9.0
symbolic,13149,9.0
symbolic,13157,8.0
symbolic,13167,10.0
symbolic,13176,9.0
symbolic,13185,9.0
symbolic,13195,10.0
symbolic,13204,9.0
symbolic,13212,8.0
symbolic,13221,9.0
symbolic,13229,8.0
symbolic,13238,9.0
symbolic,13246,8.0
symbolic,13256,10.0
symbolic,13265,9.0
symbolic,13273,8.0
symbolic,13282,9.0
symbolic,13290,8.0
symbolic,13299,9.0
symbolic,13309,10.0
symbolic,13318,9.0
symbolic,13327,9.0
symbolic,13335,8.0
symbolic,13344,9.0
symbolic,13353,9.0
symbolic,13363,10.0
symbolic,13371,8.0
symbolic,13380,9.0
symbolic,13389,9.0
symbolic,13398,9.0
symbolic,13407,9.0
symbolic,13416,9.0
symbolic,13424,8.0
symbolic,13432,8.0
symbolic,13440,8.0
symbolic,13448,8.0
symbolic,13457,9.0
symbolic,13466,9.0
symbolic,13475,9.0
symbolic,13484,9.0
symbolic,13493,9.0
symbolic,13502,9.0
symbolic,13511,9.0
symbolic,13521,10.0
symbolic,13531,10.0
symbolic,13540,9.0
symbolic,13549,9.0
symbolic,13558,9.0
symbolic,13566,8.0
symbolic,13575,9.0
symbolic,13584,9.0
symbolic,13593,9.0
symbolic,13602,9.0
symbolic,13611,9.0
symbolic,13620,9.0
symbolic,13629,9.0
symbolic,13639,10.0
symbolic,13648,9.0
symbolic,13657,9.0
symbolic,13665,8.0
symbolic,13673,8.0
symbolic,13682,9.0
symbolic,13691,9.0
symbolic,13700,9.0
symbolic,13709,9.0
symbolic,13717,8.0
symbolic,13726,9.0
symbolic,13734,8.0
symbolic,13743,9.0
symbolic,13752,9.0
symbolic,13761,9.0
symbolic,13770,9.0
symbolic,13780,10.0
symbolic,13789,9.0
symbolic,13797,8.0
symbolic,13806,9.0
symbolic,13815,9.0
symbolic,13824,9.0
symbolic,13833,9.0
symbolic,13842,9.0
symbolic,13851,9.0
symbolic,13859,8.0
symbolic,13868,9.0
symbolic,13877,9.0
symbolic,13886,9.0
symbolic,13895,9.0
symbolic,13903,8.0
symbolic,13911,8.0
symbolic,13919,8.0
symbolic,13928,9.0
symbolic,13937,9.0
symbolic,13945,8.0
symbolic,13954,9.0
symbolic,13962,8.0
symbolic,13971,9.0
symbolic,13980,9.0
symbolic,13989,9.0
symbolic,13997,8.0
symbolic,14005,8.0
symbolic,14014,9.0
symbolic,14023,9.0
symbolic,14032,9.0
symbolic,14042,10.0
symbolic,14052,10.0
symbolic,14061,9.0
symbolic,14071,10.0
symbolic,14080,9.0
symbolic,14088,8.0
symbolic,14097,9.0
symbolic,14106,9.0
symbolic,14115,9.0
symbolic,14124,9.0
symbolic,14132,8.0
symbolic,14143,11.0
symbolic,14152,9.0
symbolic,14162,10.0
symbolic,14171,9.0
symbolic,14180,9.0
symbolic,14190,10.0
symbolic,14199,9.0
symbolic,14208,9.0
symbolic,14218,10.0
symbolic,14226,8.0
symbolic,14235,9.0
symbolic,14245,10.0
symbolic,14253,8.0
symbolic,14262,9.0
symbolic,14270,8.0
symbolic,14279,9.0
symbolic,14288,9.0
symbolic,14298,10.0
symbolic,14308,10.0
symbolic,14318,10.0
symbolic,14328,10.0
symbolic,14338,10.0
symbolic,14347,9.0
symbolic,14356,9.0
symbolic,14365,9.0
symbolic,14374,9.0
symbolic,14384,10.0
symbolic,14394,10.0
symbolic,14404,10.0
symbolic,14412,8.0
symbolic,14421,9.0
symbolic,14431,10.0
symbolic,14439,8.0
symbolic,14449,10.0
symbolic,14458,9.0
symbolic,14468,10.0
symbolic,14477,9.0
symbolic,14486,9.0
symbolic,14495,9.0
symbolic,14505,10.0
symbolic,14513,8.0
symbolic,14522,9.0
symbolic,14530,8.0
symbolic,14540,10.0
symbolic,14548,8.0
symbolic,14557,9.0
symbolic,14566,9.0
symbolic,14575,9.0
symbolic,14585,10.0
symbolic,14594,9.0
symbolic,14604,10.0
symbolic,14614,10.0
symbolic,14623,9.0
symbolic,14631,8.0
symbolic,14640,9.0
symbolic,14649,9.0
symbolic,14659,10.0
symbolic,14668,9.0
symbolic,14676,8.0
symbolic,14685,9.0
symbolic,14693,8.0
symbolic,14703,10.0
symbolic,14712,9.0
symbolic,14721,9.0
symbolic,14729,8.0
symbolic,14738,9.0
symbolic,14747,9.0
symbolic,14756,9.0
symbolic,14764,8.0
symbolic,14773,9.0
symbolic,14782,9.0
symbolic,14790,8.0
symbolic,14800,10.0
symbolic,14808,8.0
symbolic,14817,9.0
symbolic,14825,8.0
symbolic,14834,9.0
symbolic,14843,9.0
symbolic,14851,8.0
symbolic,14860,9.0
symbolic,14868,8.0
symbolic,14876,8.0
symbolic,14886,10.0
symbolic,14894,8.0
symbolic,14904,10.0
symbolic,14913,9.0
symbolic,14921,8.0
symbolic,14930,9.0
symbolic,14939,9.0
symbolic,14948,9.0
symbolic,14956,8.0
symbolic,14964,8.0
symbolic,14973,9.0
symbolic,14983,10.0
symbolic,14992,9.0
symbolic,15001,9.0
symbolic,15011,10.0
symbolic,15020,9.0
symbolic,15029,9.0
symbolic,15038,9.0
symbolic,15047,9.0
symbolic,15056,9.0
symbolic,15064,8.0
symbolic,15073,9.0
symbolic,15082,9.0
symbolic,15090,8.0
symbolic,15099,9.0
symbolic,15108,9.0
symbolic,15118,10.0
symbolic,15127,9.0
symbolic,15137,10.0
symbolic,15145,8.0
symbolic,15154,9.0
symbolic,15165,11.0
symbolic,15174,9.0
symbolic,15183,9.0
symbolic,15192,9.0
symbolic,15201,9.0
symbolic,15210,9.0
symbolic,15219,9.0
symbolic,15227,8.0
symbolic,15236,9.0
symbolic,15244,8.0
symbolic,15252,8.0
symbolic,15261,9.0
symbolic,15270,9.0
symbolic,15279,9.0
symbolic,15288,9.0
symbolic,15297,9.0
symbolic,15306,9.0
symbolic,15315,9.0
symbolic,15323,8.0
symbolic,15332,9.0
symbolic,15341,9.0
symbolic,15351,10.0
symbolic,15360,9.0
symbolic,15369,9.0
symbolic,15378,9.0
symbolic,15387,9.0
symbolic,15397,10.0
symbolic,15406,9.0
symbolic,15414,8.0
symbolic,15423,9.0
symbolic,15433,10.0
symbolic,15441,8.0
symbolic,15450,9.0
symbolic,15459,9.0
symbolic,15469,10.0
symbolic,15477,8.0
symbolic,15485,8.0
symbolic,15494,9.0
symbolic,15503,9.0
symbolic,15513,10.0
symbolic,15523,10.0
symbolic,15533,10.0
symbolic,15542,9.0
symbolic,15551,9.0
symbolic,15560,9.0
symbolic,15569,9.0
symbolic,15577,8.0
symbolic,15585,8.0
symbolic,15594,9.0
symbolic,15602,8.0
symbolic,15611,9.0
symbolic,15620,9.0
symbolic,15629,9.0
symbolic,15638,9.0
symbolic,15648,10.0
symbolic,15656,8.0
symbolic,15665,9.0
symbolic,15675,10.0
symbolic,15683,8.0
symbolic,15692,9.0
symbolic,15701,9.0
symbolic,15710,9.0
symbolic,15718,8.0
symbolic,15728,10.0
symbolic,15736,8.0
symbolic,15745,9.0
symbolic,15753,8.0
symbolic,15762,9.0
symbolic,15771,9.0
symbolic,15780,9.0
symbolic,15790,10.0
symbolic,15800,10.0
symbolic,15808,8.0
symbolic,15816,8.0
symbolic,15824,8.0
symbolic,15833,9.0
symbolic,15842,9.0
symbolic,15851,9.0
symbolic,15860,9.0
symbolic,15869,9.0
symbolic,15878,9.0
symbolic,15886,8.0
symbolic,15895,9.0
symbolic,15904,9.0
symbolic,15912,8.0
symbolic,15922,10.0
symbolic,15931,9.0
symbolic,15940,9.0
symbolic,15949,9.0
symbolic,15958,9.0
symbolic,15967,9.0
symbolic,15976,9.0
symbolic,15985,9.0
symbolic,15993,8.0
symbolic,16002,9.0
symbolic,16011,9.0
symbolic,16020,9.0
symbolic,16028,8.0
symbolic,16037,9.0
symbolic,16046,9.0
symbolic,16054,8.0
symbolic,16062,8.0
symbolic,16070,8.0
symbolic,16079,9.0
symbolic,16088,9.0
symbolic,16097,9.0
symbolic,16105,8.0
symbolic,16114,9.0
symbolic,16123,9.0
symbolic,16131,8.0
symbolic,16139,8.0
symbolic,16148,9.0
symbolic,16157,9.0
symbolic,16166,9.0
symbolic,16175,9.0
symbolic,16184,9.0
symbolic,16193,9.0
symbolic,16202,9.0
symbolic,16210,8.0
symbolic,16219,9.0
symbolic,16228,9.0
symbolic,16237,9.0
symbolic,16246,9.0
symbolic,16257,11.0
symbolic,16266,9.0
symbolic,16275,9.0
symbolic,16284,9.0
symbolic,16293,9.0
symbolic,16302,9.0
symbolic,16311,9.0
symbolic,16320,9.0
symbolic,16329,9.0
symbolic,16338,9.0
symbolic,16346,8.0
symbolic,16354,8.0
symbolic,16362,8.0
symbolic,16371,9.0
symbolic,16380,9.0
symbolic,16389,9.0
symbolic,16399,10.0
symbolic,16408,9.0
symbolic,16419,11.0
symbolic,16428,9.0
symbolic,16437,9.0
symbolic,16445,8.0
symbolic,16453,8.0
symbolic,16462,9.0
symbolic,16471,9.0
symbolic,16480,9.0
symbolic,16488,8.0
symbolic,16497,9.0
symbolic,16506,9.0
symbolic,16516,10.0
symbolic,16525,9.0
symbolic,16533,8.0
symbolic,16542,9.0
symbolic,16551,9.0
symbolic,16561,10.0
symbolic,16569,8.0
symbolic,16578,9.0
symbolic,16587,9.0
symbolic,16597,10.0
symbolic,16606,9.0
symbolic,16616,10.0
symbolic,16625,9.0
symbolic,16633,8.0
symbolic,16642,9.0
symbolic,16651,9.0
symbolic,16659,8.0
symbolic,16668,9.0
symbolic,16678,10.0
symbolic,16686,8.0
symbolic,16695,9.0
symbolic,16704,9.0
symbolic,16713,9.0
symbolic,16721,8.0
symbolic,16730,9.0
symbolic,16739,9.0
symbolic,16747,8.0
symbolic,16756,9.0
symbolic,16764,8.0
symbolic,16773,9.0
symbolic,16782,9.0
symbolic,16791,9.0
symbolic,16800,9.0
symbolic,16808,8.0
symbolic,16817,9.0
symbolic,16826,9.0
symbolic,16835,9.0
symbolic,16844,9.0
symbolic,16853,9.0
symbolic,16861,8.0
symbolic,16870,9.0
symbolic,16879,9.0
symbolic,16887,8.0
symbolic,16895,8.0
symbolic,16905,10.0
symbolic,16913,8.0
symbolic,16921,8.0
symbolic,16929,8.0
symbolic,16938,9.0
symbolic,16948,10.0
symbolic,16958,10.0
symbolic,16967,9.0
symbolic,16976,9.0
symbolic,16987,11.0
symbolic,16996,9.0
symbolic,17004,8.0
symbolic,17014,10.0
symbolic,17023,9.0
symbolic,17032,9.0
symbolic,17040,8.0
symbolic,17049,9.0
symbolic,17059,10.0
symbolic,17067,8.0
symbolic,17076,9.0
symbolic,17085,9.0
symbolic,17094,9.0
symbolic,17104,10.0
symbolic,17114,10.0
symbolic,17122,8.0
symbolic,17131,9.0
symbolic,17140,9.0
symbolic,17149,9.0
symbolic,17159,10.0
symbolic,17168,9.0
symbolic,17177,9.0
symbolic,17186,9.0
symbolic,17195,9.0
symbolic,17203,8.0
symbolic,17212,9.0
symbolic,17222,10.0
symbolic,17230,8.0
symbolic,17238,8.0
symbolic,17248,10.0
symbolic,17256,8.0
symbolic,17265,9.0
symbolic,17273,8.0
symbolic,17281,8.0
symbolic,17290,9.0
symbolic,17298,8.0
symbolic,17308,10.0
symbolic,17317,9.0
symbolic,17327,10.0
symbolic,17336,9.0
symbolic,17345,9.0
symbolic,17354,9.0
symbolic,17364,10.0
symbolic,17374,10.0
symbolic,17383,9.0
symbolic,17393,10.0
symbolic,17402,9.0
symbolic,17411,9.0
symbolic,17420,9.0
symbolic,17430,10.0
symbolic,17440,10.0
symbolic,17449,9.0
symbolic,17457,8.0
symbolic,17465,8.0
symbolic,17474,9.0
symbolic,17483,9.0
symbolic,17492,9.0
symbolic,17501,9.0
symbolic,17510,9.0
symbolic,17519,9.0
symbolic,17528,9.0
symbolic,17537,9.0
symbolic,17546,9.0
symbolic,17555,9.0
symbolic,17564,9.0
symbolic,17574,10.0
symbolic,17584,10.0
symbolic,17592,8.0
symbolic,17600,8.0
symbolic,17608,8.0
symbolic,17617,9.0
symbolic,17625,8.0
symbolic,17634,9.0
symbolic,17642,8.0
symbolic,17651,9.0
symbolic,17661,10.0
symbolic,17670,9.0
symbolic,17678,8.0
symbolic,17688,10.0
symbolic,17697,9.0
symbolic,17707,10.0
symbolic,17716,9.0
symbolic,17726,10.0
symbolic,17735,9.0
symbolic,17744,9.0
symbolic,17752,8.0
symbolic,17761,9.0
symbolic,17769,8.0
symbolic,17778,9.0
symbolic,17787,9.0
symbolic,17797,10.0
symbolic,17806,9.0
symbolic,17816,10.0
symbolic,17826,10.0
symbolic,17836,10.0
symbolic,17847,11.0
symbolic,17856,9.0
symbolic,17864,8.0
symbolic,17873,9.0
symbolic,17882,9.0
symbolic,17891,9.0
symbolic,17900,9.0
symbolic,17908,8.0
symbolic,17916,8.0
symbolic,17926,10.0
symbolic,17935,9.0
symbolic,17944,9.0
symbolic,17953,9.0
symbolic,17963,10.0
symbolic,17972,9.0
symbolic,17981,9.0
symbolic,17989,8.0
symbolic,17999,10.0
symbolic,18007,8.0
symbolic,18016,9.0
symbolic,18024,8.0
symbolic,18032,8.0
symbolic,18041,9.0
symbolic,18050,9.0
symbolic,18059,9.0
symbolic,18067,8.0
symbolic,18076,9.0
symbolic,18084,8.0
symbolic,18093,9.0
symbolic,18103,10.0
symbolic,18112,9.0
symbolic,18121,9.0
symbolic,18130,9.0
symbolic,18138,8.0
symbolic,18147,9.0
symbolic,18156,9.0
symbolic,18165,9.0
symbolic,18174,9.0
symbolic,18183,9.0
symbolic,18192,9.0
symbolic,18202,10.0
symbolic,18210,8.0
symbolic,18219,9.0
symbolic,18227,8.0
symbolic,18236,9.0
symbolic,18245,9.0
symbolic,18254,9.0
symbolic,18262,8.0
symbolic,18271,9.0
symbolic,18280,9.0
symbolic,18289,9.0
symbolic,18298,9.0
symbolic,18307,9.0
symbolic,18315,8.0
symbolic,18324,9.0
symbolic,18333,9.0
symbolic,18342,9.0
symbolic,18350,8.0
symbolic,18359,9.0
symbolic,18367,8.0
symbolic,18376,9.0
symbolic,18385,9.0
symbolic,18393,8.0
symbolic,18402,9.0
symbolic,18411,9.0
symbolic,18420,9.0
symbolic,18429,9.0
symbolic,18439,10.0
symbolic,18448,9.0
symbolic,18457,9.0
symbolic,18466,9.0
symbolic,18475,9.0
symbolic,18484,9.0
symbolic,18493,9.0
symbolic,18502,9.0
symbolic,18513,11.0
symbolic,18522,9.0
symbolic,18531,9.0
symbolic,18539,8.0
symbolic,18548,9.0
symbolic,18557,9.0
symbolic,18567,10.0
symbolic,18576,9.0
symbolic,18586,10.0
symbolic,18594,8.0
symbolic,18602,8.0
symbolic,18611,9.0
symbolic,18619,8.0
symbolic,18628,9.0
symbolic,18637,9.0
symbolic,18646,9.0
symbolic,18655,9.0
symbolic,18664,9.0
symbolic,18673,9.0
symbolic,18683,10.0
symbolic,18691,8.0
symbolic,18702,11.0
symbolic,18711,9.0
symbolic,18720,9.0
symbolic,18729,9.0
symbolic,18738,9.0
symbolic,18747,9.0
symbolic,18756,9.0
symbolic,18765,9.0
symbolic,18774,9.0
symbolic,18783,9.0
symbolic,18793,10.0
symbolic,18803,10.0
symbolic,18812,9.0
symbolic,18821,9.0
symbolic,18830,9.0
symbolic,18839,9.0
symbolic,18849,10.0
symbolic,18858,9.0
symbolic,18867,9.0
symbolic,18876,9.0
symbolic,18885,9.0
symbolic,18895,10.0
symbolic,18904,9.0
symbolic,18912,8.0
symbolic,18921,9.0
symbolic,18930,9.0
symbolic,18939,9.0
symbolic,18948,9.0
symbolic,18957,9.0
symbolic,18966,9.0
symbolic,18975,9.0
symbolic,18984,9.0
symbolic,18993,9.0
symbolic,19001,8.0
symbolic,19010,9.0
symbolic,19019,9.0
symbolic,19027,8.0
symbolic,19036,9.0
symbolic,19044,8.0
symbolic,19052,8.0
symbolic,19062,10.0
symbolic,19071,9.0
symbolic,19080,9.0
symbolic,19089,9.0
symbolic,19098,9.0
symbolic,19107,9.0
symbolic,19116,9.0
symbolic,19126,10.0
symbolic,19135,9.0
symbolic,19144,9.0
symbolic,19153,9.0
symbolic,19162,9.0
symbolic,19171,9.0
symbolic,19179,8.0
symbolic,19188,9.0
symbolic,19197,9.0
symbolic,19205,8.0
symbolic,19214,9.0
symbolic,19223,9.0
symbolic,19232,9.0
symbolic,19241,9.0
symbolic,19250,9.0
symbolic,19259,9.0
symbolic,19268,9.0
symbolic,19277,9.0
symbolic,19287,10.0
symbolic,19296,9.0
symbolic,19305,9.0
symbolic,19314,9.0
symbolic,19323,9.0
symbolic,19332,9.0
symbolic,19341,9.0
symbolic,19350,9.0
symbolic,19359,9.0
symbolic,19368,9.0
symbolic,19378,10.0
symbolic,19386,8.0
symbolic,19395,9.0
symbolic,19404,9.0
symbolic,19414,10.0
symbolic,19423,9.0
symbolic,19432,9.0
symbolic,19440,8.0
symbolic,19449,9.0
symbolic,19458,9.0
symbolic,19467,9.0
symbolic,19476,9.0
symbolic,19485,9.0
symbolic,19494,9.0
symbolic,19503,9.0
symbolic,19512,9.0
symbolic,19521,9.0
symbolic,19530,9.0
symbolic,19538,8.0
symbolic,19548,10.0
symbolic,19557,9.0
symbolic,19565,8.0
symbolic,19574,9.0
symbolic,19583,9.0
symbolic,19592,9.0
symbolic,19600,8.0
symbolic,19608,8.0
symbolic,19616,8.0
symbolic,19625,9.0
symbolic,19634,9.0
symbolic,19643,9.0
symbolic,19652,9.0
symbolic,19660,8.0
symbolic,19669,9.0
symbolic,19678,9.0
symbolic,19687,9.0
symbolic,19696,9.0
symbolic,19705,9.0
symbolic,19713,8.0
symbolic,19722,9.0
symbolic,19731,9.0
symbolic,19739,8.0
symbolic,19748,9.0
symbolic,19758,10.0
symbolic,19767,9.0
symbolic,19776,9.0
symbolic,19784,8.0
symbolic,19793,9.0
symbolic,19802,9.0
symbolic,19810,8.0
symbolic,19818,8.0
symbolic,19828,10.0
symbolic,19836,8.0
symbolic,19845,9.0
symbolic,19854,9.0
symbolic,19863,9.0
symbolic,19872,9.0
symbolic,19880,8.0
symbolic,19889,9.0
symbolic,19897,8.0
symbolic,19906,9.0
symbolic,19916,10.0
symbolic,19925,9.0
symbolic,19934,9.0
symbolic,19942,8.0
symbolic,19951,9.0
symbolic,19959,8.0
symbolic,19968,9.0
symbolic,19977,9.0
symbolic,19986,9.0
symbolic,19995,9.0
symbolic,20004,9.0
symbolic,20013,9.0
symbolic,20021,8.0
symbolic,20029,8.0
symbolic,20039,10.0
symbolic,20048,9.0
symbolic,20056,8.0
symbolic,20066,10.0
symbolic,20075,9.0
symbolic,20084,9.0
symbolic,20093,9.0
symbolic,20102,9.0
symbolic,20110,8.0
symbolic,20119,9.0
symbolic,20127,8.0
symbolic,20136,9.0
symbolic,20145,9.0
symbolic,20153,8.0
symbolic,20162,9.0
symbolic,20170,8.0
symbolic,20178,8.0
symbolic,20186,8.0
symbolic,20196,10.0
symbolic,20204,8.0
symbolic,20212,8.0
symbolic,20221,9.0
symbolic,20230,9.0
symbolic,20239,9.0
symbolic,20249,10.0
symbolic,20258,9.0
symbolic,20267,9.0
symbolic,20276,9.0
symbolic,20285,9.0
symbolic,20294,9.0
symbolic,20304,10.0
symbolic,20312,8.0
symbolic,20320,8.0
symbolic,20329,9.0
symbolic,20337,8.0
symbolic,20347,10.0
symbolic,20356,9.0
symbolic,20365,9.0
symbolic,20374,9.0
symbolic,20383,9.0
symbolic,20392,9.0
symbolic,20401,9.0
symbolic,20410,9.0
symbolic,20420,10.0
symbolic,20429,9.0
symbolic,20437,8.0
symbolic,20446,9.0
symbolic,20456,10.0
symbolic,20464,8.0
symbolic,20473,9.0
symbolic,20481,8.0
symbolic,20490,9.0
symbolic,20499,9.0
symbolic,20508,9.0
symbolic,20517,9.0
symbolic,20526,9.0
symbolic,20534,8.0
symbolic,20542,8.0
symbolic,20552,10.0
symbolic,20561,9.0
symbolic,20569,8.0
symbolic,20577,8.0
symbolic,20587,10.0
symbolic,20596,9.0
symbolic,20605,9.0
symbolic,20614,9.0
symbolic,20623,9.0
symbolic,20632,9.0
symbolic,20640,8.0
symbolic,20649,9.0
symbolic,20658,9.0
symbolic,20667,9.0
symbolic,20676,9.0
symbolic,20686,10.0
symbolic,20695,9.0
symbolic,20704,9.0
symbolic,20713,9.0
symbolic,20722,9.0
symbolic,20731,9.0
symbolic,20740,9.0
symbolic,20748,8.0
symbolic,20757,9.0
symbolic,20766,9.0
symbolic,20774,8.0
symbolic,20783,9.0
symbolic,20792,9.0
symbolic,20800,8.0
symbolic,20809,9.0
symbolic,20818,9.0
symbolic,20827,9.0
symbolic,20835,8.0
symbolic,20843,8.0
symbolic,20851,8.0
symbolic,20859,8.0
symbolic,20868,9.0
symbolic,20876,8.0
symbolic,20885,9.0
symbolic,20894,9.0
symbolic,20905,11.0
symbolic,20914,9.0
symbolic,20922,8.0
symbolic,20930,8.0
symbolic,20939,9.0
symbolic,20947,8.0
symbolic,20955,8.0
symbolic,20963,8.0
symbolic,20972,9.0
symbolic,20981,9.0
symbolic,20990,9.0
symbolic,20999,9.0
symbolic,21008,9.0
symbolic,21017,9.0
symbolic,21025,8.0
symbolic,21034,9.0
symbolic,21043,9.0
symbolic,21052,9.0
symbolic,21061,9.0
symbolic,21070,9.0
symbolic,21079,9.0
symbolic,21088,9.0
symbolic,21096,8.0
symbolic,21104,8.0
symbolic,21112,8.0
symbolic,21121,9.0
symbolic,21129,8.0
symbolic,21138,9.0
symbolic,21147,9.0
symbolic,21156,9.0
symbolic,21164,8.0
symbolic,21172,8.0
symbolic,21181,9.0
symbolic,21189,8.0
symbolic,21198,9.0
symbolic,21208,10.0
symbolic,21216,8.0
symbolic,21224,8.0
symbolic,21233,9.0
symbolic,21242,9.0
symbolic,21251,9.0
symbolic,21259,8.0
symbolic,21268,9.0
symbolic,21277,9.0
symbolic,21285,8.0
symbolic,21294,9.0
symbolic,21302,8.0
symbolic,21310,8.0
symbolic,21318,8.0
symbolic,21326,8.0
symbolic,21335,9.0
symbolic,21343,8.0
symbolic,21352,9.0
symbolic,21361,9.0
symbolic,21370,9.0
symbolic,21379,9.0
symbolic,21388,9.0
symbolic,21397,9.0
symbolic,21406,9.0
symbolic,21415,9.0
symbolic,21424,9.0
symbolic,21433,9.0
symbolic,21442,9.0
symbolic,21451,9.0
symbolic,21460,9.0
symbolic,21469,9.0
symbolic,21478,9.0
symbolic,21487,9.0
symbolic,21496,9.0
symbolic,21505,9.0
symbolic,21513,8.0
symbolic,21521,8.0
symbolic,21530,9.0
symbolic,21540,10.0
symbolic,21549,9.0
symbolic,21559,10.0
symbolic,21567,8.0
symbolic,21577,10.0
symbolic,21586,9.0
symbolic,21595,9.0
symbolic,21604,9.0
symbolic,21613,9.0
symbolic,21622,9.0
symbolic,21631,9.0
symbolic,21640,9.0
symbolic,21649,9.0
symbolic,21658,9.0
symbolic,21667,9.0
symbolic,21675,8.0
symbolic,21683,8.0
symbolic,21692,9.0
symbolic,21701,9.0
symbolic,21710,9.0
symbolic,21718,8.0
symbolic,21726,8.0
symbolic,21735,9.0
symbolic,21744,9.0
symbolic,21752,8.0
symbolic,21761,9.0
symbolic,21770,9.0
symbolic,21779,9.0
symbolic,21788,9.0
symbolic,21796,8.0
symbolic,21805,9.0
symbolic,21814,9.0
symbolic,21822,8.0
symbolic,21831,9.0
symbolic,21840,9.0
symbolic,21848,8.0
symbolic,21857,9.0
symbolic,21866,9.0
symbolic,21875,9.0
symbolic,21884,9.0
symbolic,21896,12.0
symbolic,21906,10.0
symbolic,21914,8.0
symbolic,21924,10.0
symbolic,21933,9.0
symbolic,21942,9.0
symbolic,21951,9.0
symbolic,21960,9.0
symbolic,21969,9.0
symbolic,21978,9.0
symbolic,21986,8.0
symbolic,21994,8.0
symbolic,22003,9.0
symbolic,22011,8.0
symbolic,22019,8.0
symbolic,22028,9.0
symbolic,22037,9.0
symbolic,22046,9.0
symbolic,22055,9.0
symbolic,22064,9.0
symbolic,22073,9.0
symbolic,22082,9.0
symbolic,22090,8.0
symbolic,22099,9.0
symbolic,22107,8.0
symbolic,22116,9.0
symbolic,22125,9.0
symbolic,22133,8.0
symbolic,22142,9.0
symbolic,22151,9.0
symbolic,22160,9.0
symbolic,22169,9.0
symbolic,22178,9.0
symbolic,22187,9.0
symbolic,22196,9.0
symbolic,22205,9.0
symbolic,22213,8.0
symbolic,22222,9.0
symbolic,22231,9.0
symbolic,22240,9.0
symbolic,22249,9.0
symbolic,22258,9.0
symbolic,22267,9.0
symbolic,22276,9.0
symbolic,22285,9.0
symbolic,22293,8.0
symbolic,22302,9.0
symbolic,22312,10.0
symbolic,22321,9.0
symbolic,22329,8.0
symbolic,22338,9.0
symbolic,22347,9.0
symbolic,22357,10.0
symbolic,22366,9.0
symbolic,22375,9.0
symbolic,22384,9.0
symbolic,22392,8.0
symbolic,22401,9.0
symbolic,22409,8.0
symbolic,22419,10.0
symbolic,22428,9.0
symbolic,22436,8.0
symbolic,22445,9.0
symbolic,22453,8.0
symbolic,22462,9.0
symbolic,22471,9.0
symbolic,22480,9.0
symbolic,22489,9.0
symbolic,22498,9.0
symbolic,22507,9.0
symbolic,22517,10.0
symbolic,22526,9.0
symbolic,22535,9.0
symbolic,22545,10.0
symbolic,22554,9.0
symbolic,22562,8.0
symbolic,22572,10.0
symbolic,22581,9.0
symbolic,22590,9.0
symbolic,22600,10.0
symbolic,22608,8.0
symbolic,22617,9.0
symbolic,22625,8.0
symbolic,22634,9.0
symbolic,22643,9.0
symbolic,22652,9.0
symbolic,22662,10.0
symbolic,22671,9.0
symbolic,22680,9.0
symbolic,22688,8.0
symbolic,22697,9.0
symbolic,22705,8.0
symbolic,22715,10.0
symbolic,22723,8.0
symbolic,22732,9.0
symbolic,22741,9.0
symbolic,22749,8.0
symbolic,22759,10.0
symbolic,22769,10.0
symbolic,22778,9.0
symbolic,22787,9.0
symbolic,22796,9.0
symbolic,22806,10.0
symbolic,22814,8.0
symbolic,22823,9.0
symbolic,22832,9.0
symbolic,22841,9.0
symbolic,22850,9.0
symbolic,22860,10.0
symbolic,22870,10.0
symbolic,22878,8.0
symbolic,22888,10.0
symbolic,22896,8.0
symbolic,22906,10.0
symbolic,22914,8.0
symbolic,22922,8.0
symbolic,22930,8.0
symbolic,22938,8.0
symbolic,22946,8.0
symbolic,22955,9.0
symbolic,22964,9.0
symbolic,22973,9.0
symbolic,22981,8.0
symbolic,22990,9.0
symbolic,22999,9.0
symbolic,23008,9.0
symbolic,23017,9.0
symbolic,23026,9.0
symbolic,23035,9.0
symbolic,23044,9.0
symbolic,23053,9.0
symbolic,23061,8.0
symbolic,23070,9.0
symbolic,23078,8.0
symbolic,23087,9.0
symbolic,23097,10.0
symbolic,23105,8.0
symbolic,23114,9.0
symbolic,23123,9.0
symbolic,23132,9.0
symbolic,23141,9.0
symbolic,23150,9.0
symbolic,23159,9.0
symbolic,23168,9.0
symbolic,23176,8.0
symbolic,23184,8.0
symbolic,23193,9.0
symbolic,23202,9.0
symbolic,23210,8.0
symbolic,23219,9.0
symbolic,23227,8.0
symbolic,23235,8.0
symbolic,23244,9.0
symbolic,23255,11.0
symbolic,23263,8.0
symbolic,23272,9.0
symbolic,23281,9.0
symbolic,23290,9.0
symbolic,23299,9.0
symbolic,23308,9.0
symbolic,23317,9.0
symbolic,23326,9.0
symbolic,23335,9.0
symbolic,23347,12.0
symbolic,23355,8.0
symbolic,23364,9.0
symbolic,23372,8.0
symbolic,23381,9.0
symbolic,23389,8.0
symbolic,23398,9.0
symbolic,23406,8.0
symbolic,23416,10.0
symbolic,23425,9.0
symbolic,23435,10.0
symbolic,23444,9.0
symbolic,23453,9.0
symbolic,23462,9.0
symbolic,23470,8.0
symbolic,23478,8.0
symbolic,23486,8.0
symbolic,23495,9.0
symbolic,23504,9.0
symbolic,23513,9.0
symbolic,23522,9.0
symbolic,23530,8.0
symbolic,23538,8.0
symbolic,23547,9.0
symbolic,23556,9.0
symbolic,23565,9.0
symbolic,23574,9.0
symbolic,23583,9.0
symbolic,23592,9.0
symbolic,23600,8.0
symbolic,23609,9.0
symbolic,23618,9.0
symbolic,23627,9.0
symbolic,23636,9.0
symbolic,23644,8.0
symbolic,23652,8.0
symbolic,23661,9.0
symbolic,23670,9.0
symbolic,23679,9.0
symbolic,23688,9.0
symbolic,23697,9.0
symbolic,23706,9.0
symbolic,23715,9.0
symbolic,23725,10.0
symbolic,23734,9.0
symbolic,23742,8.0
symbolic,23751,9.0
symbolic,23760,9.0
symbolic,23769,9.0
symbolic,23778,9.0
symbolic,23787,9.0
symbolic,23796,9.0
symbolic,23805,9.0
symbolic,23814,9.0
symbolic,23822,8.0
symbolic,23830,8.0
symbolic,23839,9.0
symbolic,23848,9.0
symbolic,23856,8.0
symbolic,23864,8.0
symbolic,23872,8.0
symbolic,23881,9.0
symbolic,23889,8.0
symbolic,23898,9.0
symbolic,23907,9.0
symbolic,23916,9.0
symbolic,23925,9.0
symbolic,23934,9.0
symbolic,23943,9.0
symbolic,23951,8.0
symbolic,23960,9.0
symbolic,23969,9.0
symbolic,23978,9.0
symbolic,23986,8.0
symbolic,23995,9.0
symbolic,24004,9.0
symbolic,24014,10.0
symbolic,24023,9.0
symbolic,24031,8.0
symbolic,24040,9.0
symbolic,24049,9.0
symbolic,24060,11.0
symbolic,24069,9.0
symbolic,24078,9.0
symbolic,24088,10.0
symbolic,24097,9.0
symbolic,24107,10.0
symbolic,24116,9.0
symbolic,24125,9.0
symbolic,24134,9.0
symbolic,24143,9.0
symbolic,24152,9.0
symbolic,24161,9.0
symbolic,24170,9.0
symbolic,24179,9.0
symbolic,24188,9.0
symbolic,24197,9.0
symbolic,24207,10.0
symbolic,24217,10.0
symbolic,24226,9.0
symbolic,24235,9.0
symbolic,24244,9.0
symbolic,24253,9.0
symbolic,24262,9.0
symbolic,24272,10.0
symbolic,24280,8.0
symbolic,24289,9.0
symbolic,24298,9.0
symbolic,24306,8.0
symbolic,24315,9.0
symbolic,24324,9.0
symbolic,24333,9.0
symbolic,24342,9.0
symbolic,24351,9.0
symbolic,24359,8.0
symbolic,24368,9.0
symbolic,24377,9.0
symbolic,24386,9.0
symbolic,24395,9.0
symbolic,24405,10.0
symbolic,24414,9.0
symbolic,24423,9.0
symbolic,24431,8.0
symbolic,24441,10.0
symbolic,24450,9.0
symbolic,24458,8.0
symbolic,24466,8.0
symbolic,24476,10.0
symbolic,24485,9.0
symbolic,24495,10.0
symbolic,24504,9.0
symbolic,24513,9.0
symbolic,24521,8.0
symbolic,24530,9.0
symbolic,24540,10.0
symbolic,24548,8.0
symbolic,24558,10.0
symbolic,24567,9.0
symbolic,24576,9.0
symbolic,24585,9.0
symbolic,24593,8.0
symbolic,24603,10.0
symbolic,24611,8.0
symbolic,24620,9.0
symbolic,24629,9.0
symbolic,24637,8.0
symbolic,24646,9.0
symbolic,24655,9.0
symbolic,24664,9.0
symbolic,24674,10.0
symbolic,24683,9.0
symbolic,24692,9.0
symbolic,24701,9.0
symbolic,24710,9.0
symbolic,24718,8.0
symbolic,24726,8.0
symbolic,24735,9.0
symbolic,24743,8.0
symbolic,24752,9.0
symbolic,24761,9.0
symbolic,24771,10.0
symbolic,24781,10.0
symbolic,24790,9.0
symbolic,24799,9.0
symbolic,24807,8.0
symbolic,24815,8.0
symbolic,24824,9.0
symbolic,24833,9.0
symbolic,24841,8.0
symbolic,24850,9.0
symbolic,24859,9.0
symbolic,24868,9.0
symbolic,24876,8.0
symbolic,24884,8.0
symbolic,24893,9.0
symbolic,24902,9.0
symbolic,24910,8.0
symbolic,24918,8.0
symbolic,24927,9.0
symbolic,24936,9.0
symbolic,24944,8.0
symbolic,24953,9.0
symbolic,24962,9.0
symbolic,24971,9.0
symbolic,24980,9.0
symbolic,24988,8.0
symbolic,24997,9.0
symbolic,25007,10.0
symbolic,25016,9.0
symbolic,25024,8.0
symbolic,25034,10.0
symbolic,25044,10.0
symbolic,25054,10.0
symbolic,25063,9.0
symbolic,25072,9.0
symbolic,25081,9.0
symbolic,25090,9.0
symbolic,25100,10.0
symbolic,25109,9.0
symbolic,25118,9.0
symbolic,25127,9.0
symbolic,25135,8.0
symbolic,25145,10.0
symbolic,25155,10.0
symbolic,25165,10.0
symbolic,25173,8.0
symbolic,25182,9.0
symbolic,25191,9.0
symbolic,25199,8.0
symbolic,25208,9.0
symbolic,25217,9.0
symbolic,25225,8.0
symbolic,25234,9.0
symbolic,25243,9.0
symbolic,25252,9.0
symbolic,25260,8.0
symbolic,25269,9.0
symbolic,25277,8.0
symbolic,25285,8.0
symbolic,25293,8.0
symbolic,25302,9.0
symbolic,25311,9.0
symbolic,25321,10.0
symbolic,25330,9.0
symbolic,25340,10.0
symbolic,25349,9.0
symbolic,25358,9.0
symbolic,25367,9.0
symbolic,25377,10.0
symbolic,25385,8.0
symbolic,25394,9.0
symbolic,25404,10.0
symbolic,25415,11.0
symbolic,25425,10.0
symbolic,25433,8.0
symbolic,25442,9.0
symbolic,25451,9.0
symbolic,25460,9.0
symbolic,25469,9.0
symbolic,25477,8.0
symbolic,25487,10.0
symbolic,25496,9.0
symbolic,25505,9.0
symbolic,25514,9.0
symbolic,25524,10.0
symbolic,25534,10.0
symbolic,25542,8.0
symbolic,25550,8.0
symbolic,25558,8.0
symbolic,25567,9.0
symbolic,25576,9.0
symbolic,25587,11.0
symbolic,25597,10.0
symbolic,25606,9.0
symbolic,25615,9.0
symbolic,25625,10.0
symbolic,25634,9.0
symbolic,25643,9.0
symbolic,25652,9.0
symbolic,25663,11.0
symbolic,25671,8.0
symbolic,25680,9.0
symbolic,25689,9.0
symbolic,25699,10.0
symbolic,25707,8.0
symbolic,25716,9.0
symbolic,25725,9.0
symbolic,25734,9.0
symbolic,25743,9.0
symbolic,25753,10.0
symbolic,25762,9.0
symbolic,25771,9.0
symbolic,25781,10.0
symbolic,25790,9.0
symbolic,25800,10.0
symbolic,25808,8.0
symbolic,25816,8.0
symbolic,25824,8.0
symbolic,25833,9.0
symbolic,25842,9.0
symbolic,25850,8.0
symbolic,25859,9.0
symbolic,25867,8.0
symbolic,25875,8.0
symbolic,25884,9.0
symbolic,25893,9.0
symbolic,25902,9.0
symbolic,25912,10.0
symbolic,25920,8.0
symbolic,25930,10.0
symbolic,25939,9.0
symbolic,25948,9.0
symbolic,25957,9.0
symbolic,25965,8.0
symbolic,25974,9.0
symbolic,25983,9.0
symbolic,25992,9.0
symbolic,26001,9.0
symbolic,26011,10.0
symbolic,26021,10.0
symbolic,26029,8.0
symbolic,26038,9.0
symbolic,26047,9.0
symbolic,26056,9.0
symbolic,26064,8.0
symbolic,26073,9.0
symbolic,26081,8.0
symbolic,26091,10.0
symbolic,26100,9.0
symbolic,26110,10.0
symbolic,26119,9.0
symbolic,26128,9.0
symbolic,26137,9.0
symbolic,26145,8.0
symbolic,26154,9.0
symbolic,26163,9.0
symbolic,26172,9.0
symbolic,26180,8.0
symbolic,26189,9.0
symbolic,26198,9.0
symbolic,26207,9.0
symbolic,26215,8.0
symbolic,26224,9.0
symbolic,26232,8.0
symbolic,26243,11.0
symbolic,26251,8.0
symbolic,26260,9.0
symbolic,26269,9.0
symbolic,26278,9.0
symbolic,26286,8.0
symbolic,26295,9.0
symbolic,26303,8.0
symbolic,26312,9.0
symbolic,26322,10.0
symbolic,26331,9.0
symbolic,26340,9.0
symbolic,26349,9.0
symbolic,26357,8.0
symbolic,26366,9.0
symbolic,26375,9.0
symbolic,26384,9.0
symbolic,26393,9.0
symbolic,26402,9.0
symbolic,26411,9.0
symbolic,26420,9.0
symbolic,26429,9.0
symbolic,26438,9.0
symbolic,26446,8.0
symbolic,26455,9.0
symbolic,26464,9.0
symbolic,26473,9.0
symbolic,26481,8.0
symbolic,26490,9.0
symbolic,26499,9.0
symbolic,26509,10.0
symbolic,26518,9.0
symbolic,26526,8.0
symbolic,26535,9.0
symbolic,26544,9.0
symbolic,26552,8.0
symbolic,26561,9.0
symbolic,26569,8.0
symbolic,26577,8.0
symbolic,26589,12.0
symbolic,26599,10.0
symbolic,26608,9.0
symbolic,26617,9.0
symbolic,26625,8.0
symbolic,26634,9.0
symbolic,26643,9.0
symbolic,26652,9.0
symbolic,26662,10.0
symbolic,26671,9.0
symbolic,26679,8.0
symbolic,26688,9.0
symbolic,26696,8.0
symbolic,26707,11.0
symbolic,26716,9.0
symbolic,26725,9.0
symbolic,26734,9.0
symbolic,26742,8.0
symbolic,26751,9.0
symbolic,26759,8.0
symbolic,26767,8.0
symbolic,26777,10.0
symbolic,26786,9.0
symbolic,26795,9.0
symbolic,26804,9.0
symbolic,26814,10.0
symbolic,26822,8.0
symbolic,26831,9.0
symbolic,26840,9.0
symbolic,26849,9.0
symbolic,26858,9.0
symbolic,26867,9.0
symbolic,26876,9.0
symbolic,26885,9.0
symbolic,26894,9.0
symbolic,26903,9.0
symbolic,26913,10.0
symbolic,26922,9.0
symbolic,26930,8.0
symbolic,26938,8.0
symbolic,26947,9.0
symbolic,26956,9.0
symbolic,26966,10.0
symbolic,26974,8.0
symbolic,26982,8.0
symbolic,26991,9.0
symbolic,27000,9.0
symbolic,27010,10.0
symbolic,27019,9.0
symbolic,27028,9.0
symbolic,27038,10.0
symbolic,27047,9.0
symbolic,27056,9.0
symbolic,27065,9.0
symbolic,27073,8.0
symbolic,27082,9.0
symbolic,27091,9.0
symbolic,27099,8.0
symbolic,27108,9.0
symbolic,27117,9.0
symbolic,27125,8.0
symbolic,27133,8.0
symbolic,27142,9.0
symbolic,27152,10.0
symbolic,27161,9.0
symbolic,27169,8.0
symbolic,27178,9.0
symbolic,27188,10.0
symbolic,27196,8.0
symbolic,27204,8.0
symbolic,27213,9.0
symbolic,27222,9.0
symbolic,27231,9.0
symbolic,27240,9.0
symbolic,27248,8.0
symbolic,27258,10.0
symbolic,27268,10.0
symbolic,27277,9.0
symbolic,27285,8.0
symbolic,27294,9.0
symbolic,27303,9.0
symbolic,27313,10.0
symbolic,27321,8.0
symbolic,27330,9.0
symbolic,27339,9.0
symbolic,27349,10.0
symbolic,27357,8.0
symbolic,27366,9.0
symbolic,27374,8.0
symbolic,27385,11.0
symbolic,27394,9.0
symbolic,27403,9.0
symbolic,27411,8.0
symbolic,27420,9.0
symbolic,27429,9.0
symbolic,27438,9.0
symbolic,27447,9.0
symbolic,27456,9.0
symbolic,27465,9.0
symbolic,27474,9.0
symbolic,27483,9.0
symbolic,27492,9.0
symbolic,27501,9.0
symbolic,27510,9.0
symbolic,27519,9.0
symbolic,27527,8.0
symbolic,27536,9.0
symbolic,27544,8.0
symbolic,27553,9.0
symbolic,27562,9.0
symbolic,27571,9.0
symbolic,27580,9.0
symbolic,27589,9.0
symbolic,27597,8.0
symbolic,27606,9.0
symbolic,27615,9.0
symbolic,27624,9.0
symbolic,27632,8.0
symbolic,27641,9.0
symbolic,27650,9.0
symbolic,27659,9.0
symbolic,27668,9.0
symbolic,27677,9.0
symbolic,27687,10.0
symbolic,27696,9.0
symbolic,27704,8.0
symbolic,27714,10.0
symbolic,27722,8.0
symbolic,27731,9.0
symbolic,27739,8.0
symbolic,27748,9.0
symbolic,27757,9.0
symbolic,27766,9.0
symbolic,27775,9.0
symbolic,27783,8.0
symbolic,27792,9.0
symbolic,27801,9.0
symbolic,27809,8.0
symbolic,27818,9.0
symbolic,27826,8.0
symbolic,27835,9.0
symbolic,27844,9.0
symbolic,27852,8.0
symbolic,27861,9.0
symbolic,27869,8.0
symbolic,27877,8.0
symbolic,27886,9.0
symbolic,27894,8.0
symbolic,27903,9.0
symbolic,27912,9.0
symbolic,27920,8.0
symbolic,27928,8.0
symbolic,27937,9.0
symbolic,27945,8.0
symbolic,27954,9.0
symbolic,27962,8.0
symbolic,27972,10.0
symbolic,27980,8.0
symbolic,27989,9.0
symbolic,27998,9.0
symbolic,28007,9.0
symbolic,28017,10.0
symbolic,28025,8.0
symbolic,28034,9.0
symbolic,28044,10.0
symbolic,28053,9.0
symbolic,28062,9.0
symbolic,28071,9.0
symbolic,28080,9.0
symbolic,28089,9.0
symbolic,28098,9.0
symbolic,28107,9.0
symbolic,28116,9.0
symbolic,28125,9.0
symbolic,28134,9.0
symbolic,28142,8.0
symbolic,28150,8.0
symbolic,28159,9.0
symbolic,28168,9.0
symbolic,28178,10.0
symbolic,28186,8.0
symbolic,28194,8.0
symbolic,28203,9.0
symbolic,28211,8.0
symbolic,28221,10.0
symbolic,28229,8.0
symbolic,28238,9.0
symbolic,28247,9.0
symbolic,28255,8.0
symbolic,28264,9.0
symbolic,28273,9.0
symbolic,28282,9.0
symbolic,28291,9.0
symbolic,28300,9.0
symbolic,28308,8.0
symbolic,28317,9.0
symbolic,28325,8.0
symbolic,28335,10.0
symbolic,28344,9.0
symbolic,28353,9.0
symbolic,28362,9.0
symbolic,28371,9.0
symbolic,28380,9.0
symbolic,28390,10.0
symbolic,28399,9.0
symbolic,28408,9.0
symbolic,28417,9.0
symbolic,28425,8.0
symbolic,28435,10.0
symbolic,28445,10.0
symbolic,28453,8.0
symbolic,28462,9.0
symbolic,28471,9.0
symbolic,28480,9.0
symbolic,28490,10.0
symbolic,28499,9.0
symbolic,28509,10.0
symbolic,28517,8.0
symbolic,28526,9.0
symbolic,28535,9.0
symbolic,28544,9.0
symbolic,28553,9.0
symbolic,28561,8.0
symbolic,28570,9.0
symbolic,28579,9.0
symbolic,28588,9.0
symbolic,28596,8.0
symbolic,28605,9.0
symbolic,28614,9.0
symbolic,28623,9.0
symbolic,28632,9.0
symbolic,28641,9.0
symbolic,28649,8.0
symbolic,28658,9.0
symbolic,28667,9.0
symbolic,28676,9.0
symbolic,28685,9.0
symbolic,28693,8.0
symbolic,28702,9.0
symbolic,28710,8.0
symbolic,28719,9.0
symbolic,28727,8.0
symbolic,28736,9.0
symbolic,28744,8.0
symbolic,28753,9.0
symbolic,28762,9.0
symbolic,28772,10.0
symbolic,28781,9.0
symbolic,28790,9.0
symbolic,28799,9.0
symbolic,28808,9.0
symbolic,28818,10.0
symbolic,28827,9.0
symbolic,28836,9.0
symbolic,28845,9.0
symbolic,28855,10.0
symbolic,28864,9.0
symbolic,28872,8.0
symbolic,28881,9.0
symbolic,28890,9.0
symbolic,28898,8.0
symbolic,28906,8.0
symbolic,28915,9.0
symbolic,28924,9.0
symbolic,28933,9.0
symbolic,28942,9.0
symbolic,28951,9.0
symbolic,28960,9.0
symbolic,28969,9.0
symbolic,28978,9.0
symbolic,28986,8.0
symbolic,28995,9.0
symbolic,29003,8.0
symbolic,29012,9.0
symbolic,29021,9.0
symbolic,29030,9.0
symbolic,29039,9.0
symbolic,29048,9.0
symbolic,29057,9.0
symbolic,29066,9.0
symbolic,29075,9.0
symbolic,29083,8.0
symbolic,29092,9.0
symbolic,29104,12.0
symbolic,29113,9.0
symbolic,29122,9.0
symbolic,29131,9.0
symbolic,29140,9.0
symbolic,29149,9.0
symbolic,29158,9.0
symbolic,29167,9.0
symbolic,29175,8.0
symbolic,29184,9.0
symbolic,29193,9.0
symbolic,29202,9.0
symbolic,29211,9.0
symbolic,29220,9.0
symbolic,29229,9.0
symbolic,29237,8.0
symbolic,29246,9.0
symbolic,29255,9.0
symbolic,29264,9.0
symbolic,29273,9.0
symbolic,29282,9.0
symbolic,29291,9.0
symbolic,29300,9.0
symbolic,29309,9.0
symbolic,29317,8.0
symbolic,29326,9.0
symbolic,29334,8.0
symbolic,29343,9.0
symbolic,29352,9.0
symbolic,29361,9.0
symbolic,29370,9.0
symbolic,29379,9.0
symbolic,29388,9.0
symbolic,29397,9.0
symbolic,29405,8.0
symbolic,29414,9.0
symbolic,29423,9.0
symbolic,29432,9.0
symbolic,29441,9.0
symbolic,29449,8.0
symbolic,29458,9.0
symbolic,29466,8.0
symbolic,29475,9.0
symbolic,29484,9.0
symbolic,29493,9.0
symbolic,29502,9.0
symbolic,29510,8.0
symbolic,29519,9.0
symbolic,29529,10.0
symbolic,29538,9.0
symbolic,29547,9.0
symbolic,29556,9.0
symbolic,29565,9.0
symbolic,29574,9.0
symbolic,29584,10.0
symbolic,29593,9.0
symbolic,29603,10.0
symbolic,29612,9.0
symbolic,29620,8.0
symbolic,29629,9.0
symbolic,29637,8.0
symbolic,29646,9.0
symbolic,29655,9.0
symbolic,29667,12.0
symbolic,29676,9.0
symbolic,29685,9.0
symbolic,29694,9.0
symbolic,29703,9.0
symbolic,29711,8.0
symbolic,29720,9.0
symbolic,29729,9.0
symbolic,29738,9.0
symbolic,29747,9.0
symbolic,29755,8.0
symbolic,29764,9.0
symbolic,29772,8.0
symbolic,29781,9.0
symbolic,29789,8.0
symbolic,29798,9.0
symbolic,29806,8.0
symbolic,29815,9.0
symbolic,29824,9.0
symbolic,29833,9.0
symbolic,29841,8.0
symbolic,29849,8.0
symbolic,29857,8.0
symbolic,29867,10.0
symbolic,29876,9.0
symbolic,29885,9.0
symbolic,29893,8.0
symbolic,29902,9.0
symbolic,29911,9.0
symbolic,29919,8.0
symbolic,29928,9.0
symbolic,29936,8.0
symbolic,29945,9.0
symbolic,29954,9.0
symbolic,29963,9.0
symbolic,29973,10.0
symbolic,29983,10.0
symbolic,29992,9.0
symbolic,30001,9.0
symbolic,30009,8.0
symbolic,30018,9.0
symbolic,30027,9.0
symbolic,30036,9.0
symbolic,30045,9.0
symbolic,30054,9.0
symbolic,30062,8.0
symbolic,30071,9.0
symbolic,30080,9.0
symbolic,30089,9.0
symbolic,30097,8.0
symbolic,30106,9.0
symbolic,30115,9.0
symbolic,30124,9.0
symbolic,30133,9.0
symbolic,30142,9.0
symbolic,30152,10.0
symbolic,30160,8.0
symbolic,30170,10.0
symbolic,30179,9.0
symbolic,30188,9.0
symbolic,30197,9.0
symbolic,30206,9.0
symbolic,30214,8.0
symbolic,30223,9.0
symbolic,30232,9.0
symbolic,30241,9.0
symbolic,30250,9.0
symbolic,30258,8.0
symbolic,30268,10.0
symbolic,30277,9.0
symbolic,30286,9.0
symbolic,30295,9.0
symbolic,30303,8.0
symbolic,30312,9.0
symbolic,30321,9.0
symbolic,30330,9.0
symbolic,30338,8.0
symbolic,30347,9.0
symbolic,30356,9.0
symbolic,30366,10.0
symbolic,30374,8.0
symbolic,30383,9.0
symbolic,30392,9.0
symbolic,30401,9.0
symbolic,30410,9.0
symbolic,30419,9.0
symbolic,30427,8.0
symbolic,30436,9.0
symbolic,30444,8.0
symbolic,30452,8.0
symbolic,30461,9.0
symbolic,30470,9.0
symbolic,30479,9.0
symbolic,30488,9.0
symbolic,30497,9.0
symbolic,30506,9.0
symbolic,30515,9.0
symbolic,30523,8.0
symbolic,30532,9.0
symbolic,30540,8.0
symbolic,30549,9.0
symbolic,30557,8.0
symbolic,30565,8.0
symbolic,30574,9.0
symbolic,30583,9.0
symbolic,30591,8.0
symbolic,30599,8.0
symbolic,30608,9.0
symbolic,30617,9.0
symbolic,30626,9.0
symbolic,30635,9.0
symbolic,30645,10.0
symbolic,30654,9.0
symbolic,30662,8.0
symbolic,30671,9.0
symbolic,30680,9.0
symbolic,30689,9.0
symbolic,30698,9.0
symbolic,30706,8.0
symbolic,30715,9.0
symbolic,30723,8.0
symbolic,30732,9.0
symbolic,30741,9.0
symbolic,30749,8.0
symbolic,30758,9.0
symbolic,30767,9.0
symbolic,30775,8.0
symbolic,30786,11.0
symbolic,30795,9.0
symbolic,30803,8.0
symbolic,30811,8.0
symbolic,30820,9.0
symbolic,30828,8.0
symbolic,30837,9.0
symbolic,30845,8.0
symbolic,30854,9.0
symbolic,30863,9.0
symbolic,30872,9.0
symbolic,30882,10.0
symbolic,30892,10.0
symbolic,30901,9.0
symbolic,30909,8.0
symbolic,30917,8.0
symbolic,30926,9.0
symbolic,30935,9.0
symbolic,30944,9.0
symbolic,30953,9.0
symbolic,30964,11.0
symbolic,30973,9.0
symbolic,30982,9.0
symbolic,30991,9.0
symbolic,31000,9.0
symbolic,31009,9.0
symbolic,31018,9.0
symbolic,31027,9.0
symbolic,31038,11.0
symbolic,31047,9.0
symbolic,31056,9.0
symbolic,31064,8.0
symbolic,31073,9.0
symbolic,31082,9.0
symbolic,31091,9.0
symbolic,31099,8.0
symbolic,31107,8.0
symbolic,31116,9.0
symbolic,31124,8.0
symbolic,31133,9.0
symbolic,31142,9.0
symbolic,31151,9.0
symbolic,31160,9.0
symbolic,31168,8.0
symbolic,31177,9.0
symbolic,31185,8.0
symbolic,31193,8.0
symbolic,31202,9.0
symbolic,31211,9.0
symbolic,31220,9.0
symbolic,31228,8.0
symbolic,31236,8.0
symbolic,31245,9.0
symbolic,31254,9.0
symbolic,31262,8.0
symbolic,31272,10.0
symbolic,31281,9.0
symbolic,31290,9.0
symbolic,31299,9.0
symbolic,31309,10.0
symbolic,31318,9.0
symbolic,31328,10.0
symbolic,31336,8.0
symbolic,31345,9.0
symbolic,31355,10.0
symbolic,31365,10.0
symbolic,31373,8.0
symbolic,31382,9.0
symbolic,31392,10.0
symbolic,31401,9.0
symbolic,31410,9.0
symbolic,31419,9.0
symbolic,31428,9.0
symbolic,31438,10.0
symbolic,31446,8.0
symbolic,31455,9.0
symbolic,31464,9.0
symbolic,31472,8.0
symbolic,31481,9.0
symbolic,31490,9.0
symbolic,31498,8.0
symbolic,31508,10.0
symbolic,31516,8.0
symbolic,31525,9.0
symbolic,31534,9.0
symbolic,31543,9.0
symbolic,31551,8.0
symbolic,31560,9.0
symbolic,31569,9.0
symbolic,31579,10.0
symbolic,31588,9.0
symbolic,31597,9.0
symbolic,31606,9.0
symbolic,31616,10.0
symbolic,31625,9.0
symbolic,31634,9.0
symbolic,31642,8.0
symbolic,31650,8.0
symbolic,31658,8.0
symbolic,31667,9.0
symbolic,31676,9.0
symbolic,31685,9.0
symbolic,31694,9.0
symbolic,31703,9.0
symbolic,31711,8.0
symbolic,31720,9.0
symbolic,31729,9.0
symbolic,31737,8.0
symbolic,31746,9.0
symbolic,31757,11.0
symbolic,31766,9.0
symbolic,31776,10.0
symbolic,31785,9.0
symbolic,31795,10.0
symbolic,31805,10.0
symbolic,31815,10.0
symbolic,31823,8.0
symbolic,31834,11.0
symbolic,31843,9.0
symbolic,31852,9.0
symbolic,31861,9.0
symbolic,31869,8.0
symbolic,31878,9.0
symbolic,31887,9.0
symbolic,31896,9.0
symbolic,31906,10.0
symbolic,31914,8.0
symbolic,31923,9.0
symbolic,31933,10.0
symbolic,31941,8.0
symbolic,31950,9.0
symbolic,31959,9.0
symbolic,31968,9.0
symbolic,31977,9.0
symbolic,31986,9.0
symbolic,31996,10.0
symbolic,32005,9.0
symbolic,32015,10.0
symbolic,32024,9.0
symbolic,32033,9.0
symbolic,32044,11.0
symbolic,32053,9.0
symbolic,32062,9.0
symbolic,32071,9.0
symbolic,32080,9.0
symbolic,32089,9.0
symbolic,32098,9.0
symbolic,32108,10.0
symbolic,32117,9.0
symbolic,32125,8.0
symbolic,32134,9.0
symbolic,32143,9.0
symbolic,32153,10.0
symbolic,32162,9.0
symbolic,32170,8.0
symbolic,32179,9.0
symbolic,32188,9.0
symbolic,32197,9.0
symbolic,32205,8.0
symbolic,32213,8.0
symbolic,32222,9.0
symbolic,32231,9.0
symbolic,32240,9.0
symbolic,32249,9.0
symbolic,32258,9.0
symbolic,32267,9.0
symbolic,32276,9.0
symbolic,32285,9.0
symbolic,32294,9.0
symbolic,32303,9.0
symbolic,32312,9.0
symbolic,32321,9.0
symbolic,32330,9.0
symbolic,32338,8.0
symbolic,32346,8.0
symbolic,32355,9.0
symbolic,32364,9.0
symbolic,32373,9.0
symbolic,32382,9.0
symbolic,32391,9.0
symbolic,32400,9.0
symbolic,32409,9.0
symbolic,32418,9.0
symbolic,32427,9.0
symbolic,32435,8.0
symbolic,32444,9.0
symbolic,32453,9.0
symbolic,32462,9.0
symbolic,32471,9.0
symbolic,32480,9.0
symbolic,32489,9.0
symbolic,32499,10.0
symbolic,32508,9.0
symbolic,32517,9.0
symbolic,32526,9.0
symbolic,32535,9.0
symbolic,32545,10.0
symbolic,32554,9.0
symbolic,32563,9.0
symbolic,32572,9.0
symbolic,32581,9.0
symbolic,32590,9.0
symbolic,32598,8.0
symbolic,32607,9.0
symbolic,32615,8.0
symbolic,32625,10.0
symbolic,32634,9.0
symbolic,32643,9.0
symbolic,32652,9.0
symbolic,32660,8.0
symbolic,32669,9.0
symbolic,32677,8.0
symbolic,32685,8.0
symbolic,32694,9.0
symbolic,32703,9.0
symbolic,32711,8.0
symbolic,32720,9.0
symbolic,32730,10.0
symbolic,32739,9.0
symbolic,32748,9.0
symbolic,32757,9.0
symbolic,32766,9.0
symbolic,32775,9.0
symbolic,32784,9.0
symbolic,32793,9.0
symbolic,32803,10.0
symbolic,32811,8.0
symbolic,32819,8.0
symbolic,32828,9.0
symbolic,32837,9.0
symbolic,32845,8.0
symbolic,32854,9.0
symbolic,32863,9.0
symbolic,32872,9.0
symbolic,32881,9.0
symbolic,32890,9.0
symbolic,32898,8.0
symbolic,32906,8.0
symbolic,32915,9.0
symbolic,32923,8.0
symbolic,32932,9.0
symbolic,32940,8.0
symbolic,32948,8.0
symbolic,32957,9.0
symbolic,32966,9.0
symbolic,32975,9.0
symbolic,32984,9.0
symbolic,32992,8.0
symbolic,33001,9.0
symbolic,33010,9.0
symbolic,33019,9.0
symbolic,33027,8.0
symbolic,33035,8.0
symbolic,33044,9.0
symbolic,33053,9.0
symbolic,33062,9.0
symbolic,33072,10.0
symbolic,33081,9.0
symbolic,33089,8.0
symbolic,33097,8.0
symbolic,33106,9.0
symbolic,33115,9.0
symbolic,33124,9.0
symbolic,33133,9.0
symbolic,33141,8.0
symbolic,33150,9.0
symbolic,33160,10.0
symbolic,33169,9.0
symbolic,33178,9.0
symbolic,33187,9.0
symbolic,33196,9.0
symbolic,33204,8.0
symbolic,33212,8.0
symbolic,33220,8.0
symbolic,33229,9.0
symbolic,33238,9.0
symbolic,33248,10.0
symbolic,33256,8.0
symbolic,33266,10.0
symbolic,33275,9.0
symbolic,33284,9.0
symbolic,33293,9.0
symbolic,33302,9.0
symbolic,33311,9.0
symbolic,33320,9.0
symbolic,33329,9.0
symbolic,33338,9.0
symbolic,33347,9.0
symbolic,33356,9.0
symbolic,33365,9.0
symbolic,33373,8.0
symbolic,33382,9.0
symbolic,33391,9.0
symbolic,33400,9.0
symbolic,33409,9.0
symbolic,33418,9.0
symbolic,33427,9.0
symbolic,33436,9.0
symbolic,33445,9.0
symbolic,33454,9.0
symbolic,33463,9.0
symbolic,33471,8.0
symbolic,33479,8.0
symbolic,33488,9.0
symbolic,33496,8.0
symbolic,33504,8.0
symbolic,33513,9.0
symbolic,33522,9.0
symbolic,33531,9.0
symbolic,33540,9.0
symbolic,33549,9.0
symbolic,33558,9.0
symbolic,33567,9.0
symbolic,33575,8.0
symbolic,33585,10.0
symbolic,33594,9.0
symbolic,33603,9.0
symbolic,33611,8.0
symbolic,33619,8.0
symbolic,33628,9.0
symbolic,33636,8.0
symbolic,33645,9.0
symbolic,33654,9.0
symbolic,33663,9.0
symbolic,33672,9.0
symbolic,33681,9.0
symbolic,33690,9.0
symbolic,33699,9.0
symbolic,33708,9.0
symbolic,33717,9.0
symbolic,33727,10.0
symbolic,33735,8.0
symbolic,33745,10.0
symbolic,33753,8.0
symbolic,33762,9.0
symbolic,33771,9.0
symbolic,33779,8.0
symbolic,33788,9.0
symbolic,33796,8.0
symbolic,33805,9.0
symbolic,33814,9.0
symbolic,33822,8.0
symbolic,33830,8.0
symbolic,33839,9.0
symbolic,33849,10.0
symbolic,33859,10.0
symbolic,33868,9.0
symbolic,33877,9.0
symbolic,33886,9.0
symbolic,33895,9.0
symbolic,33903,8.0
symbolic,33912,9.0
symbolic,33921,9.0
symbolic,33930,9.0
symbolic,33939,9.0
symbolic,33948,9.0
symbolic,33957,9.0
symbolic,33966,9.0
symbolic,33974,8.0
symbolic,33983,9.0
symbolic,33992,9.0
symbolic,34001,9.0
symbolic,34010,9.0
symbolic,34019,9.0
symbolic,34028,9.0
symbolic,34037,9.0
symbolic,34045,8.0
symbolic,34053,8.0
symbolic,34061,8.0
symbolic,34070,9.0
symbolic,34080,10.0
symbolic,34090,10.0
symbolic,34099,9.0
symbolic,34108,9.0
symbolic,34117,9.0
symbolic,34126,9.0
symbolic,34135,9.0
symbolic,34144,9.0
symbolic,34155,11.0
symbolic,34164,9.0
symbolic,34173,9.0
symbolic,34182,9.0
symbolic,34191,9.0
symbolic,34200,9.0
symbolic,34209,9.0
symbolic,34218,9.0
symbolic,34227,9.0
symbolic,34235,8.0
symbolic,34243,8.0
symbolic,34252,9.0
symbolic,34261,9.0
symbolic,34270,9.0
symbolic,34279,9.0
symbolic,34288,9.0
symbolic,34296,8.0
symbolic,34305,9.0
symbolic,34314,9.0
symbolic,34324,10.0
symbolic,34333,9.0
symbolic,34342,9.0
symbolic,34351,9.0
symbolic,34360,9.0
symbolic,34370,10.0
symbolic,34378,8.0
symbolic,34387,9.0
symbolic,34396,9.0
symbolic,34404,8.0
symbolic,34414,10.0
symbolic,34423,9.0
symbolic,34432,9.0
symbolic,34440,8.0
symbolic,34449,9.0
symbolic,34457,8.0
symbolic,34466,9.0
symbolic,34475,9.0
symbolic,34484,9.0
symbolic,34493,9.0
symbolic,34501,8.0
symbolic,34509,8.0
symbolic,34518,9.0
symbolic,34528,10.0
symbolic,34537,9.0
symbolic,34546,9.0
symbolic,34556,10.0
symbolic,34565,9.0
symbolic,34574,9.0
symbolic,34583,9.0
symbolic,34591,8.0
symbolic,34601,10.0
symbolic,34611,10.0
symbolic,34619,8.0
symbolic,34628,9.0
symbolic,34636,8.0
symbolic,34645,9.0
symbolic,34655,10.0
symbolic,34665,10.0
symbolic,34675,10.0
symbolic,34683,8.0
symbolic,34692,9.0
symbolic,34700,8.0
symbolic,34708,8.0
symbolic,34716,8.0
symbolic,34725,9.0
symbolic,34733,8.0
symbolic,34743,10.0
symbolic,34752,9.0
symbolic,34762,10.0
symbolic,34772,10.0
symbolic,34780,8.0
symbolic,34789,9.0
symbolic,34799,10.0
symbolic,34808,9.0
symbolic,34818,10.0
symbolic,34828,10.0
symbolic,34838,10.0
symbolic,34847,9.0
symbolic,34855,8.0
symbolic,34864,9.0
symbolic,34873,9.0
symbolic,34883,10.0
symbolic,34893,10.0
symbolic,34902,9.0
symbolic,34912,10.0
symbolic,34920,8.0
symbolic,34928,8.0
symbolic,34936,8.0
symbolic,34944,8.0
symbolic,34953,9.0
symbolic,34962,9.0
symbolic,34972,10.0
symbolic,34981,9.0
symbolic,34989,8.0
symbolic,34997,8.0
symbolic,35005,8.0
symbolic,35014,9.0
symbolic,35023,9.0
symbolic,35032,9.0
symbolic,35041,9.0
symbolic,35050,9.0
symbolic,35058,8.0
symbolic,35069,11.0
symbolic,35078,9.0
symbolic,35086,8.0
symbolic,35094,8.0
symbolic,35104,10.0
symbolic,35113,9.0
symbolic,35122,9.0
symbolic,35131,9.0
symbolic,35139,8.0
symbolic,35148,9.0
symbolic,35156,8.0
symbolic,35165,9.0
symbolic,35175,10.0
symbolic,35183,8.0
symbolic,35191,8.0
symbolic,35200,9.0
symbolic,35209,9.0
symbolic,35219,10.0
symbolic,35228,9.0
symbolic,35236,8.0
symbolic,35246,10.0
symbolic,35256,10.0
symbolic,35264,8.0
symbolic,35272,8.0
symbolic,35280,8.0
symbolic,35288,8.0
symbolic,35296,8.0
symbolic,35304,8.0
symbolic,35313,9.0
symbolic,35323,10.0
symbolic,35331,8.0
symbolic,35340,9.0
symbolic,35349,9.0
symbolic,35358,9.0
symbolic,35367,9.0
symbolic,35378,11.0
symbolic,35386,8.0
symbolic,35396,10.0
symbolic,35405,9.0
symbolic,35413,8.0
symbolic,35424,11.0
symbolic,35433,9.0
symbolic,35441,8.0
symbolic,35451,10.0
symbolic,35459,8.0
symbolic,35469,10.0
symbolic,35477,8.0
symbolic,35487,10.0
symbolic,35496,9.0
symbolic,35505,9.0
symbolic,35514,9.0
symbolic,35523,9.0
symbolic,35531,8.0
symbolic,35540,9.0
symbolic,35550,10.0
symbolic,35559,9.0
symbolic,35568,9.0
symbolic,35577,9.0
symbolic,35586,9.0
symbolic,35595,9.0
symbolic,35604,9.0
symbolic,35613,9.0
symbolic,35622,9.0
symbolic,35630,8.0
symbolic,35639,9.0
symbolic,35647,8.0
symbolic,35656,9.0
symbolic,35664,8.0
symbolic,35673,9.0
symbolic,35681,8.0
symbolic,35689,8.0
symbolic,35698,9.0
symbolic,35708,10.0
symbolic,35717,9.0
symbolic,35726,9.0
symbolic,35734,8.0
symbolic,35742,8.0
symbolic,35751,9.0
symbolic,35759,8.0
symbolic,35769,10.0
symbolic,35777,8.0
symbolic,35786,9.0
symbolic,35795,9.0
symbolic,35803,8.0
symbolic,35812,9.0
symbolic,35821,9.0
symbolic,35830,9.0
symbolic,35839,9.0
symbolic,35847,8.0
symbolic,35856,9.0
symbolic,35865,9.0
symbolic,35873,8.0
symbolic,35882,9.0
symbolic,35892,10.0
symbolic,35901,9.0
symbolic,35910,9.0
symbolic,35919,9.0
symbolic,35928,9.0
symbolic,35937,9.0
symbolic,35945,8.0
symbolic,35954,9.0
symbolic,35963,9.0
symbolic,35971,8.0
symbolic,35980,9.0
symbolic,35988,8.0
symbolic,35997,9.0
symbolic,36005,8.0
symbolic,36014,9.0
symbolic,36023,9.0
symbolic,36032,9.0
symbolic,36042,10.0
symbolic,36051,9.0
symbolic,36060,9.0
symbolic,36069,9.0
symbolic,36078,9.0
symbolic,36086,8.0
symbolic,36095,9.0
symbolic,36104,9.0
symbolic,36113,9.0
symbolic,36122,9.0
symbolic,36131,9.0
symbolic,36140,9.0
symbolic,36149,9.0
symbolic,36158,9.0
symbolic,36166,8.0
symbolic,36174,8.0
symbolic,36183,9.0
symbolic,36191,8.0
symbolic,36200,9.0
symbolic,36209,9.0
symbolic,36219,10.0
symbolic,36228,9.0
symbolic,36236,8.0
symbolic,36245,9.0
symbolic,36254,9.0
symbolic,36263,9.0
symbolic,36272,9.0
symbolic,36281,9.0
symbolic,36289,8.0
symbolic,36297,8.0
symbolic,36306,9.0
symbolic,36315,9.0
symbolic,36324,9.0
symbolic,36333,9.0
symbolic,36342,9.0
symbolic,36351,9.0
symbolic,36360,9.0
symbolic,36369,9.0
symbolic,36378,9.0
symbolic,36388,10.0
symbolic,36397,9.0
symbolic,36406,9.0
symbolic,36415,9.0
symbolic,36425,10.0
symbolic,36434,9.0
symbolic,36443,9.0
symbolic,36451,8.0
symbolic,36460,9.0
symbolic,36468,8.0
symbolic,36477,9.0
symbolic,36485,8.0
symbolic,36493,8.0
symbolic,36503,10.0
symbolic,36512,9.0
symbolic,36520,8.0
symbolic,36529,9.0
symbolic,36539,10.0
symbolic,36548,9.0
symbolic,36557,9.0
symbolic,36567,10.0
symbolic,36576,9.0
symbolic,36585,9.0
symbolic,36593,8.0
symbolic,36602,9.0
symbolic,36611,9.0
symbolic,36620,9.0
symbolic,36628,8.0
symbolic,36639,11.0
symbolic,36648,9.0
symbolic,36656,8.0
symbolic,36664,8.0
symbolic,36672,8.0
symbolic,36681,9.0
symbolic,36690,9.0
symbolic,36699,9.0
symbolic,36708,9.0
symbolic,36717,9.0
symbolic,36726,9.0
symbolic,36735,9.0
symbolic,36744,9.0
symbolic,36752,8.0
symbolic,36761,9.0
symbolic,36770,9.0
symbolic,36778,8.0
symbolic,36787,9.0
symbolic,36796,9.0
symbolic,36804,8.0
symbolic,36812,8.0
symbolic,36821,9.0
symbolic,36829,8.0
symbolic,36838,9.0
symbolic,36847,9.0
symbolic,36855,8.0
symbolic,36864,9.0
symbolic,36873,9.0
symbolic,36882,9.0
symbolic,36891,9.0
symbolic,36900,9.0
symbolic,36909,9.0
symbolic,36918,9.0
symbolic,36927,9.0
symbolic,36936,9.0
symbolic,36945,9.0
symbolic,36954,9.0
symbolic,36962,8.0
symbolic,36972,10.0
symbolic,36981,9.0
symbolic,36991,10.0
symbolic,37000,9.0
symbolic,37009,9.0
symbolic,37018,9.0
symbolic,37026,8.0
symbolic,37034,8.0
symbolic,37042,8.0
symbolic,37051,9.0
symbolic,37060,9.0
symbolic,37069,9.0
symbolic,37078,9.0
symbolic,37088,10.0
symbolic,37096,8.0
symbolic,37105,9.0
symbolic,37114,9.0
symbolic,37122,8.0
symbolic,37130,8.0
symbolic,37142,12.0
symbolic,37151,9.0
symbolic,37160,9.0
symbolic,37169,9.0
symbolic,37178,9.0
symbolic,37188,10.0
symbolic,37196,8.0
symbolic,37205,9.0
symbolic,37214,9.0
symbolic,37223,9.0
symbolic,37231,8.0
symbolic,37240,9.0
symbolic,37249,9.0
symbolic,37258,9.0
symbolic,37267,9.0
symbolic,37275,8.0
symbolic,37285,10.0
symbolic,37295,10.0
symbolic,37304,9.0
symbolic,37313,9.0
symbolic,37322,9.0
symbolic,37331,9.0
symbolic,37339,8.0
symbolic,37347,8.0
symbolic,37356,9.0
symbolic,37365,9.0
symbolic,37374,9.0
symbolic,37383,9.0
symbolic,37393,10.0
symbolic,37402,9.0
symbolic,37411,9.0
symbolic,37420,9.0
symbolic,37429,9.0
symbolic,37438,9.0
symbolic,37446,8.0
symbolic,37455,9.0
symbolic,37463,8.0
symbolic,37472,9.0
symbolic,37481,9.0
symbolic,37490,9.0
symbolic,37498,8.0
symbolic,37507,9.0
symbolic,37516,9.0
symbolic,37525,9.0
symbolic,37534,9.0
symbolic,37543,9.0
symbolic,37552,9.0
symbolic,37560,8.0
symbolic,37569,9.0
symbolic,37578,9.0
symbolic,37587,9.0
symbolic,37595,8.0
symbolic,37604,9.0
symbolic,37613,9.0
symbolic,37621,8.0
symbolic,37630,9.0
symbolic,37639,9.0
symbolic,37648,9.0
symbolic,37656,8.0
symbolic,37665,9.0
symbolic,37674,9.0
symbolic,37682,8.0
symbolic,37691,9.0
symbolic,37700,9.0
symbolic,37709,9.0
symbolic,37718,9.0
symbolic,37727,9.0
symbolic,37736,9.0
symbolic,37745,9.0
symbolic,37754,9.0
symbolic,37763,9.0
symbolic,37771,8.0
symbolic,37780,9.0
symbolic,37789,9.0
symbolic,37798,9.0
symbolic,37807,9.0
symbolic,37816,9.0
symbolic,37825,9.0
symbolic,37833,8.0
symbolic,37841,8.0
symbolic,37849,8.0
symbolic,37858,9.0
symbolic,37867,9.0
symbolic,37876,9.0
symbolic,37884,8.0
symbolic,37893,9.0
symbolic,37902,9.0
symbolic,37911,9.0
symbolic,37920,9.0
symbolic,37930,10.0
symbolic,37939,9.0
symbolic,37947,8.0
symbolic,37956,9.0
symbolic,37965,9.0
symbolic,37974,9.0
symbolic,37983,9.0
symbolic,37992,9.0
symbolic,38002,10.0
symbolic,38010,8.0
symbolic,38019,9.0
symbolic,38029,10.0
symbolic,38038,9.0
symbolic,38048,10.0
symbolic,38059,11.0
symbolic,38068,9.0
symbolic,38077,9.0
symbolic,38086,9.0
symbolic,38095,9.0
symbolic,38104,9.0
symbolic,38113,9.0
symbolic,38122,9.0
symbolic,38131,9.0
symbolic,38140,9.0
symbolic,38149,9.0
symbolic,38158,9.0
symbolic,38166,8.0
symbolic,38175,9.0
symbolic,38183,8.0
symbolic,38192,9.0
symbolic,38201,9.0
symbolic,38209,8.0
symbolic,38218,9.0
symbolic,38226,8.0
symbolic,38234,8.0
symbolic,38242,8.0
symbolic,38250,8.0
symbolic,38259,9.0
symbolic,38270,11.0
symbolic,38280,10.0
symbolic,38288,8.0
symbolic,38297,9.0
symbolic,38306,9.0
symbolic,38314,8.0
symbolic,38323,9.0
symbolic,38332,9.0
symbolic,38340,8.0
symbolic,38348,8.0
symbolic,38358,10.0
symbolic,38367,9.0
symbolic,38375,8.0
symbolic,38384,9.0
symbolic,38393,9.0
symbolic,38402,9.0
symbolic,38410,8.0
symbolic,38418,8.0
symbolic,38427,9.0
symbolic,38436,9.0
symbolic,38445,9.0
symbolic,38453,8.0
symbolic,38462,9.0
symbolic,38471,9.0
symbolic,38479,8.0
symbolic,38488,9.0
symbolic,38497,9.0
symbolic,38506,9.0
symbolic,38514,8.0
symbolic,38522,8.0
symbolic,38531,9.0
symbolic,38542,11.0
symbolic,38551,9.0
symbolic,38559,8.0
symbolic,38567,8.0
symbolic,38576,9.0
symbolic,38585,9.0
symbolic,38594,9.0
symbolic,38602,8.0
symbolic,38611,9.0
symbolic,38620,9.0
symbolic,38629,9.0
symbolic,38638,9.0
symbolic,38646,8.0
symbolic,38655,9.0
symbolic,38665,10.0
symbolic,38673,8.0
symbolic,38684,11.0
symbolic,38693,9.0
symbolic,38701,8.0
symbolic,38709,8.0
symbolic,38718,9.0
symbolic,38726,8.0
symbolic,38734,8.0
symbolic,38743,9.0
symbolic,38752,9.0
symbolic,38761,9.0
symbolic,38770,9.0
symbolic,38779,9.0
symbolic,38788,9.0
symbolic,38797,9.0
symbolic,38805,8.0
symbolic,38814,9.0
symbolic,38823,9.0
symbolic,38832,9.0
symbolic,38841,9.0
symbolic,38850,9.0
symbolic,38859,9.0
symbolic,38868,9.0
symbolic,38877,9.0
symbolic,38886,9.0
symbolic,38895,9.0
symbolic,38904,9.0
symbolic,38913,9.0
symbolic,38922,9.0
symbolic,38931,9.0
symbolic,38940,9.0
symbolic,38949,9.0
symbolic,38958,9.0
symbolic,38967,9.0
symbolic,38975,8.0
symbolic,38983,8.0
symbolic,38991,8.0
symbolic,39000,9.0
symbolic,39009,9.0
symbolic,39018,9.0
symbolic,39027,9.0
symbolic,39036,9.0
symbolic,39045,9.0
symbolic,39054,9.0
symbolic,39063,9.0
symbolic,39072,9.0
symbolic,39080,8.0
symbolic,39089,9.0
symbolic,39099,10.0
symbolic,39108,9.0
symbolic,39117,9.0
symbolic,39126,9.0
symbolic,39134,8.0
symbolic,39143,9.0
symbolic,39153,10.0
symbolic,39162,9.0
symbolic,39172,10.0
symbolic,39180,8.0
symbolic,39188,8.0
symbolic,39198,10.0
symbolic,39207,9.0
symbolic,39215,8.0
symbolic,39224,9.0
symbolic,39233,9.0
symbolic,39242,9.0
symbolic,39250,8.0
symbolic,39259,9.0
symbolic,39268,9.0
symbolic,39276,8.0
symbolic,39286,10.0
symbolic,39295,9.0
symbolic,39304,9.0
symbolic,39312,8.0
symbolic,39321,9.0
symbolic,39330,9.0
symbolic,39339,9.0
symbolic,39348,9.0
symbolic,39357,9.0
symbolic,39366,9.0
symbolic,39375,9.0
symbolic,39383,8.0
symbolic,39392,9.0
symbolic,39401,9.0
symbolic,39410,9.0
symbolic,39419,9.0
symbolic,39427,8.0
symbolic,39436,9.0
symbolic,39444,8.0
symbolic,39453,9.0
symbolic,39462,9.0
symbolic,39471,9.0
symbolic,39480,9.0
symbolic,39488,8.0
symbolic,39497,9.0
symbolic,39505,8.0
symbolic,39514,9.0
symbolic,39522,8.0
symbolic,39531,9.0
symbolic,39540,9.0
symbolic,39549,9.0
symbolic,39558,9.0
symbolic,39567,9.0
symbolic,39576,9.0
symbolic,39585,9.0
symbolic,39594,9.0
symbolic,39603,9.0
symbolic,39612,9.0
symbolic,39621,9.0
symbolic,39630,9.0
symbolic,39639,9.0
symbolic,39648,9.0
symbolic,39657,9.0
symbolic,39666,9.0
symbolic,39675,9.0
symbolic,39684,9.0
symbolic,39693,9.0
symbolic,39702,9.0
symbolic,39711,9.0
symbolic,39720,9.0
symbolic,39730,10.0
symbolic,39739,9.0
symbolic,39748,9.0
symbolic,39757,9.0
symbolic,39765,8.0
symbolic,39774,9.0
symbolic,39783,9.0
symbolic,39791,8.0
symbolic,39799,8.0
symbolic,39808,9.0
symbolic,39817,9.0
symbolic,39826,9.0
symbolic,39835,9.0
symbolic,39845,10.0
symbolic,39854,9.0
symbolic,39863,9.0
symbolic,39872,9.0
symbolic,39881,9.0
symbolic,39890,9.0
symbolic,39899,9.0
symbolic,39908,9.0
symbolic,39917,9.0
symbolic,39926,9.0
symbolic,39934,8.0
symbolic,39943,9.0
symbolic,39951,8.0
symbolic,39960,9.0
symbolic,39969,9.0
symbolic,39978,9.0
symbolic,39987,9.0
symbolic,39996,9.0
symbolic,40005,9.0
symbolic,40014,9.0
symbolic,40022,8.0
symbolic,40030,8.0
symbolic,40039,9.0
symbolic,40048,9.0
symbolic,40057,9.0
symbolic,40066,9.0
symbolic,40075,9.0
symbolic,40084,9.0
symbolic,40093,9.0
symbolic,40103,10.0
symbolic,40112,9.0
symbolic,40121,9.0
symbolic,40130,9.0
symbolic,40139,9.0
symbolic,40148,9.0
symbolic,40157,9.0
symbolic,40166,9.0
symbolic,40176,10.0
symbolic,40185,9.0
symbolic,40194,9.0
symbolic,40202,8.0
symbolic,40211,9.0
symbolic,40219,8.0
symbolic,40228,9.0
symbolic,40236,8.0
symbolic,40245,9.0
symbolic,40253,8.0
symbolic,40261,8.0
symbolic,40269,8.0
symbolic,40278,9.0
symbolic,40287,9.0
symbolic,40296,9.0
symbolic,40305,9.0
symbolic,40314,9.0
symbolic,40322,8.0
symbolic,40331,9.0
symbolic,40340,9.0
symbolic,40349,9.0
symbolic,40358,9.0
symbolic,40367,9.0
symbolic,40375,8.0
symbolic,40384,9.0
symbolic,40393,9.0
symbolic,40402,9.0
symbolic,40410,8.0
symbolic,40419,9.0
symbolic,40427,8.0
symbolic,40436,9.0
symbolic,40444,8.0
symbolic,40453,9.0
symbolic,40462,9.0
symbolic,40471,9.0
symbolic,40479,8.0
symbolic,40488,9.0
symbolic,40497,9.0
symbolic,40505,8.0
symbolic,40514,9.0
symbolic,40523,9.0
symbolic,40531,8.0
symbolic,40539,8.0
symbolic,40548,9.0
symbolic,40556,8.0
symbolic,40564,8.0
symbolic,40573,9.0
symbolic,40582,9.0
symbolic,40591,9.0
symbolic,40600,9.0
symbolic,40609,9.0
symbolic,40618,9.0
symbolic,40626,8.0
symbolic,40635,9.0
symbolic,40645,10.0
symbolic,40653,8.0
symbolic,40662,9.0
symbolic,40671,9.0
symbolic,40680,9.0
symbolic,40689,9.0
symbolic,40698,9.0
symbolic,40707,9.0
symbolic,40715,8.0
symbolic,40723,8.0
symbolic,40731,8.0
symbolic,40740,9.0
symbolic,40749,9.0
symbolic,40758,9.0
symbolic,40767,9.0
symbolic,40776,9.0
symbolic,40785,9.0
symbolic,40794,9.0
symbolic,40803,9.0
symbolic,40812,9.0
symbolic,40820,8.0
symbolic,40828,8.0
symbolic,40837,9.0
symbolic,40845,8.0
symbolic,40854,9.0
symbolic,40863,9.0
symbolic,40872,9.0
symbolic,40881,9.0
symbolic,40889,8.0
symbolic,40897,8.0
symbolic,40905,8.0
symbolic,40914,9.0
symbolic,40924,10.0
symbolic,40933,9.0
symbolic,40942,9.0
symbolic,40950,8.0
symbolic,40959,9.0
symbolic,40967,8.0
symbolic,40976,9.0
symbolic,40985,9.0
symbolic,40994,9.0
symbolic,41003,9.0
symbolic,41011,8.0
symbolic,41019,8.0
symbolic,41029,10.0
symbolic,41038,9.0
symbolic,41047,9.0
symbolic,41056,9.0
symbolic,41065,9.0
symbolic,41073,8.0
symbolic,41081,8.0
symbolic,41091,10.0
symbolic,41099,8.0
symbolic,41108,9.0
symbolic,41117,9.0
symbolic,41126,9.0
symbolic,41135,9.0
symbolic,41144,9.0
symbolic,41152,8.0
symbolic,41161,9.0
symbolic,41170,9.0
symbolic,41178,8.0
symbolic,41186,8.0
symbolic,41195,9.0
symbolic,41204,9.0
symbolic,41213,9.0
symbolic,41221,8.0
symbolic,41230,9.0
symbolic,41239,9.0
symbolic,41248,9.0
symbolic,41257,9.0
symbolic,41266,9.0
symbolic,41275,9.0
symbolic,41283,8.0
symbolic,41292,9.0
symbolic,41301,9.0
symbolic,41310,9.0
symbolic,41320,10.0
symbolic,41329,9.0
symbolic,41337,8.0
symbolic,41345,8.0
symbolic,41353,8.0
symbolic,41362,9.0
symbolic,41372,10.0
symbolic,41381,9.0
symbolic,41391,10.0
symbolic,41400,9.0
symbolic,41409,9.0
symbolic,41417,8.0
symbolic,41426,9.0
symbolic,41435,9.0
symbolic,41444,9.0
symbolic,41453,9.0
symbolic,41462,9.0
symbolic,41470,8.0
symbolic,41478,8.0
symbolic,41487,9.0
symbolic,41495,8.0
symbolic,41504,9.0
symbolic,41513,9.0
symbolic,41522,9.0
symbolic,41531,9.0
symbolic,41540,9.0
symbolic,41549,9.0
symbolic,41558,9.0
symbolic,41567,9.0
symbolic,41576,9.0
symbolic,41585,9.0
symbolic,41594,9.0
symbolic,41603,9.0
symbolic,41611,8.0
symbolic,41620,9.0
symbolic,41629,9.0
symbolic,41638,9.0
symbolic,41647,9.0
symbolic,41656,9.0
symbolic,41665,9.0
symbolic,41674,9.0
symbolic,41683,9.0
symbolic,41692,9.0
symbolic,41701,9.0
symbolic,41709,8.0
symbolic,41717,8.0
symbolic,41726,9.0
symbolic,41735,9.0
symbolic,41744,9.0
symbolic,41752,8.0
symbolic,41761,9.0
symbolic,41771,10.0
symbolic,41779,8.0
symbolic,41788,9.0
symbolic,41797,9.0
symbolic,41806,9.0
symbolic,41815,9.0
symbolic,41824,9.0
symbolic,41833,9.0
symbolic,41841,8.0
symbolic,41850,9.0
symbolic,41859,9.0
symbolic,41867,8.0
symbolic,41876,9.0
symbolic,41885,9.0
symbolic,41895,10.0
symbolic,41904,9.0
symbolic,41913,9.0
symbolic,41922,9.0
symbolic,41931,9.0
symbolic,41940,9.0
symbolic,41949,9.0
symbolic,41958,9.0
symbolic,41967,9.0
symbolic,41975,8.0
symbolic,41984,9.0
symbolic,41993,9.0
symbolic,42002,9.0
symbolic,42011,9.0
symbolic,42020,9.0
symbolic,42029,9.0
symbolic,42038,9.0
symbolic,42047,9.0
symbolic,42055,8.0
symbolic,42064,9.0
symbolic,42073,9.0
symbolic,42082,9.0
symbolic,42091,9.0
symbolic,42100,9.0
symbolic,42109,9.0
symbolic,42118,9.0
symbolic,42127,9.0
symbolic,42136,9.0
symbolic,42146,10.0
symbolic,42154,8.0
symbolic,42162,8.0
symbolic,42170,8.0
symbolic,42179,9.0
symbolic,42189,10.0
symbolic,42198,9.0
symbolic,42207,9.0
symbolic,42216,9.0
symbolic,42225,9.0
symbolic,42233,8.0
symbolic,42241,8.0
symbolic,42251,10.0
symbolic,42260,9.0
symbolic,42269,9.0
symbolic,42278,9.0
symbolic,42287,9.0
symbolic,42295,8.0
symbolic,42304,9.0
symbolic,42315,11.0
symbolic,42324,9.0
symbolic,42333,9.0
symbolic,42342,9.0
symbolic,42351,9.0
symbolic,42359,8.0
symbolic,42367,8.0
symbolic,42375,8.0
symbolic,42384,9.0
symbolic,42393,9.0
symbolic,42402,9.0
symbolic,42411,9.0
symbolic,42420,9.0
symbolic,42429,9.0
symbolic,42438,9.0
symbolic,42446,8.0
symbolic,42455,9.0
symbolic,42463,8.0
symbolic,42472,9.0
symbolic,42480,8.0
symbolic,42489,9.0
symbolic,42497,8.0
symbolic,42506,9.0
symbolic,42515,9.0
symbolic,42524,9.0
symbolic,42532,8.0
symbolic,42540,8.0
symbolic,42550,10.0
symbolic,42559,9.0
symbolic,42567,8.0
symbolic,42576,9.0
symbolic,42585,9.0
symbolic,42594,9.0
symbolic,42603,9.0
symbolic,42612,9.0
symbolic,42621,9.0
symbolic,42630,9.0
symbolic,42639,9.0
symbolic,42648,9.0
symbolic,42656,8.0
symbolic,42665,9.0
symbolic,42674,9.0
symbolic,42682,8.0
symbolic,42691,9.0
symbolic,42700,9.0
symbolic,42709,9.0
symbolic,42718,9.0
symbolic,42727,9.0
symbolic,42736,9.0
symbolic,42745,9.0
symbolic,42753,8.0
symbolic,42762,9.0
symbolic,42771,9.0
symbolic,42779,8.0
symbolic,42790,11.0
symbolic,42799,9.0
symbolic,42808,9.0
symbolic,42816,8.0
symbolic,42825,9.0
symbolic,42833,8.0
symbolic,42842,9.0
symbolic,42850,8.0
symbolic,42859,9.0
symbolic,42868,9.0
symbolic,42877,9.0
symbolic,42886,9.0
symbolic,42894,8.0
symbolic,42903,9.0
symbolic,42912,9.0
symbolic,42920,8.0
symbolic,42929,9.0
symbolic,42938,9.0
symbolic,42947,9.0
symbolic,42956,9.0
symbolic,42966,10.0
symbolic,42975,9.0
symbolic,42984,9.0
symbolic,42993,9.0
symbolic,43002,9.0
symbolic,43011,9.0
symbolic,43020,9.0
symbolic,43028,8.0
symbolic,43036,8.0
symbolic,43045,9.0
symbolic,43053,8.0
symbolic,43061,8.0
symbolic,43070,9.0
symbolic,43079,9.0
symbolic,43088,9.0
symbolic,43096,8.0
symbolic,43105,9.0
symbolic,43114,9.0
symbolic,43122,8.0
symbolic,43132,10.0
symbolic,43142,10.0
symbolic,43151,9.0
symbolic,43161,10.0
symbolic,43169,8.0
symbolic,43178,9.0
symbolic,43187,9.0
symbolic,43196,9.0
symbolic,43205,9.0
symbolic,43213,8.0
symbolic,43222,9.0
symbolic,43230,8.0
symbolic,43238,8.0
symbolic,43247,9.0
symbolic,43256,9.0
symbolic,43264,8.0
symbolic,43273,9.0
symbolic,43281,8.0
symbolic,43290,9.0
symbolic,43298,8.0
symbolic,43306,8.0
symbolic,43314,8.0
symbolic,43322,8.0
symbolic,43331,9.0
symbolic,43339,8.0
symbolic,43347,8.0
symbolic,43356,9.0
symbolic,43364,8.0
symbolic,43374,10.0
symbolic,43383,9.0
symbolic,43392,9.0
symbolic,43401,9.0
symbolic,43411,10.0
symbolic,43419,8.0
symbolic,43428,9.0
symbolic,43436,8.0
symbolic,43444,8.0
symbolic,43452,8.0
symbolic,43460,8.0
symbolic,43469,9.0
symbolic,43478,9.0
symbolic,43487,9.0
symbolic,43496,9.0
symbolic,43505,9.0
symbolic,43513,8.0
symbolic,43522,9.0
symbolic,43531,9.0
symbolic,43540,9.0
symbolic,43549,9.0
symbolic,43558,9.0
symbolic,43567,9.0
symbolic,43576,9.0
symbolic,43585,9.0
symbolic,43594,9.0
symbolic,43605,11.0
symbolic,43614,9.0
symbolic,43623,9.0
symbolic,43631,8.0
symbolic,43640,9.0
symbolic,43648,8.0
symbolic,43657,9.0
symbolic,43667,10.0
symbolic,43676,9.0
symbolic,43684,8.0
symbolic,43692,8.0
symbolic,43701,9.0
symbolic,43710,9.0
symbolic,43719,9.0
symbolic,43729,10.0
symbolic,43739,10.0
symbolic,43748,9.0
symbolic,43756,8.0
symbolic,43765,9.0
symbolic,43774,9.0
symbolic,43783,9.0
symbolic,43791,8.0
symbolic,43800,9.0
symbolic,43808,8.0
symbolic,43817,9.0
symbolic,43826,9.0
symbolic,43834,8.0
symbolic,43842,8.0
symbolic,43851,9.0
symbolic,43860,9.0
symbolic,43869,9.0
symbolic,43878,9.0
symbolic,43887,9.0
symbolic,43896,9.0
symbolic,43905,9.0
symbolic,43914,9.0
symbolic,43923,9.0
symbolic,43932,9.0
symbolic,43941,9.0
symbolic,43950,9.0
symbolic,43958,8.0
symbolic,43967,9.0
symbolic,43976,9.0
symbolic,43984,8.0
symbolic,43993,9.0
symbolic,44002,9.0
symbolic,44012,10.0
symbolic,44021,9.0
symbolic,44029,8.0
symbolic,44038,9.0
symbolic,44047,9.0
symbolic,44056,9.0
symbolic,44064,8.0
symbolic,44073,9.0
symbolic,44082,9.0
symbolic,44091,9.0
symbolic,44100,9.0
symbolic,44109,9.0
symbolic,44118,9.0
symbolic,44126,8.0
symbolic,44134,8.0
symbolic,44142,8.0
symbolic,44151,9.0
symbolic,44159,8.0
symbolic,44167,8.0
symbolic,44176,9.0
symbolic,44186,10.0
symbolic,44194,8.0
symbolic,44203,9.0
symbolic,44211,8.0
symbolic,44219,8.0
symbolic,44228,9.0
symbolic,44237,9.0
symbolic,44245,8.0
symbolic,44254,9.0
symbolic,44263,9.0
symbolic,44271,8.0
symbolic,44280,9.0
symbolic,44288,8.0
symbolic,44297,9.0
symbolic,44305,8.0
symbolic,44315,10.0
symbolic,44324,9.0
symbolic,44332,8.0
symbolic,44341,9.0
symbolic,44350,9.0
symbolic,44359,9.0
symbolic,44368,9.0
symbolic,44377,9.0
symbolic,44386,9.0
symbolic,44395,9.0
symbolic,44404,9.0
symbolic,44414,10.0
symbolic,44424,10.0
symbolic,44432,8.0
symbolic,44441,9.0
symbolic,44450,9.0
symbolic,44459,9.0
symbolic,44469,10.0
symbolic,44478,9.0
symbolic,44486,8.0
symbolic,44494,8.0
symbolic,44504,10.0
symbolic,44513,9.0
symbolic,44522,9.0
symbolic,44531,9.0
symbolic,44540,9.0
symbolic,44549,9.0
symbolic,44557,8.0
symbolic,44568,11.0
symbolic,44577,9.0
symbolic,44586,9.0
symbolic,44595,9.0
symbolic,44604,9.0
symbolic,44614,10.0
symbolic,44624,10.0
symbolic,44632,8.0
symbolic,44641,9.0
symbolic,44649,8.0
symbolic,44657,8.0
symbolic,44666,9.0
symbolic,44675,9.0
symbolic,44684,9.0
symbolic,44693,9.0
symbolic,44702,9.0
symbolic,44710,8.0
symbolic,44720,10.0
symbolic,44729,9.0
symbolic,44737,8.0
symbolic,44746,9.0
symbolic,44755,9.0
symbolic,44765,10.0
symbolic,44774,9.0
symbolic,44782,8.0
symbolic,44791,9.0
symbolic,44800,9.0
symbolic,44810,10.0
symbolic,44818,8.0
symbolic,44826,8.0
symbolic,44835,9.0
symbolic,44843,8.0
symbolic,44852,9.0
symbolic,44861,9.0
symbolic,44870,9.0
symbolic,44879,9.0
symbolic,44887,8.0
symbolic,44896,9.0
symbolic,44905,9.0
symbolic,44914,9.0
symbolic,44922,8.0
symbolic,44930,8.0
symbolic,44939,9.0
symbolic,44949,10.0
symbolic,44958,9.0
symbolic,44967,9.0
symbolic,44976,9.0
symbolic,44986,10.0
symbolic,44996,10.0
symbolic,45004,8.0
symbolic,45013,9.0
symbolic,45022,9.0
symbolic,45031,9.0
symbolic,45042,11.0
symbolic,45051,9.0
symbolic,45059,8.0
symbolic,45067,8.0
symbolic,45076,9.0
symbolic,45085,9.0
symbolic,45095,10.0
symbolic,45103,8.0
symbolic,45111,8.0
symbolic,45120,9.0
symbolic,45129,9.0
symbolic,45138,9.0
symbolic,45147,9.0
symbolic,45156,9.0
symbolic,45165,9.0
symbolic,45173,8.0
symbolic,45182,9.0
symbolic,45190,8.0
symbolic,45199,9.0
symbolic,45207,8.0
symbolic,45216,9.0
symbolic,45225,9.0
symbolic,45234,9.0
symbolic,45242,8.0
symbolic,45251,9.0
symbolic,45260,9.0
symbolic,45268,8.0
symbolic,45277,9.0
symbolic,45287,10.0
symbolic,45296,9.0
symbolic,45304,8.0
symbolic,45312,8.0
symbolic,45320,8.0
symbolic,45329,9.0
symbolic,45337,8.0
symbolic,45345,8.0
symbolic,45354,9.0
symbolic,45362,8.0
symbolic,45371,9.0
symbolic,45379,8.0
symbolic,45387,8.0
symbolic,45396,9.0
symbolic,45406,10.0
symbolic,45415,9.0
symbolic,45424,9.0
symbolic,45432,8.0
symbolic,45441,9.0
symbolic,45450,9.0
symbolic,45459,9.0
symbolic,45468,9.0
symbolic,45477,9.0
symbolic,45486,9.0
symbolic,45495,9.0
symbolic,45503,8.0
symbolic,45511,8.0
symbolic,45520,9.0
symbolic,45531,11.0
symbolic,45540,9.0
symbolic,45548,8.0
symbolic,45556,8.0
symbolic,45564,8.0
symbolic,45573,9.0
symbolic,45582,9.0
symbolic,45591,9.0
symbolic,45599,8.0
symbolic,45608,9.0
symbolic,45616,8.0
symbolic,45625,9.0
symbolic,45634,9.0
symbolic,45643,9.0
symbolic,45652,9.0
symbolic,45660,8.0
symbolic,45669,9.0
symbolic,45678,9.0
symbolic,45687,9.0
symbolic,45696,9.0
symbolic,45704,8.0
symbolic,45712,8.0
symbolic,45721,9.0
symbolic,45730,9.0
symbolic,45739,9.0
symbolic,45748,9.0
symbolic,45756,8.0
symbolic,45765,9.0
symbolic,45774,9.0
symbolic,45782,8.0
symbolic,45790,8.0
symbolic,45799,9.0
symbolic,45807,8.0
symbolic,45815,8.0
symbolic,45824,9.0
symbolic,45833,9.0
symbolic,45841,8.0
symbolic,45850,9.0
symbolic,45859,9.0
symbolic,45868,9.0
symbolic,45876,8.0
symbolic,45884,8.0
symbolic,45893,9.0
symbolic,45902,9.0
symbolic,45911,9.0
symbolic,45920,9.0
symbolic,45929,9.0
symbolic,45938,9.0
symbolic,45946,8.0
symbolic,45954,8.0
symbolic,45962,8.0
symbolic,45971,9.0
symbolic,45980,9.0
symbolic,45988,8.0
symbolic,45997,9.0
symbolic,46006,9.0
symbolic,46014,8.0
symbolic,46023,9.0
symbolic,46031,8.0
symbolic,46040,9.0
symbolic,46048,8.0
symbolic,46057,9.0
symbolic,46066,9.0
symbolic,46074,8.0
symbolic,46083,9.0
symbolic,46091,8.0
symbolic,46099,8.0
symbolic,46108,9.0
symbolic,46116,8.0
symbolic,46124,8.0
symbolic,46132,8.0
symbolic,46141,9.0
symbolic,46150,9.0
symbolic,46159,9.0
symbolic,46167,8.0
symbolic,46175,8.0
symbolic,46184,9.0
symbolic,46192,8.0
symbolic,46201,9.0
symbolic,46210,9.0
symbolic,46219,9.0
symbolic,46229,10.0
symbolic,46239,10.0
symbolic,46248,9.0
symbolic,46257,9.0
symbolic,46266,9.0
symbolic,46274,8.0
symbolic,46283,9.0
symbolic,46292,9.0
symbolic,46301,9.0
symbolic,46309,8.0
symbolic,46318,9.0
symbolic,46328,10.0
symbolic,46337,9.0
symbolic,46346,9.0
symbolic,46355,9.0
symbolic,46364,9.0
symbolic,46373,9.0
symbolic,46382,9.0
symbolic,46391,9.0
symbolic,46400,9.0
symbolic,46409,9.0
symbolic,46418,9.0
symbolic,46427,9.0
symbolic,46436,9.0
symbolic,46445,9.0
symbolic,46454,9.0
symbolic,46462,8.0
symbolic,46471,9.0
symbolic,46480,9.0
symbolic,46488,8.0
symbolic,46497,9.0
symbolic,46506,9.0
symbolic,46515,9.0
symbolic,46524,9.0
symbolic,46533,9.0
symbolic,46542,9.0
symbolic,46551,9.0
symbolic,46560,9.0
symbolic,46569,9.0
symbolic,46578,9.0
symbolic,46587,9.0
symbolic,46595,8.0
symbolic,46604,9.0
symbolic,46613,9.0
symbolic,46621,8.0
symbolic,46630,9.0
symbolic,46639,9.0
symbolic,46648,9.0
symbolic,46657,9.0
symbolic,46667,10.0
symbolic,46675,8.0
symbolic,46683,8.0
symbolic,46692,9.0
symbolic,46701,9.0
symbolic,46709,8.0
symbolic,46717,8.0
symbolic,46726,9.0
symbolic,46736,10.0
symbolic,46746,10.0
symbolic,46755,9.0
symbolic,46764,9.0
symbolic,46772,8.0
symbolic,46780,8.0
symbolic,46788,8.0
symbolic,46797,9.0
symbolic,46805,8.0
symbolic,46814,9.0
symbolic,46822,8.0
symbolic,46830,8.0
symbolic,46840,10.0
symbolic,46851,11.0
symbolic,46859,8.0
symbolic,46867,8.0
symbolic,46876,9.0
symbolic,46885,9.0
symbolic,46894,9.0
symbolic,46903,9.0
symbolic,46912,9.0
symbolic,46921,9.0
symbolic,46930,9.0
symbolic,46939,9.0
symbolic,46948,9.0
symbolic,46957,9.0
symbolic,46966,9.0
symbolic,46975,9.0
symbolic,46984,9.0
symbolic,46993,9.0
symbolic,47001,8.0
symbolic,47009,8.0
symbolic,47018,9.0
symbolic,47028,10.0
symbolic,47039,11.0
symbolic,47048,9.0
symbolic,47057,9.0
symbolic,47066,9.0
symbolic,47074,8.0
symbolic,47084,10.0
symbolic,47093,9.0
symbolic,47102,9.0
symbolic,47110,8.0
symbolic,47118,8.0
symbolic,47127,9.0
symbolic,47137,10.0
symbolic,47147,10.0
symbolic,47157,10.0
symbolic,47166,9.0
symbolic,47174,8.0
symbolic,47184,10.0
symbolic,47192,8.0
symbolic,47201,9.0
symbolic,47210,9.0
symbolic,47220,10.0
symbolic,47229,9.0
symbolic,47237,8.0
symbolic,47245,8.0
symbolic,47253,8.0
symbolic,47262,9.0
symbolic,47271,9.0
symbolic,47280,9.0
symbolic,47289,9.0
symbolic,47299,10.0
symbolic,47309,10.0
symbolic,47319,10.0
symbolic,47328,9.0
symbolic,47338,10.0
symbolic,47347,9.0
symbolic,47355,8.0
symbolic,47363,8.0
symbolic,47372,9.0
symbolic,47381,9.0
symbolic,47390,9.0
symbolic,47398,8.0
symbolic,47406,8.0
symbolic,47416,10.0
symbolic,47425,9.0
symbolic,47433,8.0
symbolic,47441,8.0
symbolic,47450,9.0
symbolic,47459,9.0
symbolic,47468,9.0
symbolic,47477,9.0
symbolic,47485,8.0
symbolic,47494,9.0
symbolic,47504,10.0
symbolic,47513,9.0
symbolic,47521,8.0
symbolic,47529,8.0
symbolic,47539,10.0
symbolic,47547,8.0
symbolic,47556,9.0
symbolic,47564,8.0
symbolic,47574,10.0
symbolic,47584,10.0
symbolic,47592,8.0
symbolic,47601,9.0
symbolic,47610,9.0
symbolic,47620,10.0
symbolic,47630,10.0
symbolic,47639,9.0
symbolic,47648,9.0
symbolic,47656,8.0
symbolic,47664,8.0
symbolic,47674,10.0
symbolic,47682,8.0
symbolic,47691,9.0
symbolic,47700,9.0
symbolic,47709,9.0
symbolic,47718,9.0
symbolic,47727,9.0
symbolic,47735,8.0
symbolic,47745,10.0
symbolic,47755,10.0
symbolic,47764,9.0
symbolic,47773,9.0
symbolic,47781,8.0
symbolic,47790,9.0
symbolic,47799,9.0
symbolic,47808,9.0
symbolic,47817,9.0
symbolic,47826,9.0
symbolic,47834,8.0
symbolic,47842,8.0
symbolic,47851,9.0
symbolic,47860,9.0
symbolic,47869,9.0
symbolic,47878,9.0
symbolic,47886,8.0
symbolic,47895,9.0
symbolic,47904,9.0
symbolic,47913,9.0
symbolic,47921,8.0
symbolic,47930,9.0
symbolic,47938,8.0
symbolic,47947,9.0
symbolic,47955,8.0
symbolic,47963,8.0
symbolic,47972,9.0
symbolic,47981,9.0
symbolic,47989,8.0
symbolic,47998,9.0
symbolic,48007,9.0
symbolic,48015,8.0
symbolic,48024,9.0
symbolic,48033,9.0
symbolic,48042,9.0
symbolic,48052,10.0
symbolic,48061,9.0
symbolic,48070,9.0
symbolic,48079,9.0
symbolic,48088,9.0
symbolic,48097,9.0
symbolic,48106,9.0
symbolic,48114,8.0
symbolic,48123,9.0
symbolic,48132,9.0
symbolic,48141,9.0
symbolic,48149,8.0
symbolic,48157,8.0
symbolic,48166,9.0
symbolic,48176,10.0
symbolic,48186,10.0
symbolic,48194,8.0
symbolic,48202,8.0
symbolic,48210,8.0
symbolic,48219,9.0
symbolic,48227,8.0
symbolic,48236,9.0
symbolic,48245,9.0
symbolic,48254,9.0
symbolic,48263,9.0
symbolic,48272,9.0
symbolic,48280,8.0
symbolic,48289,9.0
symbolic,48299,10.0
symbolic,48307,8.0
symbolic,48316,9.0
symbolic,48325,9.0
symbolic,48333,8.0
symbolic,48342,9.0
symbolic,48353,11.0
symbolic,48362,9.0
symbolic,48372,10.0
symbolic,48380,8.0
symbolic,48389,9.0
symbolic,48397,8.0
symbolic,48407,10.0
symbolic,48417,10.0
symbolic,48426,9.0
symbolic,48434,8.0
symbolic,48442,8.0
symbolic,48451,9.0
symbolic,48460,9.0
symbolic,48468,8.0
symbolic,48476,8.0
symbolic,48484,8.0
symbolic,48493,9.0
symbolic,48502,9.0
symbolic,48511,9.0
symbolic,48520,9.0
symbolic,48528,8.0
symbolic,48537,9.0
symbolic,48546,9.0
symbolic,48554,8.0
symbolic,48564,10.0
symbolic,48574,10.0
symbolic,48583,9.0
symbolic,48592,9.0
symbolic,48600,8.0
symbolic,48610,10.0
symbolic,48618,8.0
symbolic,48626,8.0
symbolic,48634,8.0
symbolic,48643,9.0
symbolic,48651,8.0
symbolic,48660,9.0
symbolic,48669,9.0
symbolic,48678,9.0
symbolic,48687,9.0
symbolic,48697,10.0
symbolic,48706,9.0
symbolic,48715,9.0
symbolic,48724,9.0
symbolic,48732,8.0
symbolic,48741,9.0
symbolic,48750,9.0
symbolic,48759,9.0
symbolic,48768,9.0
symbolic,48777,9.0
symbolic,48786,9.0
symbolic,48795,9.0
symbolic,48804,9.0
symbolic,48812,8.0
symbolic,48820,8.0
symbolic,48829,9.0
symbolic,48838,9.0
symbolic,48847,9.0
symbolic,48856,9.0
symbolic,48865,9.0
symbolic,48873,8.0
symbolic,48882,9.0
symbolic,48891,9.0
symbolic,48900,9.0
symbolic,48909,9.0
symbolic,48920,11.0
symbolic,48929,9.0
symbolic,48938,9.0
symbolic,48948,10.0
symbolic,48957,9.0
symbolic,48965,8.0
symbolic,48974,9.0
symbolic,48983,9.0
symbolic,48992,9.0
symbolic,49001,9.0
symbolic,49010,9.0
symbolic,49019,9.0
symbolic,49027,8.0
symbolic,49035,8.0
symbolic,49044,9.0
symbolic,49053,9.0
symbolic,49062,9.0
symbolic,49071,9.0
symbolic,49079,8.0
symbolic,49088,9.0
symbolic,49097,9.0
symbolic,49106,9.0
symbolic,49114,8.0
symbolic,49123,9.0
symbolic,49132,9.0
symbolic,49141,9.0
symbolic,49150,9.0
symbolic,49159,9.0
symbolic,49168,9.0
symbolic,49177,9.0
symbolic,49187,10.0
symbolic,49196,9.0
symbolic,49204,8.0
symbolic,49213,9.0
symbolic,49225,12.0
symbolic,49234,9.0
symbolic,49243,9.0
symbolic,49252,9.0
symbolic,49261,9.0
symbolic,49269,8.0
symbolic,49277,8.0
symbolic,49286,9.0
symbolic,49294,8.0
symbolic,49303,9.0
symbolic,49312,9.0
symbolic,49321,9.0
symbolic,49330,9.0
symbolic,49338,8.0
symbolic,49347,9.0
symbolic,49356,9.0
symbolic,49365,9.0
symbolic,49374,9.0
symbolic,49383,9.0
symbolic,49391,8.0
symbolic,49399,8.0
symbolic,49408,9.0
symbolic,49417,9.0
symbolic,49426,9.0
symbolic,49435,9.0
symbolic,49444,9.0
symbolic,49453,9.0
symbolic,49462,9.0
symbolic,49471,9.0
symbolic,49479,8.0
symbolic,49488,9.0
symbolic,49497,9.0
symbolic,49505,8.0
symbolic,49514,9.0
symbolic,49522,8.0
symbolic,49531,9.0
symbolic,49540,9.0
symbolic,49549,9.0
symbolic,49558,9.0
symbolic,49567,9.0
symbolic,49577,10.0
symbolic,49586,9.0
symbolic,49594,8.0
symbolic,49602,8.0
symbolic,49611,9.0
symbolic,49620,9.0
symbolic,49630,10.0
symbolic,49639,9.0
symbolic,49647,8.0
symbolic,49655,8.0
symbolic,49664,9.0
symbolic,49673,9.0
symbolic,49682,9.0
symbolic,49691,9.0
symbolic,49700,9.0
symbolic,49709,9.0
symbolic,49718,9.0
symbolic,49727,9.0
symbolic,49736,9.0
symbolic,49744,8.0
symbolic,49753,9.0
symbolic,49761,8.0
symbolic,49770,9.0
symbolic,49779,9.0
symbolic,49788,9.0
symbolic,49798,10.0
symbolic,49807,9.0
symbolic,49816,9.0
symbolic,49825,9.0
symbolic,49833,8.0
symbolic,49842,9.0
symbolic,49850,8.0
symbolic,49859,9.0
symbolic,49869,10.0
symbolic,49878,9.0
symbolic,49887,9.0
symbolic,49897,10.0
symbolic,49905,8.0
symbolic,49914,9.0
symbolic,49923,9.0
symbolic,49932,9.0
symbolic,49941,9.0
symbolic,49951,10.0
symbolic,49960,9.0
symbolic,49969,9.0
symbolic,49979,10.0
symbolic,49988,9.0
symbolic,49997,9.0
symbolic,50006,9.0
symbolic,50015,9.0
symbolic,50024,9.0
symbolic,50032,8.0
symbolic,50041,9.0
symbolic,50050,9.0
symbolic,50059,9.0
symbolic,50068,9.0
symbolic,50077,9.0
symbolic,50085,8.0
symbolic,50094,9.0
symbolic,50103,9.0
symbolic,50111,8.0
symbolic,50120,9.0
symbolic,50128,8.0
symbolic,50137,9.0
symbolic,50147,10.0
symbolic,50156,9.0
symbolic,50164,8.0
symbolic,50173,9.0
