environment,seed,timesteps,episode_return,episode_length
Standard,42,8,8.0,8
Standard,42,13,5.0,5
Standard,42,19,6.0,6
Standard,42,23,4.0,4
Standard,42,33,10.0,10
Standard,42,39,6.0,6
Standard,42,48,9.0,9
Standard,42,55,7.0,7
Standard,42,67,12.0,12
Standard,42,72,5.0,5
Standard,42,78,6.0,6
Standard,42,82,4.0,4
Standard,42,89,7.0,7
Standard,42,96,7.0,7
Standard,42,101,5.0,5
Standard,42,105,4.0,4
Standard,42,115,10.0,10
Standard,42,120,5.0,5
Standard,42,125,5.0,5
Standard,42,135,10.0,10
Standard,42,146,11.0,11
Standard,42,155,9.0,9
Standard,42,165,10.0,10
Standard,42,175,10.0,10
Standard,42,186,11.0,11
Standard,42,199,13.0,13
Standard,42,204,5.0,5
Standard,42,216,12.0,12
Standard,42,231,15.0,15
Standard,42,242,11.0,11
Standard,42,248,6.0,6
Standard,42,253,5.0,5
Standard,42,265,12.0,12
Standard,42,270,5.0,5
Standard,42,275,5.0,5
Standard,42,295,20.0,20
Standard,42,301,6.0,6
Standard,42,305,4.0,4
Standard,42,316,11.0,11
Standard,42,326,10.0,10
Standard,42,335,9.0,9
Standard,42,341,6.0,6
Standard,42,344,3.0,3
Standard,42,347,3.0,3
Standard,42,351,4.0,4
Standard,42,358,7.0,7
Standard,42,366,8.0,8
Standard,42,370,4.0,4
Standard,42,396,26.0,26
Standard,42,401,5.0,5
Standard,42,408,7.0,7
Standard,42,419,11.0,11
Standard,42,431,12.0,12
Standard,42,438,7.0,7
Standard,42,442,4.0,4
Standard,42,450,8.0,8
Standard,42,460,10.0,10
Standard,42,463,3.0,3
Standard,42,468,5.0,5
Standard,42,476,8.0,8
Standard,42,480,4.0,4
Standard,42,485,5.0,5
Standard,42,492,7.0,7
Standard,42,514,22.0,22
Standard,42,520,6.0,6
Standard,42,528,8.0,8
Standard,42,532,4.0,4
Standard,42,540,8.0,8
Standard,42,549,9.0,9
Standard,42,554,5.0,5
Standard,42,559,5.0,5
Standard,42,574,15.0,15
Standard,42,590,16.0,16
Standard,42,596,6.0,6
Standard,42,602,6.0,6
Standard,42,609,7.0,7
Standard,42,615,6.0,6
Standard,42,622,7.0,7
Standard,42,627,5.0,5
Standard,42,635,8.0,8
Standard,42,647,12.0,12
Standard,42,653,6.0,6
Standard,42,658,5.0,5
Standard,42,664,6.0,6
Standard,42,680,16.0,16
Standard,42,688,8.0,8
Standard,42,694,6.0,6
Standard,42,703,9.0,9
Standard,42,708,5.0,5
Standard,42,715,7.0,7
Standard,42,720,5.0,5
Standard,42,726,6.0,6
Standard,42,740,14.0,14
Standard,42,747,7.0,7
Standard,42,754,7.0,7
Standard,42,759,5.0,5
Standard,42,776,17.0,17
Standard,42,781,5.0,5
Standard,42,790,9.0,9
Standard,42,798,8.0,8
Standard,42,802,4.0,4
Standard,42,808,6.0,6
Standard,42,813,5.0,5
Standard,42,818,5.0,5
Standard,42,826,8.0,8
Standard,42,837,11.0,11
Standard,42,842,5.0,5
Standard,42,847,5.0,5
Standard,42,858,11.0,11
Standard,42,874,16.0,16
Standard,42,878,4.0,4
Standard,42,903,25.0,25
Standard,42,910,7.0,7
Standard,42,916,6.0,6
Standard,42,931,15.0,15
Standard,42,941,10.0,10
Standard,42,945,4.0,4
Standard,42,950,5.0,5
Standard,42,955,5.0,5
Standard,42,965,10.0,10
Standard,42,970,5.0,5
Standard,42,975,5.0,5
Standard,42,981,6.0,6
Standard,42,986,5.0,5
Standard,42,991,5.0,5
Standard,42,995,4.0,4
Standard,42,1000,5.0,5
Standard,42,1008,8.0,8
Standard,42,1013,5.0,5
Standard,42,1016,3.0,3
Standard,42,1020,4.0,4
Standard,42,1023,3.0,3
Standard,42,1028,5.0,5
Standard,42,1038,10.0,10
Standard,42,1045,7.0,7
Standard,42,1050,5.0,5
Standard,42,1056,6.0,6
Standard,42,1066,10.0,10
Standard,42,1072,6.0,6
Standard,42,1078,6.0,6
Standard,42,1084,6.0,6
Standard,42,1092,8.0,8
Standard,42,1107,15.0,15
Standard,42,1114,7.0,7
Standard,42,1122,8.0,8
Standard,42,1130,8.0,8
Standard,42,1134,4.0,4
Standard,42,1138,4.0,4
Standard,42,1145,7.0,7
Standard,42,1150,5.0,5
Standard,42,1159,9.0,9
Standard,42,1166,7.0,7
Standard,42,1179,13.0,13
Standard,42,1184,5.0,5
Standard,42,1191,7.0,7
Standard,42,1209,18.0,18
Standard,42,1216,7.0,7
Standard,42,1233,17.0,17
Standard,42,1252,19.0,19
Standard,42,1263,11.0,11
Standard,42,1270,7.0,7
Standard,42,1276,6.0,6
Standard,42,1283,7.0,7
Standard,42,1289,6.0,6
Standard,42,1296,7.0,7
Standard,42,1302,6.0,6
Standard,42,1308,6.0,6
Standard,42,1316,8.0,8
Standard,42,1324,8.0,8
Standard,42,1331,7.0,7
Standard,42,1338,7.0,7
Standard,42,1349,11.0,11
Standard,42,1356,7.0,7
Standard,42,1364,8.0,8
Standard,42,1373,9.0,9
Standard,42,1378,5.0,5
Standard,42,1384,6.0,6
Standard,42,1390,6.0,6
Standard,42,1393,3.0,3
Standard,42,1405,12.0,12
Standard,42,1411,6.0,6
Standard,42,1418,7.0,7
Standard,42,1432,14.0,14
Standard,42,1445,13.0,13
Standard,42,1450,5.0,5
Standard,42,1455,5.0,5
Standard,42,1463,8.0,8
Standard,42,1478,15.0,15
Standard,42,1483,5.0,5
Standard,42,1489,6.0,6
Standard,42,1493,4.0,4
Standard,42,1498,5.0,5
Standard,42,1508,10.0,10
Standard,42,1513,5.0,5
Standard,42,1519,6.0,6
Standard,42,1524,5.0,5
Standard,42,1530,6.0,6
Standard,42,1537,7.0,7
Standard,42,1547,10.0,10
Standard,42,1555,8.0,8
Standard,42,1564,9.0,9
Standard,42,1571,7.0,7
Standard,42,1580,9.0,9
Standard,42,1587,7.0,7
Standard,42,1592,5.0,5
Standard,42,1599,7.0,7
Standard,42,1606,7.0,7
Standard,42,1612,6.0,6
Standard,42,1620,8.0,8
Standard,42,1625,5.0,5
Standard,42,1633,8.0,8
Standard,42,1637,4.0,4
Standard,42,1644,7.0,7
Standard,42,1654,10.0,10
Standard,42,1660,6.0,6
Standard,42,1668,8.0,8
Standard,42,1672,4.0,4
Standard,42,1687,15.0,15
Standard,42,1701,14.0,14
Standard,42,1706,5.0,5
Standard,42,1714,8.0,8
Standard,42,1723,9.0,9
Standard,42,1727,4.0,4
Standard,42,1740,13.0,13
Standard,42,1747,7.0,7
Standard,42,1754,7.0,7
Standard,42,1759,5.0,5
Standard,42,1765,6.0,6
Standard,42,1772,7.0,7
Standard,42,1778,6.0,6
Standard,42,1782,4.0,4
Standard,42,1792,10.0,10
Standard,42,1798,6.0,6
Standard,42,1812,14.0,14
Standard,42,1825,13.0,13
Standard,42,1829,4.0,4
Standard,42,1833,4.0,4
Standard,42,1838,5.0,5
Standard,42,1843,5.0,5
Standard,42,1848,5.0,5
Standard,42,1854,6.0,6
Standard,42,1862,8.0,8
Standard,42,1872,10.0,10
Standard,42,1876,4.0,4
Standard,42,1879,3.0,3
Standard,42,1885,6.0,6
Standard,42,1905,20.0,20
Standard,42,1912,7.0,7
Standard,42,1927,15.0,15
Standard,42,1940,13.0,13
Standard,42,1950,10.0,10
Standard,42,1956,6.0,6
Standard,42,1961,5.0,5
Standard,42,1978,17.0,17
Standard,42,1984,6.0,6
Standard,42,1999,15.0,15
Standard,42,2006,7.0,7
Standard,42,2011,5.0,5
Standard,42,2018,7.0,7
Standard,42,2025,7.0,7
Standard,42,2031,6.0,6
Standard,42,2041,10.0,10
Standard,42,2050,9.0,9
Standard,42,2068,18.0,18
Standard,42,2073,5.0,5
Standard,42,2078,5.0,5
Standard,42,2083,5.0,5
Standard,42,2094,11.0,11
Standard,42,2105,11.0,11
Standard,42,2122,17.0,17
Standard,42,2139,17.0,17
Standard,42,2149,10.0,10
Standard,42,2156,7.0,7
Standard,42,2164,8.0,8
Standard,42,2171,7.0,7
Standard,42,2178,7.0,7
Standard,42,2183,5.0,5
Standard,42,2199,16.0,16
Standard,42,2204,5.0,5
Standard,42,2209,5.0,5
Standard,42,2221,12.0,12
Standard,42,2229,8.0,8
Standard,42,2237,8.0,8
Standard,42,2248,11.0,11
Standard,42,2252,4.0,4
Standard,42,2262,10.0,10
Standard,42,2270,8.0,8
Standard,42,2275,5.0,5
Standard,42,2287,12.0,12
Standard,42,2300,13.0,13
Standard,42,2308,8.0,8
Standard,42,2312,4.0,4
Standard,42,2322,10.0,10
Standard,42,2330,8.0,8
Standard,42,2352,22.0,22
Standard,42,2361,9.0,9
Standard,42,2365,4.0,4
Standard,42,2393,28.0,28
Standard,42,2413,20.0,20
Standard,42,2426,13.0,13
Standard,42,2441,15.0,15
Standard,42,2447,6.0,6
Standard,42,2459,12.0,12
Standard,42,2465,6.0,6
Standard,42,2470,5.0,5
Standard,42,2482,12.0,12
Standard,42,2487,5.0,5
Standard,42,2495,8.0,8
Standard,42,2499,4.0,4
Standard,42,2505,6.0,6
Standard,42,2509,4.0,4
Standard,42,2513,4.0,4
Standard,42,2522,9.0,9
Standard,42,2531,9.0,9
Standard,42,2542,11.0,11
Standard,42,2575,33.0,33
Standard,42,2581,6.0,6
Standard,42,2589,8.0,8
Standard,42,2595,6.0,6
Standard,42,2602,7.0,7
Standard,42,2612,10.0,10
Standard,42,2621,9.0,9
Standard,42,2627,6.0,6
Standard,42,2636,9.0,9
Standard,42,2646,10.0,10
Standard,42,2656,10.0,10
Standard,42,2668,12.0,12
Standard,42,2682,14.0,14
Standard,42,2689,7.0,7
Standard,42,2694,5.0,5
Standard,42,2715,21.0,21
Standard,42,2719,4.0,4
Standard,42,2733,14.0,14
Standard,42,2740,7.0,7
Standard,42,2746,6.0,6
Standard,42,2761,15.0,15
Standard,42,2767,6.0,6
Standard,42,2787,20.0,20
Standard,42,2800,13.0,13
Standard,42,2810,10.0,10
Standard,42,2814,4.0,4
Standard,42,2818,4.0,4
Standard,42,2827,9.0,9
Standard,42,2837,10.0,10
Standard,42,2845,8.0,8
Standard,42,2850,5.0,5
Standard,42,2857,7.0,7
Standard,42,2871,14.0,14
Standard,42,2876,5.0,5
Standard,42,2899,23.0,23
Standard,42,2906,7.0,7
Standard,42,2911,5.0,5
Standard,42,2922,11.0,11
Standard,42,2930,8.0,8
Standard,42,2943,13.0,13
Standard,42,2953,10.0,10
Standard,42,2960,7.0,7
Standard,42,2973,13.0,13
Standard,42,2978,5.0,5
Standard,42,2985,7.0,7
Standard,42,2994,9.0,9
Standard,42,3029,35.0,35
Standard,42,3043,14.0,14
Standard,42,3056,13.0,13
Standard,42,3064,8.0,8
Standard,42,3072,8.0,8
Standard,42,3077,5.0,5
Standard,42,3082,5.0,5
Standard,42,3090,8.0,8
Standard,42,3095,5.0,5
Standard,42,3099,4.0,4
Standard,42,3112,13.0,13
Standard,42,3119,7.0,7
Standard,42,3123,4.0,4
Standard,42,3128,5.0,5
Standard,42,3144,16.0,16
Standard,42,3161,17.0,17
Standard,42,3166,5.0,5
Standard,42,3174,8.0,8
Standard,42,3183,9.0,9
Standard,42,3192,9.0,9
Standard,42,3195,3.0,3
Standard,42,3205,10.0,10
Standard,42,3218,13.0,13
Standard,42,3225,7.0,7
Standard,42,3238,13.0,13
Standard,42,3246,8.0,8
Standard,42,3252,6.0,6
Standard,42,3270,18.0,18
Standard,42,3281,11.0,11
Standard,42,3287,6.0,6
Standard,42,3294,7.0,7
Standard,42,3301,7.0,7
Standard,42,3321,20.0,20
Standard,42,3336,15.0,15
Standard,42,3340,4.0,4
Standard,42,3349,9.0,9
Standard,42,3368,19.0,19
Standard,42,3390,22.0,22
Standard,42,3401,11.0,11
Standard,42,3416,15.0,15
Standard,42,3425,9.0,9
Standard,42,3438,13.0,13
Standard,42,3454,16.0,16
Standard,42,3459,5.0,5
Standard,42,3469,10.0,10
Standard,42,3475,6.0,6
Standard,42,3481,6.0,6
Standard,42,3500,19.0,19
Standard,42,3506,6.0,6
Standard,42,3526,20.0,20
Standard,42,3533,7.0,7
Standard,42,3543,10.0,10
Standard,42,3547,4.0,4
Standard,42,3553,6.0,6
Standard,42,3559,6.0,6
Standard,42,3576,17.0,17
Standard,42,3592,16.0,16
Standard,42,3596,4.0,4
Standard,42,3611,15.0,15
Standard,42,3634,23.0,23
Standard,42,3651,17.0,17
Standard,42,3657,6.0,6
Standard,42,3663,6.0,6
Standard,42,3668,5.0,5
Standard,42,3681,13.0,13
Standard,42,3693,12.0,12
Standard,42,3704,11.0,11
Standard,42,3722,18.0,18
Standard,42,3727,5.0,5
Standard,42,3734,7.0,7
Standard,42,3740,6.0,6
Standard,42,3747,7.0,7
Standard,42,3755,8.0,8
Standard,42,3770,15.0,15
Standard,42,3778,8.0,8
Standard,42,3783,5.0,5
Standard,42,3795,12.0,12
Standard,42,3799,4.0,4
Standard,42,3804,5.0,5
Standard,42,3810,6.0,6
Standard,42,3818,8.0,8
Standard,42,3823,5.0,5
Standard,42,3834,11.0,11
Standard,42,3848,14.0,14
Standard,42,3859,11.0,11
Standard,42,3867,8.0,8
Standard,42,3879,12.0,12
Standard,42,3888,9.0,9
Standard,42,3892,4.0,4
Standard,42,3922,30.0,30
Standard,42,3945,23.0,23
Standard,42,3959,14.0,14
Standard,42,3964,5.0,5
Standard,42,3978,14.0,14
Standard,42,3984,6.0,6
Standard,42,4014,30.0,30
Standard,42,4018,4.0,4
Standard,42,4022,4.0,4
Standard,42,4037,15.0,15
Standard,42,4053,16.0,16
Standard,42,4059,6.0,6
Standard,42,4066,7.0,7
Standard,42,4075,9.0,9
Standard,42,4081,6.0,6
Standard,42,4091,10.0,10
Standard,42,4097,6.0,6
Standard,42,4136,39.0,39
Standard,42,4146,10.0,10
Standard,42,4151,5.0,5
Standard,42,4162,11.0,11
Standard,42,4167,5.0,5
Standard,42,4173,6.0,6
Standard,42,4179,6.0,6
Standard,42,4196,17.0,17
Standard,42,4210,14.0,14
Standard,42,4219,9.0,9
Standard,42,4229,10.0,10
Standard,42,4241,12.0,12
Standard,42,4253,12.0,12
Standard,42,4258,5.0,5
Standard,42,4286,28.0,28
Standard,42,4294,8.0,8
Standard,42,4315,21.0,21
Standard,42,4319,4.0,4
Standard,42,4333,14.0,14
Standard,42,4347,14.0,14
Standard,42,4364,17.0,17
Standard,42,4387,23.0,23
Standard,42,4415,28.0,28
Standard,42,4429,14.0,14
Standard,42,4436,7.0,7
Standard,42,4448,12.0,12
Standard,42,4452,4.0,4
Standard,42,4463,11.0,11
Standard,42,4469,6.0,6
Standard,42,4475,6.0,6
Standard,42,4489,14.0,14
Standard,42,4524,35.0,35
Standard,42,4529,5.0,5
Standard,42,4547,18.0,18
Standard,42,4576,29.0,29
Standard,42,4604,28.0,28
Standard,42,4620,16.0,16
Standard,42,4638,18.0,18
Standard,42,4658,20.0,20
Standard,42,4670,12.0,12
Standard,42,4678,8.0,8
Standard,42,4711,33.0,33
Standard,42,4755,44.0,44
Standard,42,4763,8.0,8
Standard,42,4768,5.0,5
Standard,42,4785,17.0,17
Standard,42,4795,10.0,10
Standard,42,4813,18.0,18
Standard,42,4827,14.0,14
Standard,42,4842,15.0,15
Standard,42,4848,6.0,6
Standard,42,4887,39.0,39
Standard,42,4910,23.0,23
Standard,42,4918,8.0,8
Standard,42,4930,12.0,12
Standard,42,4941,11.0,11
Standard,42,4947,6.0,6
Standard,42,4958,11.0,11
Standard,42,4964,6.0,6
Standard,42,4977,13.0,13
Standard,42,5001,24.0,24
Standard,42,5023,22.0,22
Standard,42,5054,31.0,31
Standard,42,5060,6.0,6
Standard,42,5069,9.0,9
Standard,42,5074,5.0,5
Standard,42,5091,17.0,17
Standard,42,5101,10.0,10
Standard,42,5127,26.0,26
Standard,42,5148,21.0,21
Standard,42,5164,16.0,16
Standard,42,5172,8.0,8
Standard,42,5203,31.0,31
Standard,42,5221,18.0,18
Standard,42,5232,11.0,11
Standard,42,5238,6.0,6
Standard,42,5243,5.0,5
Standard,42,5253,10.0,10
Standard,42,5261,8.0,8
Standard,42,5269,8.0,8
Standard,42,5278,9.0,9
Standard,42,5287,9.0,9
Standard,42,5297,10.0,10
Standard,42,5332,35.0,35
Standard,42,5357,25.0,25
Standard,42,5372,15.0,15
Standard,42,5385,13.0,13
Standard,42,5408,23.0,23
Standard,42,5416,8.0,8
Standard,42,5440,24.0,24
Standard,42,5451,11.0,11
Standard,42,5473,22.0,22
Standard,42,5488,15.0,15
Standard,42,5497,9.0,9
Standard,42,5504,7.0,7
Standard,42,5510,6.0,6
Standard,42,5524,14.0,14
Standard,42,5538,14.0,14
Standard,42,5548,10.0,10
Standard,42,5555,7.0,7
Standard,42,5563,8.0,8
Standard,42,5567,4.0,4
Standard,42,5574,7.0,7
Standard,42,5587,13.0,13
Standard,42,5604,17.0,17
Standard,42,5638,34.0,34
Standard,42,5679,41.0,41
Standard,42,5688,9.0,9
Standard,42,5709,21.0,21
Standard,42,5724,15.0,15
Standard,42,5736,12.0,12
Standard,42,5753,17.0,17
Standard,42,5764,11.0,11
Standard,42,5780,16.0,16
Standard,42,5813,33.0,33
Standard,42,5828,15.0,15
Standard,42,5836,8.0,8
Standard,42,5847,11.0,11
Standard,42,5870,23.0,23
Standard,42,5875,5.0,5
Standard,42,5923,48.0,48
Standard,42,5933,10.0,10
Standard,42,5948,15.0,15
Standard,42,5966,18.0,18
Standard,42,5989,23.0,23
Standard,42,5999,10.0,10
Standard,42,6012,13.0,13
Standard,42,6021,9.0,9
Standard,42,6048,27.0,27
Standard,42,6062,14.0,14
Standard,42,6093,31.0,31
Standard,42,6099,6.0,6
Standard,42,6115,16.0,16
Standard,42,6126,11.0,11
Standard,42,6149,23.0,23
Standard,42,6193,44.0,44
Standard,42,6208,15.0,15
Standard,42,6222,14.0,14
Standard,42,6284,62.0,62
Standard,42,6292,8.0,8
Standard,42,6348,56.0,56
Standard,42,6359,11.0,11
Standard,42,6379,20.0,20
Standard,42,6400,21.0,21
Standard,42,6413,13.0,13
Standard,42,6429,16.0,16
Standard,42,6448,19.0,19
Standard,42,6480,32.0,32
Standard,42,6520,40.0,40
Standard,42,6559,39.0,39
Standard,42,6585,26.0,26
Standard,42,6600,15.0,15
Standard,42,6615,15.0,15
Standard,42,6623,8.0,8
Standard,42,6646,23.0,23
Standard,42,6653,7.0,7
Standard,42,6668,15.0,15
Standard,42,6688,20.0,20
Standard,42,6706,18.0,18
Standard,42,6717,11.0,11
Standard,42,6752,35.0,35
Standard,42,6801,49.0,49
Standard,42,6805,4.0,4
Standard,42,6811,6.0,6
Standard,42,6837,26.0,26
Standard,42,6846,9.0,9
Standard,42,6867,21.0,21
Standard,42,6885,18.0,18
Standard,42,6946,61.0,61
Standard,42,7001,55.0,55
Standard,42,7021,20.0,20
Standard,42,7037,16.0,16
Standard,42,7060,23.0,23
Standard,42,7078,18.0,18
Standard,42,7115,37.0,37
Standard,42,7174,59.0,59
Standard,42,7179,5.0,5
Standard,42,7214,35.0,35
Standard,42,7241,27.0,27
Standard,42,7253,12.0,12
Standard,42,7289,36.0,36
Standard,42,7297,8.0,8
Standard,42,7314,17.0,17
Standard,42,7350,36.0,36
Standard,42,7388,38.0,38
Standard,42,7410,22.0,22
Standard,42,7417,7.0,7
Standard,42,7442,25.0,25
Standard,42,7493,51.0,51
Standard,42,7529,36.0,36
Standard,42,7560,31.0,31
Standard,42,7577,17.0,17
Standard,42,7650,73.0,73
Standard,42,7694,44.0,44
Standard,42,7723,29.0,29
Standard,42,7734,11.0,11
Standard,42,7773,39.0,39
Standard,42,7779,6.0,6
Standard,42,7787,8.0,8
Standard,42,7829,42.0,42
Standard,42,7864,35.0,35
Standard,42,7869,5.0,5
Standard,42,7886,17.0,17
Standard,42,7903,17.0,17
Standard,42,7939,36.0,36
Standard,42,7962,23.0,23
Standard,42,7976,14.0,14
Standard,42,7985,9.0,9
Standard,42,8000,15.0,15
Standard,42,8015,15.0,15
Standard,42,8035,20.0,20
Standard,42,8040,5.0,5
Standard,42,8055,15.0,15
Standard,42,8105,50.0,50
Standard,42,8132,27.0,27
Standard,42,8147,15.0,15
Standard,42,8166,19.0,19
Standard,42,8173,7.0,7
Standard,42,8208,35.0,35
Standard,42,8238,30.0,30
Standard,42,8254,16.0,16
Standard,42,8270,16.0,16
Standard,42,8281,11.0,11
Standard,42,8328,47.0,47
Standard,42,8349,21.0,21
Standard,42,8363,14.0,14
Standard,42,8377,14.0,14
Standard,42,8386,9.0,9
Standard,42,8446,60.0,60
Standard,42,8500,54.0,54
Standard,42,8505,5.0,5
Standard,42,8521,16.0,16
Standard,42,8528,7.0,7
Standard,42,8540,12.0,12
Standard,42,8561,21.0,21
Standard,42,8651,90.0,90
Standard,42,8681,30.0,30
Standard,42,8714,33.0,33
Standard,42,8790,76.0,76
Standard,42,8823,33.0,33
Standard,42,8900,77.0,77
Standard,42,8947,47.0,47
Standard,42,8994,47.0,47
Standard,42,9027,33.0,33
Standard,42,9037,10.0,10
Standard,42,9085,48.0,48
Standard,42,9129,44.0,44
Standard,42,9155,26.0,26
Standard,42,9197,42.0,42
Standard,42,9244,47.0,47
Standard,42,9294,50.0,50
Standard,42,9366,72.0,72
Standard,42,9396,30.0,30
Standard,42,9443,47.0,47
Standard,42,9461,18.0,18
Standard,42,9468,7.0,7
Standard,42,9526,58.0,58
Standard,42,9565,39.0,39
Standard,42,9570,5.0,5
Standard,42,9609,39.0,39
Standard,42,9621,12.0,12
Standard,42,9677,56.0,56
Standard,42,9710,33.0,33
Standard,42,9731,21.0,21
Standard,42,9746,15.0,15
Standard,42,9781,35.0,35
Standard,42,9841,60.0,60
Standard,42,9902,61.0,61
Standard,42,9943,41.0,41
Standard,42,9981,38.0,38
Standard,42,10049,68.0,68
Standard,42,10078,29.0,29
Standard,42,10142,64.0,64
Standard,42,10204,62.0,62
Standard,42,10240,36.0,36
Standard,42,10275,35.0,35
Standard,42,10317,42.0,42
Standard,42,10372,55.0,55
Standard,42,10424,52.0,52
Standard,42,10454,30.0,30
Standard,42,10571,117.0,117
Standard,42,10643,72.0,72
Standard,42,10714,71.0,71
Standard,42,10739,25.0,25
Standard,42,10816,77.0,77
Standard,42,10824,8.0,8
Standard,42,10839,15.0,15
Standard,42,10892,53.0,53
Standard,42,10957,65.0,65
Standard,42,11030,73.0,73
Standard,42,11038,8.0,8
Standard,42,11099,61.0,61
Standard,42,11107,8.0,8
Standard,42,11159,52.0,52
Standard,42,11222,63.0,63
Standard,42,11284,62.0,62
Standard,42,11397,113.0,113
Standard,42,11455,58.0,58
Standard,42,11520,65.0,65
Standard,42,11577,57.0,57
Standard,42,11616,39.0,39
Standard,42,11663,47.0,47
Standard,42,11718,55.0,55
Standard,42,11787,69.0,69
Standard,42,11836,49.0,49
Standard,42,11880,44.0,44
Standard,42,11930,50.0,50
Standard,42,11977,47.0,47
Standard,42,11986,9.0,9
Standard,42,12020,34.0,34
Standard,42,12025,5.0,5
Standard,42,12078,53.0,53
Standard,42,12126,48.0,48
Standard,42,12179,53.0,53
Standard,42,12220,41.0,41
Standard,42,12314,94.0,94
Standard,42,12381,67.0,67
Standard,42,12490,109.0,109
Standard,42,12615,125.0,125
Standard,42,12671,56.0,56
Standard,42,12685,14.0,14
Standard,42,12727,42.0,42
Standard,42,12826,99.0,99
Standard,42,12895,69.0,69
Standard,42,12950,55.0,55
Standard,42,12955,5.0,5
Standard,42,13061,106.0,106
Standard,42,13100,39.0,39
Standard,42,13142,42.0,42
Standard,42,13186,44.0,44
Standard,42,13241,55.0,55
Standard,42,13308,67.0,67
Standard,42,13337,29.0,29
Standard,42,13382,45.0,45
Standard,42,13401,19.0,19
Standard,42,13472,71.0,71
Standard,42,13528,56.0,56
Standard,42,13554,26.0,26
Standard,42,13587,33.0,33
Standard,42,13672,85.0,85
Standard,42,13731,59.0,59
Standard,42,13832,101.0,101
Standard,42,13899,67.0,67
Standard,42,13917,18.0,18
Standard,42,13940,23.0,23
Standard,42,14048,108.0,108
Standard,42,14117,69.0,69
Standard,42,14161,44.0,44
Standard,42,14226,65.0,65
Standard,42,14303,77.0,77
Standard,42,14349,46.0,46
Standard,42,14435,86.0,86
Standard,42,14533,98.0,98
Standard,42,14624,91.0,91
Standard,42,14704,80.0,80
Standard,42,14776,72.0,72
Standard,42,14847,71.0,71
Standard,42,14907,60.0,60
Standard,42,14929,22.0,22
Standard,42,14959,30.0,30
Standard,42,15087,128.0,128
Standard,42,15146,59.0,59
Standard,42,15237,91.0,91
Standard,42,15287,50.0,50
Standard,42,15357,70.0,70
Standard,42,15370,13.0,13
Standard,42,15468,98.0,98
Standard,42,15515,47.0,47
Standard,42,15677,162.0,162
Standard,42,15778,101.0,101
Standard,42,15844,66.0,66
Standard,42,15954,110.0,110
Standard,42,16012,58.0,58
Standard,42,16105,93.0,93
Standard,42,16161,56.0,56
Standard,42,16239,78.0,78
Standard,42,16310,71.0,71
Standard,42,16358,48.0,48
Standard,42,16433,75.0,75
Standard,42,16512,79.0,79
Standard,42,16602,90.0,90
Standard,42,16682,80.0,80
Standard,42,16764,82.0,82
Standard,42,16847,83.0,83
Standard,42,16954,107.0,107
Standard,42,17101,147.0,147
Standard,42,17189,88.0,88
Standard,42,17256,67.0,67
Standard,42,17369,113.0,113
Standard,42,17460,91.0,91
Standard,42,17555,95.0,95
Standard,42,17690,135.0,135
Standard,42,17838,148.0,148
Standard,42,17977,139.0,139
Standard,42,18082,105.0,105
Standard,42,18142,60.0,60
Standard,42,18195,53.0,53
Standard,42,18358,163.0,163
Standard,42,18455,97.0,97
Standard,42,18540,85.0,85
Standard,42,18642,102.0,102
Standard,42,18738,96.0,96
Standard,42,18775,37.0,37
Standard,42,18876,101.0,101
Standard,42,18982,106.0,106
Standard,42,19030,48.0,48
Standard,42,19133,103.0,103
Standard,42,19248,115.0,115
Standard,42,19339,91.0,91
Standard,42,19354,15.0,15
Standard,42,19460,106.0,106
Standard,42,19552,92.0,92
Standard,42,19712,160.0,160
Standard,42,19795,83.0,83
Standard,42,19989,194.0,194
Standard,42,20152,163.0,163
Standard,42,20242,90.0,90
Standard,42,20348,106.0,106
Standard,42,20422,74.0,74
Standard,42,20570,148.0,148
Standard,42,20666,96.0,96
Standard,42,20757,91.0,91
Standard,42,20872,115.0,115
Standard,42,21005,133.0,133
Standard,42,21188,183.0,183
Standard,42,21388,200.0,200
Standard,42,21504,116.0,116
Standard,42,21583,79.0,79
Standard,42,21706,123.0,123
Standard,42,21860,154.0,154
Standard,42,21975,115.0,115
Standard,42,22072,97.0,97
Standard,42,22201,129.0,129
Standard,42,22319,118.0,118
Standard,42,22481,162.0,162
Standard,42,22591,110.0,110
Standard,42,22672,81.0,81
Standard,42,22798,126.0,126
Standard,42,22931,133.0,133
Standard,42,23176,245.0,245
Standard,42,23326,150.0,150
Standard,42,23435,109.0,109
Standard,42,23582,147.0,147
Standard,42,23664,82.0,82
Standard,42,23776,112.0,112
Standard,42,23877,101.0,101
Standard,42,24125,248.0,248
Standard,42,24243,118.0,118
Standard,42,24344,101.0,101
Standard,42,24657,313.0,313
Standard,42,25047,390.0,390
Standard,42,25297,250.0,250
Standard,42,25509,212.0,212
Standard,42,25645,136.0,136
Standard,42,25779,134.0,134
Standard,42,26040,261.0,261
Standard,42,26181,141.0,141
Standard,42,26463,282.0,282
Standard,42,26595,132.0,132
Standard,42,26771,176.0,176
Standard,42,27137,366.0,366
Standard,42,27323,186.0,186
Standard,42,27508,185.0,185
Standard,42,27716,208.0,208
Standard,42,27898,182.0,182
Standard,42,28089,191.0,191
Standard,42,28253,164.0,164
Standard,42,28432,179.0,179
Standard,42,28613,181.0,181
Standard,42,28901,288.0,288
Standard,42,29464,563.0,563
Standard,42,29701,237.0,237
Standard,42,30015,314.0,314
Standard,42,30384,369.0,369
Standard,42,30971,587.0,587
Standard,42,31971,1000.0,1000
Standard,42,32971,1000.0,1000
Standard,42,33778,807.0,807
Standard,42,34135,357.0,357
Standard,42,34495,360.0,360
Standard,42,35495,1000.0,1000
Standard,42,36495,1000.0,1000
Standard,42,37495,1000.0,1000
Standard,42,38495,1000.0,1000
Standard,42,39495,1000.0,1000
Standard,42,40495,1000.0,1000
Standard,42,40667,172.0,172
Standard,42,41667,1000.0,1000
Standard,42,42667,1000.0,1000
Standard,42,43667,1000.0,1000
Standard,42,44331,664.0,664
Standard,42,45331,1000.0,1000
Standard,42,46331,1000.0,1000
Standard,42,47331,1000.0,1000
Standard,42,47788,457.0,457
Standard,42,48788,1000.0,1000
Standard,42,49554,766.0,766
Standard,42,50554,1000.0,1000
Standard,42,51554,1000.0,1000
Standard,42,52554,1000.0,1000
Standard,42,53554,1000.0,1000
Standard,42,54554,1000.0,1000
Standard,42,55554,1000.0,1000
Standard,42,56554,1000.0,1000
Standard,42,57554,1000.0,1000
Standard,42,58554,1000.0,1000
Standard,42,59554,1000.0,1000
Standard,42,60554,1000.0,1000
Standard,42,61554,1000.0,1000
Standard,42,62554,1000.0,1000
Standard,42,63554,1000.0,1000
Standard,42,64554,1000.0,1000
Standard,42,65554,1000.0,1000
Standard,42,66554,1000.0,1000
Standard,42,67554,1000.0,1000
Standard,42,68554,1000.0,1000
Standard,42,69554,1000.0,1000
Standard,42,70554,1000.0,1000
Standard,42,71554,1000.0,1000
Standard,42,72554,1000.0,1000
Standard,42,73554,1000.0,1000
Standard,42,74554,1000.0,1000
Standard,42,75554,1000.0,1000
Standard,42,76554,1000.0,1000
Standard,42,77554,1000.0,1000
Standard,42,78554,1000.0,1000
Standard,42,79554,1000.0,1000
Standard,42,80554,1000.0,1000
Standard,42,81554,1000.0,1000
Standard,42,82554,1000.0,1000
Standard,42,83554,1000.0,1000
Standard,42,84554,1000.0,1000
Standard,42,85554,1000.0,1000
Standard,42,86554,1000.0,1000
Standard,42,87554,1000.0,1000
Standard,42,88554,1000.0,1000
Standard,42,89554,1000.0,1000
Standard,42,90554,1000.0,1000
Standard,42,91554,1000.0,1000
Standard,42,92554,1000.0,1000
Standard,42,93554,1000.0,1000
Standard,42,94554,1000.0,1000
Standard,42,95554,1000.0,1000
Standard,42,96554,1000.0,1000
Standard,42,97554,1000.0,1000
Standard,42,98554,1000.0,1000
Standard,42,99554,1000.0,1000
Standard,43,8,8.0,8
Standard,43,11,3.0,3
Standard,43,28,17.0,17
Standard,43,34,6.0,6
Standard,43,46,12.0,12
Standard,43,52,6.0,6
Standard,43,59,7.0,7
Standard,43,65,6.0,6
Standard,43,69,4.0,4
Standard,43,84,15.0,15
Standard,43,94,10.0,10
Standard,43,99,5.0,5
Standard,43,107,8.0,8
Standard,43,124,17.0,17
Standard,43,135,11.0,11
Standard,43,157,22.0,22
Standard,43,164,7.0,7
Standard,43,171,7.0,7
Standard,43,184,13.0,13
Standard,43,196,12.0,12
Standard,43,201,5.0,5
Standard,43,216,15.0,15
Standard,43,223,7.0,7
Standard,43,229,6.0,6
Standard,43,236,7.0,7
Standard,43,240,4.0,4
Standard,43,245,5.0,5
Standard,43,249,4.0,4
Standard,43,253,4.0,4
Standard,43,256,3.0,3
Standard,43,267,11.0,11
Standard,43,285,18.0,18
Standard,43,293,8.0,8
Standard,43,303,10.0,10
Standard,43,308,5.0,5
Standard,43,315,7.0,7
Standard,43,323,8.0,8
Standard,43,332,9.0,9
Standard,43,340,8.0,8
Standard,43,357,17.0,17
Standard,43,361,4.0,4
Standard,43,368,7.0,7
Standard,43,374,6.0,6
Standard,43,382,8.0,8
Standard,43,385,3.0,3
Standard,43,391,6.0,6
Standard,43,400,9.0,9
Standard,43,407,7.0,7
Standard,43,418,11.0,11
Standard,43,422,4.0,4
Standard,43,427,5.0,5
Standard,43,433,6.0,6
Standard,43,446,13.0,13
Standard,43,451,5.0,5
Standard,43,457,6.0,6
Standard,43,469,12.0,12
Standard,43,475,6.0,6
Standard,43,479,4.0,4
Standard,43,489,10.0,10
Standard,43,501,12.0,12
Standard,43,516,15.0,15
Standard,43,526,10.0,10
Standard,43,535,9.0,9
Standard,43,541,6.0,6
Standard,43,545,4.0,4
Standard,43,550,5.0,5
Standard,43,555,5.0,5
Standard,43,565,10.0,10
Standard,43,571,6.0,6
Standard,43,575,4.0,4
Standard,43,579,4.0,4
Standard,43,589,10.0,10
Standard,43,593,4.0,4
Standard,43,604,11.0,11
Standard,43,655,51.0,51
Standard,43,659,4.0,4
Standard,43,669,10.0,10
Standard,43,676,7.0,7
Standard,43,683,7.0,7
Standard,43,687,4.0,4
Standard,43,694,7.0,7
Standard,43,698,4.0,4
Standard,43,703,5.0,5
Standard,43,714,11.0,11
Standard,43,719,5.0,5
Standard,43,730,11.0,11
Standard,43,738,8.0,8
Standard,43,743,5.0,5
Standard,43,749,6.0,6
Standard,43,759,10.0,10
Standard,43,768,9.0,9
Standard,43,774,6.0,6
Standard,43,777,3.0,3
Standard,43,782,5.0,5
Standard,43,795,13.0,13
Standard,43,799,4.0,4
Standard,43,806,7.0,7
Standard,43,821,15.0,15
Standard,43,829,8.0,8
Standard,43,834,5.0,5
Standard,43,841,7.0,7
Standard,43,861,20.0,20
Standard,43,868,7.0,7
Standard,43,877,9.0,9
Standard,43,881,4.0,4
Standard,43,887,6.0,6
Standard,43,894,7.0,7
Standard,43,904,10.0,10
Standard,43,910,6.0,6
Standard,43,915,5.0,5
Standard,43,926,11.0,11
Standard,43,936,10.0,10
Standard,43,945,9.0,9
Standard,43,949,4.0,4
Standard,43,954,5.0,5
Standard,43,961,7.0,7
Standard,43,968,7.0,7
Standard,43,974,6.0,6
Standard,43,979,5.0,5
Standard,43,987,8.0,8
Standard,43,995,8.0,8
Standard,43,1000,5.0,5
Standard,43,1017,17.0,17
Standard,43,1029,12.0,12
Standard,43,1033,4.0,4
Standard,43,1039,6.0,6
Standard,43,1044,5.0,5
Standard,43,1050,6.0,6
Standard,43,1055,5.0,5
Standard,43,1064,9.0,9
Standard,43,1068,4.0,4
Standard,43,1072,4.0,4
Standard,43,1077,5.0,5
Standard,43,1086,9.0,9
Standard,43,1089,3.0,3
Standard,43,1101,12.0,12
Standard,43,1107,6.0,6
Standard,43,1111,4.0,4
Standard,43,1126,15.0,15
Standard,43,1133,7.0,7
Standard,43,1141,8.0,8
Standard,43,1149,8.0,8
Standard,43,1157,8.0,8
Standard,43,1167,10.0,10
Standard,43,1174,7.0,7
Standard,43,1180,6.0,6
Standard,43,1184,4.0,4
Standard,43,1192,8.0,8
Standard,43,1197,5.0,5
Standard,43,1210,13.0,13
Standard,43,1214,4.0,4
Standard,43,1234,20.0,20
Standard,43,1240,6.0,6
Standard,43,1246,6.0,6
Standard,43,1253,7.0,7
Standard,43,1256,3.0,3
Standard,43,1262,6.0,6
Standard,43,1265,3.0,3
Standard,43,1269,4.0,4
Standard,43,1282,13.0,13
Standard,43,1292,10.0,10
Standard,43,1296,4.0,4
Standard,43,1306,10.0,10
Standard,43,1317,11.0,11
Standard,43,1322,5.0,5
Standard,43,1333,11.0,11
Standard,43,1338,5.0,5
Standard,43,1348,10.0,10
Standard,43,1362,14.0,14
Standard,43,1369,7.0,7
Standard,43,1374,5.0,5
Standard,43,1389,15.0,15
Standard,43,1397,8.0,8
Standard,43,1404,7.0,7
Standard,43,1418,14.0,14
Standard,43,1427,9.0,9
Standard,43,1435,8.0,8
Standard,43,1442,7.0,7
Standard,43,1452,10.0,10
Standard,43,1461,9.0,9
Standard,43,1465,4.0,4
Standard,43,1469,4.0,4
Standard,43,1473,4.0,4
Standard,43,1477,4.0,4
Standard,43,1485,8.0,8
Standard,43,1493,8.0,8
Standard,43,1502,9.0,9
Standard,43,1508,6.0,6
Standard,43,1513,5.0,5
Standard,43,1520,7.0,7
Standard,43,1530,10.0,10
Standard,43,1537,7.0,7
Standard,43,1542,5.0,5
Standard,43,1551,9.0,9
Standard,43,1559,8.0,8
Standard,43,1564,5.0,5
Standard,43,1571,7.0,7
Standard,43,1575,4.0,4
Standard,43,1584,9.0,9
Standard,43,1590,6.0,6
Standard,43,1596,6.0,6
Standard,43,1608,12.0,12
Standard,43,1614,6.0,6
Standard,43,1619,5.0,5
Standard,43,1628,9.0,9
Standard,43,1636,8.0,8
Standard,43,1642,6.0,6
Standard,43,1650,8.0,8
Standard,43,1662,12.0,12
Standard,43,1669,7.0,7
Standard,43,1687,18.0,18
Standard,43,1694,7.0,7
Standard,43,1703,9.0,9
Standard,43,1709,6.0,6
Standard,43,1728,19.0,19
Standard,43,1734,6.0,6
Standard,43,1741,7.0,7
Standard,43,1756,15.0,15
Standard,43,1761,5.0,5
Standard,43,1770,9.0,9
Standard,43,1780,10.0,10
Standard,43,1797,17.0,17
Standard,43,1800,3.0,3
Standard,43,1811,11.0,11
Standard,43,1816,5.0,5
Standard,43,1827,11.0,11
Standard,43,1833,6.0,6
Standard,43,1841,8.0,8
Standard,43,1848,7.0,7
Standard,43,1852,4.0,4
Standard,43,1857,5.0,5
Standard,43,1864,7.0,7
Standard,43,1876,12.0,12
Standard,43,1885,9.0,9
Standard,43,1902,17.0,17
Standard,43,1906,4.0,4
Standard,43,1913,7.0,7
Standard,43,1919,6.0,6
Standard,43,1928,9.0,9
Standard,43,1940,12.0,12
Standard,43,1946,6.0,6
Standard,43,1958,12.0,12
Standard,43,1966,8.0,8
Standard,43,1985,19.0,19
Standard,43,1989,4.0,4
Standard,43,1993,4.0,4
Standard,43,1998,5.0,5
Standard,43,2008,10.0,10
Standard,43,2012,4.0,4
Standard,43,2020,8.0,8
Standard,43,2027,7.0,7
Standard,43,2032,5.0,5
Standard,43,2040,8.0,8
Standard,43,2058,18.0,18
Standard,43,2065,7.0,7
Standard,43,2074,9.0,9
Standard,43,2081,7.0,7
Standard,43,2087,6.0,6
Standard,43,2092,5.0,5
Standard,43,2100,8.0,8
Standard,43,2109,9.0,9
Standard,43,2116,7.0,7
Standard,43,2132,16.0,16
Standard,43,2149,17.0,17
Standard,43,2156,7.0,7
Standard,43,2161,5.0,5
Standard,43,2166,5.0,5
Standard,43,2182,16.0,16
Standard,43,2195,13.0,13
Standard,43,2202,7.0,7
Standard,43,2211,9.0,9
Standard,43,2221,10.0,10
Standard,43,2233,12.0,12
Standard,43,2236,3.0,3
Standard,43,2244,8.0,8
Standard,43,2251,7.0,7
Standard,43,2264,13.0,13
Standard,43,2273,9.0,9
Standard,43,2283,10.0,10
Standard,43,2288,5.0,5
Standard,43,2293,5.0,5
Standard,43,2305,12.0,12
Standard,43,2313,8.0,8
Standard,43,2324,11.0,11
Standard,43,2347,23.0,23
Standard,43,2378,31.0,31
Standard,43,2384,6.0,6
Standard,43,2393,9.0,9
Standard,43,2404,11.0,11
Standard,43,2423,19.0,19
Standard,43,2435,12.0,12
Standard,43,2444,9.0,9
Standard,43,2451,7.0,7
Standard,43,2458,7.0,7
Standard,43,2463,5.0,5
Standard,43,2471,8.0,8
Standard,43,2482,11.0,11
Standard,43,2499,17.0,17
Standard,43,2511,12.0,12
Standard,43,2521,10.0,10
Standard,43,2545,24.0,24
Standard,43,2559,14.0,14
Standard,43,2563,4.0,4
Standard,43,2572,9.0,9
Standard,43,2580,8.0,8
Standard,43,2586,6.0,6
Standard,43,2600,14.0,14
Standard,43,2625,25.0,25
Standard,43,2629,4.0,4
Standard,43,2636,7.0,7
Standard,43,2657,21.0,21
Standard,43,2679,22.0,22
Standard,43,2696,17.0,17
Standard,43,2704,8.0,8
Standard,43,2709,5.0,5
Standard,43,2716,7.0,7
Standard,43,2721,5.0,5
Standard,43,2732,11.0,11
Standard,43,2740,8.0,8
Standard,43,2745,5.0,5
Standard,43,2752,7.0,7
Standard,43,2762,10.0,10
Standard,43,2775,13.0,13
Standard,43,2787,12.0,12
Standard,43,2799,12.0,12
Standard,43,2807,8.0,8
Standard,43,2819,12.0,12
Standard,43,2826,7.0,7
Standard,43,2839,13.0,13
Standard,43,2852,13.0,13
Standard,43,2856,4.0,4
Standard,43,2868,12.0,12
Standard,43,2873,5.0,5
Standard,43,2881,8.0,8
Standard,43,2908,27.0,27
Standard,43,2914,6.0,6
Standard,43,2919,5.0,5
Standard,43,2930,11.0,11
Standard,43,2940,10.0,10
Standard,43,2945,5.0,5
Standard,43,2971,26.0,26
Standard,43,2979,8.0,8
Standard,43,2987,8.0,8
Standard,43,2991,4.0,4
Standard,43,2997,6.0,6
Standard,43,3002,5.0,5
Standard,43,3007,5.0,5
Standard,43,3012,5.0,5
Standard,43,3017,5.0,5
Standard,43,3024,7.0,7
Standard,43,3031,7.0,7
Standard,43,3043,12.0,12
Standard,43,3053,10.0,10
Standard,43,3086,33.0,33
Standard,43,3100,14.0,14
Standard,43,3104,4.0,4
Standard,43,3108,4.0,4
Standard,43,3112,4.0,4
Standard,43,3118,6.0,6
Standard,43,3126,8.0,8
Standard,43,3136,10.0,10
Standard,43,3155,19.0,19
Standard,43,3167,12.0,12
Standard,43,3174,7.0,7
Standard,43,3195,21.0,21
Standard,43,3200,5.0,5
Standard,43,3208,8.0,8
Standard,43,3218,10.0,10
Standard,43,3250,32.0,32
Standard,43,3264,14.0,14
Standard,43,3273,9.0,9
Standard,43,3280,7.0,7
Standard,43,3290,10.0,10
Standard,43,3297,7.0,7
Standard,43,3309,12.0,12
Standard,43,3332,23.0,23
Standard,43,3352,20.0,20
Standard,43,3361,9.0,9
Standard,43,3365,4.0,4
Standard,43,3386,21.0,21
Standard,43,3398,12.0,12
Standard,43,3403,5.0,5
Standard,43,3414,11.0,11
Standard,43,3417,3.0,3
Standard,43,3420,3.0,3
Standard,43,3436,16.0,16
Standard,43,3448,12.0,12
Standard,43,3456,8.0,8
Standard,43,3468,12.0,12
Standard,43,3476,8.0,8
Standard,43,3482,6.0,6
Standard,43,3485,3.0,3
Standard,43,3502,17.0,17
Standard,43,3515,13.0,13
Standard,43,3524,9.0,9
Standard,43,3530,6.0,6
Standard,43,3536,6.0,6
Standard,43,3558,22.0,22
Standard,43,3562,4.0,4
Standard,43,3579,17.0,17
Standard,43,3583,4.0,4
Standard,43,3605,22.0,22
Standard,43,3615,10.0,10
Standard,43,3629,14.0,14
Standard,43,3646,17.0,17
Standard,43,3651,5.0,5
Standard,43,3659,8.0,8
Standard,43,3688,29.0,29
Standard,43,3697,9.0,9
Standard,43,3703,6.0,6
Standard,43,3709,6.0,6
Standard,43,3718,9.0,9
Standard,43,3724,6.0,6
Standard,43,3730,6.0,6
Standard,43,3742,12.0,12
Standard,43,3754,12.0,12
Standard,43,3762,8.0,8
Standard,43,3767,5.0,5
Standard,43,3779,12.0,12
Standard,43,3792,13.0,13
Standard,43,3800,8.0,8
Standard,43,3808,8.0,8
Standard,43,3812,4.0,4
Standard,43,3832,20.0,20
Standard,43,3844,12.0,12
Standard,43,3862,18.0,18
Standard,43,3873,11.0,11
Standard,43,3886,13.0,13
Standard,43,3897,11.0,11
Standard,43,3906,9.0,9
Standard,43,3926,20.0,20
Standard,43,3931,5.0,5
Standard,43,3941,10.0,10
Standard,43,3958,17.0,17
Standard,43,3966,8.0,8
Standard,43,3972,6.0,6
Standard,43,3981,9.0,9
Standard,43,3985,4.0,4
Standard,43,4004,19.0,19
Standard,43,4010,6.0,6
Standard,43,4017,7.0,7
Standard,43,4021,4.0,4
Standard,43,4026,5.0,5
Standard,43,4036,10.0,10
Standard,43,4052,16.0,16
Standard,43,4061,9.0,9
Standard,43,4077,16.0,16
Standard,43,4087,10.0,10
Standard,43,4092,5.0,5
Standard,43,4113,21.0,21
Standard,43,4120,7.0,7
Standard,43,4132,12.0,12
Standard,43,4152,20.0,20
Standard,43,4168,16.0,16
Standard,43,4182,14.0,14
Standard,43,4192,10.0,10
Standard,43,4201,9.0,9
Standard,43,4209,8.0,8
Standard,43,4218,9.0,9
Standard,43,4233,15.0,15
Standard,43,4251,18.0,18
Standard,43,4279,28.0,28
Standard,43,4283,4.0,4
Standard,43,4309,26.0,26
Standard,43,4320,11.0,11
Standard,43,4329,9.0,9
Standard,43,4356,27.0,27
Standard,43,4364,8.0,8
Standard,43,4374,10.0,10
Standard,43,4407,33.0,33
Standard,43,4413,6.0,6
Standard,43,4422,9.0,9
Standard,43,4435,13.0,13
Standard,43,4440,5.0,5
Standard,43,4445,5.0,5
Standard,43,4457,12.0,12
Standard,43,4466,9.0,9
Standard,43,4475,9.0,9
Standard,43,4479,4.0,4
Standard,43,4486,7.0,7
Standard,43,4507,21.0,21
Standard,43,4526,19.0,19
Standard,43,4538,12.0,12
Standard,43,4545,7.0,7
Standard,43,4561,16.0,16
Standard,43,4589,28.0,28
Standard,43,4595,6.0,6
Standard,43,4622,27.0,27
Standard,43,4633,11.0,11
Standard,43,4640,7.0,7
Standard,43,4650,10.0,10
Standard,43,4655,5.0,5
Standard,43,4671,16.0,16
Standard,43,4691,20.0,20
Standard,43,4733,42.0,42
Standard,43,4749,16.0,16
Standard,43,4793,44.0,44
Standard,43,4809,16.0,16
Standard,43,4814,5.0,5
Standard,43,4829,15.0,15
Standard,43,4842,13.0,13
Standard,43,4853,11.0,11
Standard,43,4863,10.0,10
Standard,43,4877,14.0,14
Standard,43,4901,24.0,24
Standard,43,4944,43.0,43
Standard,43,4969,25.0,25
Standard,43,4985,16.0,16
Standard,43,5000,15.0,15
Standard,43,5008,8.0,8
Standard,43,5027,19.0,19
Standard,43,5056,29.0,29
Standard,43,5078,22.0,22
Standard,43,5093,15.0,15
Standard,43,5114,21.0,21
Standard,43,5134,20.0,20
Standard,43,5144,10.0,10
Standard,43,5155,11.0,11
Standard,43,5161,6.0,6
Standard,43,5186,25.0,25
Standard,43,5217,31.0,31
Standard,43,5228,11.0,11
Standard,43,5237,9.0,9
Standard,43,5246,9.0,9
Standard,43,5257,11.0,11
Standard,43,5276,19.0,19
Standard,43,5282,6.0,6
Standard,43,5288,6.0,6
Standard,43,5298,10.0,10
Standard,43,5338,40.0,40
Standard,43,5358,20.0,20
Standard,43,5384,26.0,26
Standard,43,5394,10.0,10
Standard,43,5398,4.0,4
Standard,43,5429,31.0,31
Standard,43,5436,7.0,7
Standard,43,5446,10.0,10
Standard,43,5454,8.0,8
Standard,43,5478,24.0,24
Standard,43,5482,4.0,4
Standard,43,5497,15.0,15
Standard,43,5517,20.0,20
Standard,43,5527,10.0,10
Standard,43,5533,6.0,6
Standard,43,5540,7.0,7
Standard,43,5551,11.0,11
Standard,43,5568,17.0,17
Standard,43,5596,28.0,28
Standard,43,5614,18.0,18
Standard,43,5634,20.0,20
Standard,43,5641,7.0,7
Standard,43,5656,15.0,15
Standard,43,5666,10.0,10
Standard,43,5678,12.0,12
Standard,43,5693,15.0,15
Standard,43,5708,15.0,15
Standard,43,5715,7.0,7
Standard,43,5750,35.0,35
Standard,43,5779,29.0,29
Standard,43,5799,20.0,20
Standard,43,5807,8.0,8
Standard,43,5820,13.0,13
Standard,43,5840,20.0,20
Standard,43,5865,25.0,25
Standard,43,5870,5.0,5
Standard,43,5891,21.0,21
Standard,43,5917,26.0,26
Standard,43,5924,7.0,7
Standard,43,5936,12.0,12
Standard,43,5970,34.0,34
Standard,43,5978,8.0,8
Standard,43,6015,37.0,37
Standard,43,6021,6.0,6
Standard,43,6052,31.0,31
Standard,43,6064,12.0,12
Standard,43,6069,5.0,5
Standard,43,6078,9.0,9
Standard,43,6096,18.0,18
Standard,43,6111,15.0,15
Standard,43,6127,16.0,16
Standard,43,6137,10.0,10
Standard,43,6147,10.0,10
Standard,43,6157,10.0,10
Standard,43,6174,17.0,17
Standard,43,6186,12.0,12
Standard,43,6233,47.0,47
Standard,43,6255,22.0,22
Standard,43,6261,6.0,6
Standard,43,6308,47.0,47
Standard,43,6314,6.0,6
Standard,43,6321,7.0,7
Standard,43,6329,8.0,8
Standard,43,6384,55.0,55
Standard,43,6394,10.0,10
Standard,43,6408,14.0,14
Standard,43,6414,6.0,6
Standard,43,6441,27.0,27
Standard,43,6447,6.0,6
Standard,43,6455,8.0,8
Standard,43,6463,8.0,8
Standard,43,6502,39.0,39
Standard,43,6510,8.0,8
Standard,43,6586,76.0,76
Standard,43,6611,25.0,25
Standard,43,6628,17.0,17
Standard,43,6656,28.0,28
Standard,43,6679,23.0,23
Standard,43,6718,39.0,39
Standard,43,6723,5.0,5
Standard,43,6741,18.0,18
Standard,43,6767,26.0,26
Standard,43,6826,59.0,59
Standard,43,6871,45.0,45
Standard,43,6895,24.0,24
Standard,43,6929,34.0,34
Standard,43,6951,22.0,22
Standard,43,6990,39.0,39
Standard,43,7007,17.0,17
Standard,43,7037,30.0,30
Standard,43,7063,26.0,26
Standard,43,7106,43.0,43
Standard,43,7122,16.0,16
Standard,43,7129,7.0,7
Standard,43,7148,19.0,19
Standard,43,7167,19.0,19
Standard,43,7216,49.0,49
Standard,43,7230,14.0,14
Standard,43,7239,9.0,9
Standard,43,7245,6.0,6
Standard,43,7279,34.0,34
Standard,43,7314,35.0,35
Standard,43,7320,6.0,6
Standard,43,7325,5.0,5
Standard,43,7346,21.0,21
Standard,43,7360,14.0,14
Standard,43,7396,36.0,36
Standard,43,7461,65.0,65
Standard,43,7478,17.0,17
Standard,43,7494,16.0,16
Standard,43,7507,13.0,13
Standard,43,7538,31.0,31
Standard,43,7564,26.0,26
Standard,43,7571,7.0,7
Standard,43,7577,6.0,6
Standard,43,7611,34.0,34
Standard,43,7626,15.0,15
Standard,43,7636,10.0,10
Standard,43,7656,20.0,20
Standard,43,7667,11.0,11
Standard,43,7692,25.0,25
Standard,43,7742,50.0,50
Standard,43,7767,25.0,25
Standard,43,7804,37.0,37
Standard,43,7818,14.0,14
Standard,43,7825,7.0,7
Standard,43,7829,4.0,4
Standard,43,7899,70.0,70
Standard,43,7903,4.0,4
Standard,43,7938,35.0,35
Standard,43,7943,5.0,5
Standard,43,7948,5.0,5
Standard,43,7977,29.0,29
Standard,43,8038,61.0,61
Standard,43,8047,9.0,9
Standard,43,8056,9.0,9
Standard,43,8077,21.0,21
Standard,43,8083,6.0,6
Standard,43,8114,31.0,31
Standard,43,8132,18.0,18
Standard,43,8152,20.0,20
Standard,43,8209,57.0,57
Standard,43,8255,46.0,46
Standard,43,8284,29.0,29
Standard,43,8309,25.0,25
Standard,43,8410,101.0,101
Standard,43,8431,21.0,21
Standard,43,8488,57.0,57
Standard,43,8582,94.0,94
Standard,43,8649,67.0,67
Standard,43,8686,37.0,37
Standard,43,8712,26.0,26
Standard,43,8776,64.0,64
Standard,43,8802,26.0,26
Standard,43,8815,13.0,13
Standard,43,8873,58.0,58
Standard,43,8930,57.0,57
Standard,43,8962,32.0,32
Standard,43,9002,40.0,40
Standard,43,9103,101.0,101
Standard,43,9122,19.0,19
Standard,43,9156,34.0,34
Standard,43,9194,38.0,38
Standard,43,9224,30.0,30
Standard,43,9275,51.0,51
Standard,43,9317,42.0,42
Standard,43,9361,44.0,44
Standard,43,9432,71.0,71
Standard,43,9492,60.0,60
Standard,43,9565,73.0,73
Standard,43,9611,46.0,46
Standard,43,9705,94.0,94
Standard,43,9733,28.0,28
Standard,43,9742,9.0,9
Standard,43,9828,86.0,86
Standard,43,9833,5.0,5
Standard,43,9850,17.0,17
Standard,43,9869,19.0,19
Standard,43,9941,72.0,72
Standard,43,9970,29.0,29
Standard,43,10043,73.0,73
Standard,43,10047,4.0,4
Standard,43,10102,55.0,55
Standard,43,10140,38.0,38
Standard,43,10209,69.0,69
Standard,43,10285,76.0,76
Standard,43,10317,32.0,32
Standard,43,10414,97.0,97
Standard,43,10435,21.0,21
Standard,43,10484,49.0,49
Standard,43,10493,9.0,9
Standard,43,10502,9.0,9
Standard,43,10564,62.0,62
Standard,43,10597,33.0,33
Standard,43,10610,13.0,13
Standard,43,10663,53.0,53
Standard,43,10686,23.0,23
Standard,43,10723,37.0,37
Standard,43,10797,74.0,74
Standard,43,10860,63.0,63
Standard,43,10936,76.0,76
Standard,43,10967,31.0,31
Standard,43,10997,30.0,30
Standard,43,11009,12.0,12
Standard,43,11067,58.0,58
Standard,43,11120,53.0,53
Standard,43,11183,63.0,63
Standard,43,11255,72.0,72
Standard,43,11289,34.0,34
Standard,43,11384,95.0,95
Standard,43,11396,12.0,12
Standard,43,11418,22.0,22
Standard,43,11458,40.0,40
Standard,43,11528,70.0,70
Standard,43,11573,45.0,45
Standard,43,11625,52.0,52
Standard,43,11702,77.0,77
Standard,43,11772,70.0,70
Standard,43,11829,57.0,57
Standard,43,11849,20.0,20
Standard,43,11894,45.0,45
Standard,43,11902,8.0,8
Standard,43,11940,38.0,38
Standard,43,11977,37.0,37
Standard,43,11986,9.0,9
Standard,43,12066,80.0,80
Standard,43,12075,9.0,9
Standard,43,12142,67.0,67
Standard,43,12147,5.0,5
Standard,43,12179,32.0,32
Standard,43,12202,23.0,23
Standard,43,12241,39.0,39
Standard,43,12255,14.0,14
Standard,43,12344,89.0,89
Standard,43,12393,49.0,49
Standard,43,12462,69.0,69
Standard,43,12571,109.0,109
Standard,43,12616,45.0,45
Standard,43,12732,116.0,116
Standard,43,12852,120.0,120
Standard,43,12897,45.0,45
Standard,43,12951,54.0,54
Standard,43,13001,50.0,50
Standard,43,13067,66.0,66
Standard,43,13101,34.0,34
Standard,43,13206,105.0,105
Standard,43,13277,71.0,71
Standard,43,13347,70.0,70
Standard,43,13362,15.0,15
Standard,43,13382,20.0,20
Standard,43,13445,63.0,63
Standard,43,13561,116.0,116
Standard,43,13691,130.0,130
Standard,43,13776,85.0,85
Standard,43,13825,49.0,49
Standard,43,13956,131.0,131
Standard,43,14028,72.0,72
Standard,43,14076,48.0,48
Standard,43,14144,68.0,68
Standard,43,14228,84.0,84
Standard,43,14260,32.0,32
Standard,43,14316,56.0,56
Standard,43,14381,65.0,65
Standard,43,14473,92.0,92
Standard,43,14513,40.0,40
Standard,43,14580,67.0,67
Standard,43,14708,128.0,128
Standard,43,14808,100.0,100
Standard,43,14933,125.0,125
Standard,43,15017,84.0,84
Standard,43,15093,76.0,76
Standard,43,15168,75.0,75
Standard,43,15222,54.0,54
Standard,43,15282,60.0,60
Standard,43,15378,96.0,96
Standard,43,15463,85.0,85
Standard,43,15550,87.0,87
Standard,43,15614,64.0,64
Standard,43,15694,80.0,80
Standard,43,15845,151.0,151
Standard,43,15977,132.0,132
Standard,43,16052,75.0,75
Standard,43,16096,44.0,44
Standard,43,16203,107.0,107
Standard,43,16212,9.0,9
Standard,43,16285,73.0,73
Standard,43,16356,71.0,71
Standard,43,16460,104.0,104
Standard,43,16555,95.0,95
Standard,43,16711,156.0,156
Standard,43,16784,73.0,73
Standard,43,16942,158.0,158
Standard,43,16966,24.0,24
Standard,43,16995,29.0,29
Standard,43,17061,66.0,66
Standard,43,17166,105.0,105
Standard,43,17297,131.0,131
Standard,43,17391,94.0,94
Standard,43,17498,107.0,107
Standard,43,17591,93.0,93
Standard,43,17742,151.0,151
Standard,43,17770,28.0,28
Standard,43,17924,154.0,154
Standard,43,17990,66.0,66
Standard,43,18118,128.0,128
Standard,43,18222,104.0,104
Standard,43,18368,146.0,146
Standard,43,18441,73.0,73
Standard,43,18546,105.0,105
Standard,43,18588,42.0,42
Standard,43,18719,131.0,131
Standard,43,18823,104.0,104
Standard,43,18936,113.0,113
Standard,43,19031,95.0,95
Standard,43,19116,85.0,85
Standard,43,19294,178.0,178
Standard,43,19397,103.0,103
Standard,43,19524,127.0,127
Standard,43,19600,76.0,76
Standard,43,19870,270.0,270
Standard,43,19953,83.0,83
Standard,43,20026,73.0,73
Standard,43,20156,130.0,130
Standard,43,20247,91.0,91
Standard,43,20296,49.0,49
Standard,43,20406,110.0,110
Standard,43,20547,141.0,141
Standard,43,20715,168.0,168
Standard,43,20899,184.0,184
Standard,43,21001,102.0,102
Standard,43,21104,103.0,103
Standard,43,21242,138.0,138
Standard,43,21425,183.0,183
Standard,43,21579,154.0,154
Standard,43,21767,188.0,188
Standard,43,21892,125.0,125
Standard,43,21955,63.0,63
Standard,43,22083,128.0,128
Standard,43,22202,119.0,119
Standard,43,22375,173.0,173
Standard,43,22487,112.0,112
Standard,43,22656,169.0,169
Standard,43,22957,301.0,301
Standard,43,23088,131.0,131
Standard,43,23571,483.0,483
Standard,43,23764,193.0,193
Standard,43,23906,142.0,142
Standard,43,24313,407.0,407
Standard,43,24637,324.0,324
Standard,43,24992,355.0,355
Standard,43,25165,173.0,173
Standard,43,25443,278.0,278
Standard,43,25695,252.0,252
Standard,43,26032,337.0,337
Standard,43,26423,391.0,391
Standard,43,27423,1000.0,1000
Standard,43,27676,253.0,253
Standard,43,28328,652.0,652
Standard,43,28727,399.0,399
Standard,43,29727,1000.0,1000
Standard,43,30727,1000.0,1000
Standard,43,31727,1000.0,1000
Standard,43,32727,1000.0,1000
Standard,43,33727,1000.0,1000
Standard,43,34727,1000.0,1000
Standard,43,35727,1000.0,1000
Standard,43,36727,1000.0,1000
Standard,43,37727,1000.0,1000
Standard,43,38727,1000.0,1000
Standard,43,39727,1000.0,1000
Standard,43,40727,1000.0,1000
Standard,43,41727,1000.0,1000
Standard,43,42727,1000.0,1000
Standard,43,43727,1000.0,1000
Standard,43,44727,1000.0,1000
Standard,43,45727,1000.0,1000
Standard,43,46727,1000.0,1000
Standard,43,47727,1000.0,1000
Standard,43,48727,1000.0,1000
Standard,43,49727,1000.0,1000
Standard,43,50727,1000.0,1000
Standard,43,51727,1000.0,1000
Standard,43,52727,1000.0,1000
Standard,43,53727,1000.0,1000
Standard,43,54727,1000.0,1000
Standard,43,55727,1000.0,1000
Standard,43,56727,1000.0,1000
Standard,43,57727,1000.0,1000
Standard,43,58727,1000.0,1000
Standard,43,59727,1000.0,1000
Standard,43,60727,1000.0,1000
Standard,43,61727,1000.0,1000
Standard,43,62727,1000.0,1000
Standard,43,63727,1000.0,1000
Standard,43,64727,1000.0,1000
Standard,43,65727,1000.0,1000
Standard,43,66727,1000.0,1000
Standard,43,67727,1000.0,1000
Standard,43,68727,1000.0,1000
Standard,43,69727,1000.0,1000
Standard,43,70727,1000.0,1000
Standard,43,71727,1000.0,1000
Standard,43,72727,1000.0,1000
Standard,43,73727,1000.0,1000
Standard,43,74727,1000.0,1000
Standard,43,75727,1000.0,1000
Standard,43,76727,1000.0,1000
Standard,43,77727,1000.0,1000
Standard,43,78727,1000.0,1000
Standard,43,79727,1000.0,1000
Standard,43,80727,1000.0,1000
Standard,43,81727,1000.0,1000
Standard,43,82727,1000.0,1000
Standard,43,83727,1000.0,1000
Standard,43,84727,1000.0,1000
Standard,43,85727,1000.0,1000
Standard,43,86727,1000.0,1000
Standard,43,87727,1000.0,1000
Standard,43,88727,1000.0,1000
Standard,43,89727,1000.0,1000
Standard,43,90727,1000.0,1000
Standard,43,91727,1000.0,1000
Standard,43,92727,1000.0,1000
Standard,43,93727,1000.0,1000
Standard,43,94727,1000.0,1000
Standard,43,95727,1000.0,1000
Standard,43,96727,1000.0,1000
Standard,43,97727,1000.0,1000
Standard,43,98727,1000.0,1000
Standard,43,99727,1000.0,1000
Standard,44,18,18.0,18
Standard,44,35,17.0,17
Standard,44,42,7.0,7
Standard,44,45,3.0,3
Standard,44,52,7.0,7
Standard,44,56,4.0,4
Standard,44,61,5.0,5
Standard,44,71,10.0,10
Standard,44,78,7.0,7
Standard,44,83,5.0,5
Standard,44,93,10.0,10
Standard,44,100,7.0,7
Standard,44,105,5.0,5
Standard,44,110,5.0,5
Standard,44,117,7.0,7
Standard,44,126,9.0,9
Standard,44,132,6.0,6
Standard,44,139,7.0,7
Standard,44,145,6.0,6
Standard,44,156,11.0,11
Standard,44,160,4.0,4
Standard,44,165,5.0,5
Standard,44,170,5.0,5
Standard,44,176,6.0,6
Standard,44,184,8.0,8
Standard,44,190,6.0,6
Standard,44,202,12.0,12
Standard,44,210,8.0,8
Standard,44,215,5.0,5
Standard,44,226,11.0,11
Standard,44,236,10.0,10
Standard,44,242,6.0,6
Standard,44,247,5.0,5
Standard,44,255,8.0,8
Standard,44,272,17.0,17
Standard,44,277,5.0,5
Standard,44,298,21.0,21
Standard,44,314,16.0,16
Standard,44,326,12.0,12
Standard,44,333,7.0,7
Standard,44,343,10.0,10
Standard,44,350,7.0,7
Standard,44,361,11.0,11
Standard,44,372,11.0,11
Standard,44,375,3.0,3
Standard,44,383,8.0,8
Standard,44,389,6.0,6
Standard,44,396,7.0,7
Standard,44,418,22.0,22
Standard,44,422,4.0,4
Standard,44,427,5.0,5
Standard,44,437,10.0,10
Standard,44,451,14.0,14
Standard,44,458,7.0,7
Standard,44,465,7.0,7
Standard,44,469,4.0,4
Standard,44,476,7.0,7
Standard,44,481,5.0,5
Standard,44,492,11.0,11
Standard,44,505,13.0,13
Standard,44,511,6.0,6
Standard,44,520,9.0,9
Standard,44,528,8.0,8
Standard,44,534,6.0,6
Standard,44,543,9.0,9
Standard,44,547,4.0,4
Standard,44,553,6.0,6
Standard,44,556,3.0,3
Standard,44,564,8.0,8
Standard,44,577,13.0,13
Standard,44,586,9.0,9
Standard,44,598,12.0,12
Standard,44,621,23.0,23
Standard,44,625,4.0,4
Standard,44,631,6.0,6
Standard,44,643,12.0,12
Standard,44,648,5.0,5
Standard,44,656,8.0,8
Standard,44,660,4.0,4
Standard,44,667,7.0,7
Standard,44,677,10.0,10
Standard,44,682,5.0,5
Standard,44,687,5.0,5
Standard,44,696,9.0,9
Standard,44,706,10.0,10
Standard,44,711,5.0,5
Standard,44,719,8.0,8
Standard,44,725,6.0,6
Standard,44,734,9.0,9
Standard,44,739,5.0,5
Standard,44,746,7.0,7
Standard,44,762,16.0,16
Standard,44,772,10.0,10
Standard,44,777,5.0,5
Standard,44,781,4.0,4
Standard,44,785,4.0,4
Standard,44,796,11.0,11
Standard,44,802,6.0,6
Standard,44,806,4.0,4
Standard,44,814,8.0,8
Standard,44,819,5.0,5
Standard,44,829,10.0,10
Standard,44,849,20.0,20
Standard,44,856,7.0,7
Standard,44,862,6.0,6
Standard,44,867,5.0,5
Standard,44,877,10.0,10
Standard,44,883,6.0,6
Standard,44,891,8.0,8
Standard,44,899,8.0,8
Standard,44,910,11.0,11
Standard,44,918,8.0,8
Standard,44,934,16.0,16
Standard,44,941,7.0,7
Standard,44,945,4.0,4
Standard,44,955,10.0,10
Standard,44,959,4.0,4
Standard,44,964,5.0,5
Standard,44,969,5.0,5
Standard,44,992,23.0,23
Standard,44,997,5.0,5
Standard,44,1029,32.0,32
Standard,44,1041,12.0,12
Standard,44,1053,12.0,12
Standard,44,1067,14.0,14
Standard,44,1070,3.0,3
Standard,44,1080,10.0,10
Standard,44,1088,8.0,8
Standard,44,1093,5.0,5
Standard,44,1105,12.0,12
Standard,44,1111,6.0,6
Standard,44,1116,5.0,5
Standard,44,1121,5.0,5
Standard,44,1127,6.0,6
Standard,44,1133,6.0,6
Standard,44,1145,12.0,12
Standard,44,1151,6.0,6
Standard,44,1164,13.0,13
Standard,44,1172,8.0,8
Standard,44,1184,12.0,12
Standard,44,1191,7.0,7
Standard,44,1196,5.0,5
Standard,44,1201,5.0,5
Standard,44,1207,6.0,6
Standard,44,1216,9.0,9
Standard,44,1224,8.0,8
Standard,44,1230,6.0,6
Standard,44,1240,10.0,10
Standard,44,1252,12.0,12
Standard,44,1255,3.0,3
Standard,44,1267,12.0,12
Standard,44,1287,20.0,20
Standard,44,1292,5.0,5
Standard,44,1314,22.0,22
Standard,44,1320,6.0,6
Standard,44,1325,5.0,5
Standard,44,1333,8.0,8
Standard,44,1340,7.0,7
Standard,44,1346,6.0,6
Standard,44,1375,29.0,29
Standard,44,1382,7.0,7
Standard,44,1388,6.0,6
Standard,44,1393,5.0,5
Standard,44,1413,20.0,20
Standard,44,1427,14.0,14
Standard,44,1436,9.0,9
Standard,44,1446,10.0,10
Standard,44,1458,12.0,12
Standard,44,1464,6.0,6
Standard,44,1469,5.0,5
Standard,44,1478,9.0,9
Standard,44,1496,18.0,18
Standard,44,1501,5.0,5
Standard,44,1516,15.0,15
Standard,44,1521,5.0,5
Standard,44,1526,5.0,5
Standard,44,1543,17.0,17
Standard,44,1548,5.0,5
Standard,44,1552,4.0,4
Standard,44,1565,13.0,13
Standard,44,1573,8.0,8
Standard,44,1579,6.0,6
Standard,44,1583,4.0,4
Standard,44,1594,11.0,11
Standard,44,1602,8.0,8
Standard,44,1607,5.0,5
Standard,44,1625,18.0,18
Standard,44,1631,6.0,6
Standard,44,1636,5.0,5
Standard,44,1643,7.0,7
Standard,44,1650,7.0,7
Standard,44,1656,6.0,6
Standard,44,1665,9.0,9
Standard,44,1676,11.0,11
Standard,44,1683,7.0,7
Standard,44,1695,12.0,12
Standard,44,1705,10.0,10
Standard,44,1710,5.0,5
Standard,44,1720,10.0,10
Standard,44,1725,5.0,5
Standard,44,1734,9.0,9
Standard,44,1739,5.0,5
Standard,44,1755,16.0,16
Standard,44,1760,5.0,5
Standard,44,1768,8.0,8
Standard,44,1779,11.0,11
Standard,44,1783,4.0,4
Standard,44,1787,4.0,4
Standard,44,1791,4.0,4
Standard,44,1807,16.0,16
Standard,44,1813,6.0,6
Standard,44,1817,4.0,4
Standard,44,1822,5.0,5
Standard,44,1829,7.0,7
Standard,44,1839,10.0,10
Standard,44,1847,8.0,8
Standard,44,1855,8.0,8
Standard,44,1861,6.0,6
Standard,44,1869,8.0,8
Standard,44,1881,12.0,12
Standard,44,1885,4.0,4
Standard,44,1897,12.0,12
Standard,44,1910,13.0,13
Standard,44,1926,16.0,16
Standard,44,1935,9.0,9
Standard,44,1943,8.0,8
Standard,44,1951,8.0,8
Standard,44,1962,11.0,11
Standard,44,1969,7.0,7
Standard,44,1999,30.0,30
Standard,44,2007,8.0,8
Standard,44,2014,7.0,7
Standard,44,2028,14.0,14
Standard,44,2045,17.0,17
Standard,44,2052,7.0,7
Standard,44,2058,6.0,6
Standard,44,2067,9.0,9
Standard,44,2074,7.0,7
Standard,44,2083,9.0,9
Standard,44,2089,6.0,6
Standard,44,2098,9.0,9
Standard,44,2103,5.0,5
Standard,44,2108,5.0,5
Standard,44,2148,40.0,40
Standard,44,2153,5.0,5
Standard,44,2159,6.0,6
Standard,44,2176,17.0,17
Standard,44,2185,9.0,9
Standard,44,2198,13.0,13
Standard,44,2206,8.0,8
Standard,44,2216,10.0,10
Standard,44,2223,7.0,7
Standard,44,2230,7.0,7
Standard,44,2234,4.0,4
Standard,44,2245,11.0,11
Standard,44,2251,6.0,6
Standard,44,2261,10.0,10
Standard,44,2265,4.0,4
Standard,44,2270,5.0,5
Standard,44,2278,8.0,8
Standard,44,2285,7.0,7
Standard,44,2294,9.0,9
Standard,44,2320,26.0,26
Standard,44,2332,12.0,12
Standard,44,2348,16.0,16
Standard,44,2354,6.0,6
Standard,44,2362,8.0,8
Standard,44,2369,7.0,7
Standard,44,2379,10.0,10
Standard,44,2385,6.0,6
Standard,44,2392,7.0,7
Standard,44,2402,10.0,10
Standard,44,2429,27.0,27
Standard,44,2443,14.0,14
Standard,44,2447,4.0,4
Standard,44,2459,12.0,12
Standard,44,2482,23.0,23
Standard,44,2487,5.0,5
Standard,44,2490,3.0,3
Standard,44,2496,6.0,6
Standard,44,2510,14.0,14
Standard,44,2518,8.0,8
Standard,44,2531,13.0,13
Standard,44,2542,11.0,11
Standard,44,2567,25.0,25
Standard,44,2574,7.0,7
Standard,44,2578,4.0,4
Standard,44,2591,13.0,13
Standard,44,2597,6.0,6
Standard,44,2602,5.0,5
Standard,44,2607,5.0,5
Standard,44,2613,6.0,6
Standard,44,2625,12.0,12
Standard,44,2630,5.0,5
Standard,44,2633,3.0,3
Standard,44,2649,16.0,16
Standard,44,2670,21.0,21
Standard,44,2679,9.0,9
Standard,44,2685,6.0,6
Standard,44,2697,12.0,12
Standard,44,2701,4.0,4
Standard,44,2737,36.0,36
Standard,44,2743,6.0,6
Standard,44,2760,17.0,17
Standard,44,2771,11.0,11
Standard,44,2777,6.0,6
Standard,44,2791,14.0,14
Standard,44,2806,15.0,15
Standard,44,2813,7.0,7
Standard,44,2817,4.0,4
Standard,44,2826,9.0,9
Standard,44,2834,8.0,8
Standard,44,2839,5.0,5
Standard,44,2845,6.0,6
Standard,44,2849,4.0,4
Standard,44,2868,19.0,19
Standard,44,2873,5.0,5
Standard,44,2879,6.0,6
Standard,44,2884,5.0,5
Standard,44,2892,8.0,8
Standard,44,2907,15.0,15
Standard,44,2913,6.0,6
Standard,44,2918,5.0,5
Standard,44,2932,14.0,14
Standard,44,2936,4.0,4
Standard,44,2951,15.0,15
Standard,44,2956,5.0,5
Standard,44,2964,8.0,8
Standard,44,2970,6.0,6
Standard,44,2981,11.0,11
Standard,44,2986,5.0,5
Standard,44,2994,8.0,8
Standard,44,3012,18.0,18
Standard,44,3027,15.0,15
Standard,44,3038,11.0,11
Standard,44,3046,8.0,8
Standard,44,3061,15.0,15
Standard,44,3069,8.0,8
Standard,44,3075,6.0,6
Standard,44,3079,4.0,4
Standard,44,3090,11.0,11
Standard,44,3118,28.0,28
Standard,44,3151,33.0,33
Standard,44,3160,9.0,9
Standard,44,3166,6.0,6
Standard,44,3172,6.0,6
Standard,44,3177,5.0,5
Standard,44,3187,10.0,10
Standard,44,3205,18.0,18
Standard,44,3211,6.0,6
Standard,44,3218,7.0,7
Standard,44,3223,5.0,5
Standard,44,3228,5.0,5
Standard,44,3244,16.0,16
Standard,44,3261,17.0,17
Standard,44,3265,4.0,4
Standard,44,3268,3.0,3
Standard,44,3279,11.0,11
Standard,44,3297,18.0,18
Standard,44,3308,11.0,11
Standard,44,3316,8.0,8
Standard,44,3326,10.0,10
Standard,44,3331,5.0,5
Standard,44,3335,4.0,4
Standard,44,3339,4.0,4
Standard,44,3343,4.0,4
Standard,44,3352,9.0,9
Standard,44,3357,5.0,5
Standard,44,3364,7.0,7
Standard,44,3373,9.0,9
Standard,44,3377,4.0,4
Standard,44,3390,13.0,13
Standard,44,3395,5.0,5
Standard,44,3401,6.0,6
Standard,44,3405,4.0,4
Standard,44,3409,4.0,4
Standard,44,3414,5.0,5
Standard,44,3423,9.0,9
Standard,44,3428,5.0,5
Standard,44,3434,6.0,6
Standard,44,3438,4.0,4
Standard,44,3444,6.0,6
Standard,44,3451,7.0,7
Standard,44,3459,8.0,8
Standard,44,3469,10.0,10
Standard,44,3485,16.0,16
Standard,44,3492,7.0,7
Standard,44,3501,9.0,9
Standard,44,3507,6.0,6
Standard,44,3513,6.0,6
Standard,44,3528,15.0,15
Standard,44,3545,17.0,17
Standard,44,3566,21.0,21
Standard,44,3573,7.0,7
Standard,44,3588,15.0,15
Standard,44,3606,18.0,18
Standard,44,3612,6.0,6
Standard,44,3627,15.0,15
Standard,44,3637,10.0,10
Standard,44,3642,5.0,5
Standard,44,3659,17.0,17
Standard,44,3665,6.0,6
Standard,44,3681,16.0,16
Standard,44,3691,10.0,10
Standard,44,3702,11.0,11
Standard,44,3709,7.0,7
Standard,44,3716,7.0,7
Standard,44,3724,8.0,8
Standard,44,3732,8.0,8
Standard,44,3760,28.0,28
Standard,44,3777,17.0,17
Standard,44,3800,23.0,23
Standard,44,3813,13.0,13
Standard,44,3829,16.0,16
Standard,44,3839,10.0,10
Standard,44,3846,7.0,7
Standard,44,3851,5.0,5
Standard,44,3866,15.0,15
Standard,44,3871,5.0,5
Standard,44,3881,10.0,10
Standard,44,3892,11.0,11
Standard,44,3897,5.0,5
Standard,44,3905,8.0,8
Standard,44,3915,10.0,10
Standard,44,3924,9.0,9
Standard,44,3930,6.0,6
Standard,44,3937,7.0,7
Standard,44,3941,4.0,4
Standard,44,3957,16.0,16
Standard,44,3963,6.0,6
Standard,44,3974,11.0,11
Standard,44,3983,9.0,9
Standard,44,3992,9.0,9
Standard,44,4001,9.0,9
Standard,44,4010,9.0,9
Standard,44,4018,8.0,8
Standard,44,4026,8.0,8
Standard,44,4047,21.0,21
Standard,44,4058,11.0,11
Standard,44,4062,4.0,4
Standard,44,4070,8.0,8
Standard,44,4088,18.0,18
Standard,44,4092,4.0,4
Standard,44,4113,21.0,21
Standard,44,4121,8.0,8
Standard,44,4136,15.0,15
Standard,44,4164,28.0,28
Standard,44,4211,47.0,47
Standard,44,4234,23.0,23
Standard,44,4268,34.0,34
Standard,44,4276,8.0,8
Standard,44,4286,10.0,10
Standard,44,4307,21.0,21
Standard,44,4343,36.0,36
Standard,44,4366,23.0,23
Standard,44,4379,13.0,13
Standard,44,4412,33.0,33
Standard,44,4419,7.0,7
Standard,44,4424,5.0,5
Standard,44,4437,13.0,13
Standard,44,4480,43.0,43
Standard,44,4510,30.0,30
Standard,44,4518,8.0,8
Standard,44,4528,10.0,10
Standard,44,4544,16.0,16
Standard,44,4578,34.0,34
Standard,44,4585,7.0,7
Standard,44,4602,17.0,17
Standard,44,4613,11.0,11
Standard,44,4630,17.0,17
Standard,44,4658,28.0,28
Standard,44,4667,9.0,9
Standard,44,4679,12.0,12
Standard,44,4691,12.0,12
Standard,44,4710,19.0,19
Standard,44,4726,16.0,16
Standard,44,4766,40.0,40
Standard,44,4781,15.0,15
Standard,44,4785,4.0,4
Standard,44,4793,8.0,8
Standard,44,4799,6.0,6
Standard,44,4825,26.0,26
Standard,44,4830,5.0,5
Standard,44,4840,10.0,10
Standard,44,4866,26.0,26
Standard,44,4877,11.0,11
Standard,44,4928,51.0,51
Standard,44,4947,19.0,19
Standard,44,4956,9.0,9
Standard,44,4980,24.0,24
Standard,44,4990,10.0,10
Standard,44,5007,17.0,17
Standard,44,5012,5.0,5
Standard,44,5028,16.0,16
Standard,44,5036,8.0,8
Standard,44,5062,26.0,26
Standard,44,5093,31.0,31
Standard,44,5098,5.0,5
Standard,44,5114,16.0,16
Standard,44,5145,31.0,31
Standard,44,5182,37.0,37
Standard,44,5192,10.0,10
Standard,44,5197,5.0,5
Standard,44,5255,58.0,58
Standard,44,5291,36.0,36
Standard,44,5327,36.0,36
Standard,44,5348,21.0,21
Standard,44,5356,8.0,8
Standard,44,5367,11.0,11
Standard,44,5395,28.0,28
Standard,44,5417,22.0,22
Standard,44,5438,21.0,21
Standard,44,5449,11.0,11
Standard,44,5473,24.0,24
Standard,44,5479,6.0,6
Standard,44,5485,6.0,6
Standard,44,5494,9.0,9
Standard,44,5527,33.0,33
Standard,44,5530,3.0,3
Standard,44,5535,5.0,5
Standard,44,5572,37.0,37
Standard,44,5606,34.0,34
Standard,44,5611,5.0,5
Standard,44,5637,26.0,26
Standard,44,5667,30.0,30
Standard,44,5682,15.0,15
Standard,44,5690,8.0,8
Standard,44,5705,15.0,15
Standard,44,5720,15.0,15
Standard,44,5741,21.0,21
Standard,44,5751,10.0,10
Standard,44,5759,8.0,8
Standard,44,5775,16.0,16
Standard,44,5785,10.0,10
Standard,44,5790,5.0,5
Standard,44,5822,32.0,32
Standard,44,5832,10.0,10
Standard,44,5868,36.0,36
Standard,44,5886,18.0,18
Standard,44,5898,12.0,12
Standard,44,5931,33.0,33
Standard,44,5945,14.0,14
Standard,44,5960,15.0,15
Standard,44,5978,18.0,18
Standard,44,5991,13.0,13
Standard,44,5998,7.0,7
Standard,44,6028,30.0,30
Standard,44,6080,52.0,52
Standard,44,6108,28.0,28
Standard,44,6131,23.0,23
Standard,44,6135,4.0,4
Standard,44,6140,5.0,5
Standard,44,6148,8.0,8
Standard,44,6182,34.0,34
Standard,44,6188,6.0,6
Standard,44,6217,29.0,29
Standard,44,6225,8.0,8
Standard,44,6246,21.0,21
Standard,44,6285,39.0,39
Standard,44,6365,80.0,80
Standard,44,6423,58.0,58
Standard,44,6452,29.0,29
Standard,44,6466,14.0,14
Standard,44,6471,5.0,5
Standard,44,6484,13.0,13
Standard,44,6496,12.0,12
Standard,44,6515,19.0,19
Standard,44,6526,11.0,11
Standard,44,6581,55.0,55
Standard,44,6602,21.0,21
Standard,44,6626,24.0,24
Standard,44,6633,7.0,7
Standard,44,6637,4.0,4
Standard,44,6643,6.0,6
Standard,44,6701,58.0,58
Standard,44,6717,16.0,16
Standard,44,6740,23.0,23
Standard,44,6757,17.0,17
Standard,44,6782,25.0,25
Standard,44,6814,32.0,32
Standard,44,6833,19.0,19
Standard,44,6857,24.0,24
Standard,44,6874,17.0,17
Standard,44,6915,41.0,41
Standard,44,6955,40.0,40
Standard,44,6973,18.0,18
Standard,44,6985,12.0,12
Standard,44,7017,32.0,32
Standard,44,7035,18.0,18
Standard,44,7052,17.0,17
Standard,44,7057,5.0,5
Standard,44,7103,46.0,46
Standard,44,7118,15.0,15
Standard,44,7175,57.0,57
Standard,44,7225,50.0,50
Standard,44,7247,22.0,22
Standard,44,7252,5.0,5
Standard,44,7272,20.0,20
Standard,44,7285,13.0,13
Standard,44,7362,77.0,77
Standard,44,7411,49.0,49
Standard,44,7421,10.0,10
Standard,44,7428,7.0,7
Standard,44,7436,8.0,8
Standard,44,7446,10.0,10
Standard,44,7467,21.0,21
Standard,44,7486,19.0,19
Standard,44,7494,8.0,8
Standard,44,7510,16.0,16
Standard,44,7527,17.0,17
Standard,44,7567,40.0,40
Standard,44,7593,26.0,26
Standard,44,7605,12.0,12
Standard,44,7619,14.0,14
Standard,44,7658,39.0,39
Standard,44,7694,36.0,36
Standard,44,7708,14.0,14
Standard,44,7726,18.0,18
Standard,44,7757,31.0,31
Standard,44,7782,25.0,25
Standard,44,7810,28.0,28
Standard,44,7834,24.0,24
Standard,44,7885,51.0,51
Standard,44,7942,57.0,57
Standard,44,7954,12.0,12
Standard,44,7960,6.0,6
Standard,44,7968,8.0,8
Standard,44,8010,42.0,42
Standard,44,8019,9.0,9
Standard,44,8044,25.0,25
Standard,44,8092,48.0,48
Standard,44,8146,54.0,54
Standard,44,8158,12.0,12
Standard,44,8169,11.0,11
Standard,44,8184,15.0,15
Standard,44,8203,19.0,19
Standard,44,8246,43.0,43
Standard,44,8280,34.0,34
Standard,44,8317,37.0,37
Standard,44,8354,37.0,37
Standard,44,8399,45.0,45
Standard,44,8456,57.0,57
Standard,44,8518,62.0,62
Standard,44,8530,12.0,12
Standard,44,8534,4.0,4
Standard,44,8549,15.0,15
Standard,44,8556,7.0,7
Standard,44,8570,14.0,14
Standard,44,8578,8.0,8
Standard,44,8601,23.0,23
Standard,44,8612,11.0,11
Standard,44,8637,25.0,25
Standard,44,8696,59.0,59
Standard,44,8735,39.0,39
Standard,44,8805,70.0,70
Standard,44,8862,57.0,57
Standard,44,8897,35.0,35
Standard,44,8903,6.0,6
Standard,44,8966,63.0,63
Standard,44,9037,71.0,71
Standard,44,9087,50.0,50
Standard,44,9124,37.0,37
Standard,44,9149,25.0,25
Standard,44,9188,39.0,39
Standard,44,9251,63.0,63
Standard,44,9296,45.0,45
Standard,44,9334,38.0,38
Standard,44,9391,57.0,57
Standard,44,9430,39.0,39
Standard,44,9447,17.0,17
Standard,44,9468,21.0,21
Standard,44,9530,62.0,62
Standard,44,9572,42.0,42
Standard,44,9593,21.0,21
Standard,44,9606,13.0,13
Standard,44,9623,17.0,17
Standard,44,9676,53.0,53
Standard,44,9715,39.0,39
Standard,44,9732,17.0,17
Standard,44,9823,91.0,91
Standard,44,9853,30.0,30
Standard,44,9885,32.0,32
Standard,44,9909,24.0,24
Standard,44,9923,14.0,14
Standard,44,9930,7.0,7
Standard,44,9957,27.0,27
Standard,44,9971,14.0,14
Standard,44,10024,53.0,53
Standard,44,10033,9.0,9
Standard,44,10041,8.0,8
Standard,44,10050,9.0,9
Standard,44,10068,18.0,18
Standard,44,10096,28.0,28
Standard,44,10112,16.0,16
Standard,44,10122,10.0,10
Standard,44,10179,57.0,57
Standard,44,10240,61.0,61
Standard,44,10253,13.0,13
Standard,44,10300,47.0,47
Standard,44,10335,35.0,35
Standard,44,10379,44.0,44
Standard,44,10405,26.0,26
Standard,44,10470,65.0,65
Standard,44,10542,72.0,72
Standard,44,10661,119.0,119
Standard,44,10719,58.0,58
Standard,44,10765,46.0,46
Standard,44,10831,66.0,66
Standard,44,10910,79.0,79
Standard,44,10958,48.0,48
Standard,44,11060,102.0,102
Standard,44,11182,122.0,122
Standard,44,11251,69.0,69
Standard,44,11304,53.0,53
Standard,44,11331,27.0,27
Standard,44,11369,38.0,38
Standard,44,11397,28.0,28
Standard,44,11429,32.0,32
Standard,44,11436,7.0,7
Standard,44,11509,73.0,73
Standard,44,11576,67.0,67
Standard,44,11621,45.0,45
Standard,44,11667,46.0,46
Standard,44,11740,73.0,73
Standard,44,11786,46.0,46
Standard,44,11817,31.0,31
Standard,44,11862,45.0,45
Standard,44,11883,21.0,21
Standard,44,11912,29.0,29
Standard,44,11946,34.0,34
Standard,44,12031,85.0,85
Standard,44,12098,67.0,67
Standard,44,12175,77.0,77
Standard,44,12229,54.0,54
Standard,44,12263,34.0,34
Standard,44,12325,62.0,62
Standard,44,12411,86.0,86
Standard,44,12472,61.0,61
Standard,44,12525,53.0,53
Standard,44,12629,104.0,104
Standard,44,12684,55.0,55
Standard,44,12768,84.0,84
Standard,44,12831,63.0,63
Standard,44,12896,65.0,65
Standard,44,12993,97.0,97
Standard,44,13057,64.0,64
Standard,44,13115,58.0,58
Standard,44,13183,68.0,68
Standard,44,13243,60.0,60
Standard,44,13320,77.0,77
Standard,44,13382,62.0,62
Standard,44,13465,83.0,83
Standard,44,13520,55.0,55
Standard,44,13573,53.0,53
Standard,44,13632,59.0,59
Standard,44,13690,58.0,58
Standard,44,13801,111.0,111
Standard,44,13849,48.0,48
Standard,44,13914,65.0,65
Standard,44,13980,66.0,66
Standard,44,14062,82.0,82
Standard,44,14101,39.0,39
Standard,44,14166,65.0,65
Standard,44,14249,83.0,83
Standard,44,14278,29.0,29
Standard,44,14301,23.0,23
Standard,44,14332,31.0,31
Standard,44,14442,110.0,110
Standard,44,14486,44.0,44
Standard,44,14540,54.0,54
Standard,44,14598,58.0,58
Standard,44,14655,57.0,57
Standard,44,14699,44.0,44
Standard,44,14799,100.0,100
Standard,44,14875,76.0,76
Standard,44,14944,69.0,69
Standard,44,15074,130.0,130
Standard,44,15219,145.0,145
Standard,44,15318,99.0,99
Standard,44,15379,61.0,61
Standard,44,15472,93.0,93
Standard,44,15587,115.0,115
Standard,44,15701,114.0,114
Standard,44,15808,107.0,107
Standard,44,15885,77.0,77
Standard,44,15963,78.0,78
Standard,44,16008,45.0,45
Standard,44,16026,18.0,18
Standard,44,16099,73.0,73
Standard,44,16137,38.0,38
Standard,44,16222,85.0,85
Standard,44,16355,133.0,133
Standard,44,16455,100.0,100
Standard,44,16535,80.0,80
Standard,44,16562,27.0,27
Standard,44,16719,157.0,157
Standard,44,16806,87.0,87
Standard,44,16853,47.0,47
Standard,44,16858,5.0,5
Standard,44,17113,255.0,255
Standard,44,17238,125.0,125
Standard,44,17339,101.0,101
Standard,44,17436,97.0,97
Standard,44,17575,139.0,139
Standard,44,17662,87.0,87
Standard,44,17783,121.0,121
Standard,44,17859,76.0,76
Standard,44,17895,36.0,36
Standard,44,17952,57.0,57
Standard,44,18041,89.0,89
Standard,44,18142,101.0,101
Standard,44,18304,162.0,162
Standard,44,18379,75.0,75
Standard,44,18627,248.0,248
Standard,44,18810,183.0,183
Standard,44,19055,245.0,245
Standard,44,19220,165.0,165
Standard,44,19347,127.0,127
Standard,44,19492,145.0,145
Standard,44,19594,102.0,102
Standard,44,19734,140.0,140
Standard,44,19818,84.0,84
Standard,44,20014,196.0,196
Standard,44,20288,274.0,274
Standard,44,20432,144.0,144
Standard,44,20721,289.0,289
Standard,44,20895,174.0,174
Standard,44,21051,156.0,156
Standard,44,21327,276.0,276
Standard,44,21516,189.0,189
Standard,44,21679,163.0,163
Standard,44,21827,148.0,148
Standard,44,21978,151.0,151
Standard,44,22000,22.0,22
Standard,44,22120,120.0,120
Standard,44,22279,159.0,159
Standard,44,22407,128.0,128
Standard,44,22781,374.0,374
Standard,44,23328,547.0,547
Standard,44,23633,305.0,305
Standard,44,24031,398.0,398
Standard,44,25031,1000.0,1000
Standard,44,25313,282.0,282
Standard,44,26313,1000.0,1000
Standard,44,27313,1000.0,1000
Standard,44,28313,1000.0,1000
Standard,44,28610,297.0,297
Standard,44,29610,1000.0,1000
Standard,44,30610,1000.0,1000
Standard,44,31610,1000.0,1000
Standard,44,32610,1000.0,1000
Standard,44,33610,1000.0,1000
Standard,44,34610,1000.0,1000
Standard,44,35610,1000.0,1000
Standard,44,36610,1000.0,1000
Standard,44,37610,1000.0,1000
Standard,44,38610,1000.0,1000
Standard,44,39610,1000.0,1000
Standard,44,40610,1000.0,1000
Standard,44,41610,1000.0,1000
Standard,44,42254,644.0,644
Standard,44,43254,1000.0,1000
Standard,44,44254,1000.0,1000
Standard,44,44587,333.0,333
Standard,44,45135,548.0,548
Standard,44,46135,1000.0,1000
Standard,44,47135,1000.0,1000
Standard,44,48135,1000.0,1000
Standard,44,49135,1000.0,1000
Standard,44,50135,1000.0,1000
Standard,44,51135,1000.0,1000
Standard,44,52135,1000.0,1000
Standard,44,53135,1000.0,1000
Standard,44,54135,1000.0,1000
Standard,44,55135,1000.0,1000
Standard,44,56135,1000.0,1000
Standard,44,57135,1000.0,1000
Standard,44,58135,1000.0,1000
Standard,44,59135,1000.0,1000
Standard,44,60135,1000.0,1000
Standard,44,61135,1000.0,1000
Standard,44,62135,1000.0,1000
Standard,44,63135,1000.0,1000
Standard,44,64135,1000.0,1000
Standard,44,65135,1000.0,1000
Standard,44,66135,1000.0,1000
Standard,44,67135,1000.0,1000
Standard,44,68135,1000.0,1000
Standard,44,69135,1000.0,1000
Standard,44,70135,1000.0,1000
Standard,44,71135,1000.0,1000
Standard,44,72135,1000.0,1000
Standard,44,73135,1000.0,1000
Standard,44,74135,1000.0,1000
Standard,44,75135,1000.0,1000
Standard,44,76135,1000.0,1000
Standard,44,77135,1000.0,1000
Standard,44,78135,1000.0,1000
Standard,44,79135,1000.0,1000
Standard,44,80135,1000.0,1000
Standard,44,81135,1000.0,1000
Standard,44,82135,1000.0,1000
Standard,44,83135,1000.0,1000
Standard,44,84135,1000.0,1000
Standard,44,85135,1000.0,1000
Standard,44,86135,1000.0,1000
Standard,44,87135,1000.0,1000
Standard,44,88135,1000.0,1000
Standard,44,89135,1000.0,1000
Standard,44,90135,1000.0,1000
Standard,44,91135,1000.0,1000
Standard,44,92135,1000.0,1000
Standard,44,93135,1000.0,1000
Standard,44,94135,1000.0,1000
Standard,44,95135,1000.0,1000
Standard,44,96135,1000.0,1000
Standard,44,97135,1000.0,1000
Standard,44,98135,1000.0,1000
Standard,44,99135,1000.0,1000
Standard,44,100135,1000.0,1000
Standard,45,6,6.0,6
Standard,45,13,7.0,7
Standard,45,18,5.0,5
Standard,45,26,8.0,8
Standard,45,30,4.0,4
Standard,45,38,8.0,8
Standard,45,45,7.0,7
Standard,45,53,8.0,8
Standard,45,64,11.0,11
Standard,45,72,8.0,8
Standard,45,79,7.0,7
Standard,45,96,17.0,17
Standard,45,102,6.0,6
Standard,45,111,9.0,9
Standard,45,118,7.0,7
Standard,45,122,4.0,4
Standard,45,130,8.0,8
Standard,45,142,12.0,12
Standard,45,148,6.0,6
Standard,45,165,17.0,17
Standard,45,172,7.0,7
Standard,45,178,6.0,6
Standard,45,188,10.0,10
Standard,45,192,4.0,4
Standard,45,199,7.0,7
Standard,45,203,4.0,4
Standard,45,211,8.0,8
Standard,45,217,6.0,6
Standard,45,240,23.0,23
Standard,45,244,4.0,4
Standard,45,249,5.0,5
Standard,45,254,5.0,5
Standard,45,262,8.0,8
Standard,45,267,5.0,5
Standard,45,276,9.0,9
Standard,45,282,6.0,6
Standard,45,286,4.0,4
Standard,45,298,12.0,12
Standard,45,302,4.0,4
Standard,45,310,8.0,8
Standard,45,316,6.0,6
Standard,45,323,7.0,7
Standard,45,327,4.0,4
Standard,45,337,10.0,10
Standard,45,343,6.0,6
Standard,45,348,5.0,5
Standard,45,351,3.0,3
Standard,45,362,11.0,11
Standard,45,379,17.0,17
Standard,45,388,9.0,9
Standard,45,411,23.0,23
Standard,45,418,7.0,7
Standard,45,423,5.0,5
Standard,45,428,5.0,5
Standard,45,432,4.0,4
Standard,45,439,7.0,7
Standard,45,450,11.0,11
Standard,45,457,7.0,7
Standard,45,462,5.0,5
Standard,45,467,5.0,5
Standard,45,474,7.0,7
Standard,45,484,10.0,10
Standard,45,502,18.0,18
Standard,45,511,9.0,9
Standard,45,515,4.0,4
Standard,45,528,13.0,13
Standard,45,533,5.0,5
Standard,45,541,8.0,8
Standard,45,549,8.0,8
Standard,45,554,5.0,5
Standard,45,557,3.0,3
Standard,45,562,5.0,5
Standard,45,567,5.0,5
Standard,45,571,4.0,4
Standard,45,579,8.0,8
Standard,45,599,20.0,20
Standard,45,604,5.0,5
Standard,45,608,4.0,4
Standard,45,618,10.0,10
Standard,45,629,11.0,11
Standard,45,654,25.0,25
Standard,45,658,4.0,4
Standard,45,663,5.0,5
Standard,45,667,4.0,4
Standard,45,673,6.0,6
Standard,45,692,19.0,19
Standard,45,704,12.0,12
Standard,45,712,8.0,8
Standard,45,716,4.0,4
Standard,45,724,8.0,8
Standard,45,728,4.0,4
Standard,45,742,14.0,14
Standard,45,747,5.0,5
Standard,45,758,11.0,11
Standard,45,763,5.0,5
Standard,45,772,9.0,9
Standard,45,780,8.0,8
Standard,45,790,10.0,10
Standard,45,806,16.0,16
Standard,45,813,7.0,7
Standard,45,823,10.0,10
Standard,45,831,8.0,8
Standard,45,835,4.0,4
Standard,45,848,13.0,13
Standard,45,853,5.0,5
Standard,45,865,12.0,12
Standard,45,873,8.0,8
Standard,45,886,13.0,13
Standard,45,889,3.0,3
Standard,45,893,4.0,4
Standard,45,901,8.0,8
Standard,45,905,4.0,4
Standard,45,911,6.0,6
Standard,45,917,6.0,6
Standard,45,926,9.0,9
Standard,45,929,3.0,3
Standard,45,936,7.0,7
Standard,45,947,11.0,11
Standard,45,956,9.0,9
Standard,45,963,7.0,7
Standard,45,970,7.0,7
Standard,45,979,9.0,9
Standard,45,993,14.0,14
Standard,45,1009,16.0,16
Standard,45,1016,7.0,7
Standard,45,1025,9.0,9
Standard,45,1031,6.0,6
Standard,45,1038,7.0,7
Standard,45,1045,7.0,7
Standard,45,1052,7.0,7
Standard,45,1059,7.0,7
Standard,45,1065,6.0,6
Standard,45,1070,5.0,5
Standard,45,1074,4.0,4
Standard,45,1079,5.0,5
Standard,45,1114,35.0,35
Standard,45,1119,5.0,5
Standard,45,1134,15.0,15
Standard,45,1140,6.0,6
Standard,45,1144,4.0,4
Standard,45,1163,19.0,19
Standard,45,1168,5.0,5
Standard,45,1175,7.0,7
Standard,45,1187,12.0,12
Standard,45,1190,3.0,3
Standard,45,1195,5.0,5
Standard,45,1204,9.0,9
Standard,45,1214,10.0,10
Standard,45,1219,5.0,5
Standard,45,1224,5.0,5
Standard,45,1232,8.0,8
Standard,45,1235,3.0,3
Standard,45,1242,7.0,7
Standard,45,1256,14.0,14
Standard,45,1260,4.0,4
Standard,45,1265,5.0,5
Standard,45,1272,7.0,7
Standard,45,1277,5.0,5
Standard,45,1284,7.0,7
Standard,45,1288,4.0,4
Standard,45,1300,12.0,12
Standard,45,1309,9.0,9
Standard,45,1316,7.0,7
Standard,45,1321,5.0,5
Standard,45,1326,5.0,5
Standard,45,1331,5.0,5
Standard,45,1340,9.0,9
Standard,45,1354,14.0,14
Standard,45,1380,26.0,26
Standard,45,1385,5.0,5
Standard,45,1390,5.0,5
Standard,45,1407,17.0,17
Standard,45,1414,7.0,7
Standard,45,1420,6.0,6
Standard,45,1430,10.0,10
Standard,45,1435,5.0,5
Standard,45,1445,10.0,10
Standard,45,1462,17.0,17
Standard,45,1469,7.0,7
Standard,45,1478,9.0,9
Standard,45,1484,6.0,6
Standard,45,1491,7.0,7
Standard,45,1501,10.0,10
Standard,45,1505,4.0,4
Standard,45,1511,6.0,6
Standard,45,1516,5.0,5
Standard,45,1526,10.0,10
Standard,45,1535,9.0,9
Standard,45,1539,4.0,4
Standard,45,1556,17.0,17
Standard,45,1560,4.0,4
Standard,45,1565,5.0,5
Standard,45,1571,6.0,6
Standard,45,1578,7.0,7
Standard,45,1585,7.0,7
Standard,45,1594,9.0,9
Standard,45,1602,8.0,8
Standard,45,1606,4.0,4
Standard,45,1609,3.0,3
Standard,45,1613,4.0,4
Standard,45,1620,7.0,7
Standard,45,1632,12.0,12
Standard,45,1643,11.0,11
Standard,45,1646,3.0,3
Standard,45,1655,9.0,9
Standard,45,1670,15.0,15
Standard,45,1677,7.0,7
Standard,45,1684,7.0,7
Standard,45,1694,10.0,10
Standard,45,1701,7.0,7
Standard,45,1710,9.0,9
Standard,45,1714,4.0,4
Standard,45,1724,10.0,10
Standard,45,1730,6.0,6
Standard,45,1733,3.0,3
Standard,45,1737,4.0,4
Standard,45,1742,5.0,5
Standard,45,1748,6.0,6
Standard,45,1757,9.0,9
Standard,45,1764,7.0,7
Standard,45,1781,17.0,17
Standard,45,1788,7.0,7
Standard,45,1795,7.0,7
Standard,45,1805,10.0,10
Standard,45,1815,10.0,10
Standard,45,1821,6.0,6
Standard,45,1828,7.0,7
Standard,45,1846,18.0,18
Standard,45,1853,7.0,7
Standard,45,1871,18.0,18
Standard,45,1876,5.0,5
Standard,45,1884,8.0,8
Standard,45,1890,6.0,6
Standard,45,1896,6.0,6
Standard,45,1901,5.0,5
Standard,45,1908,7.0,7
Standard,45,1912,4.0,4
Standard,45,1931,19.0,19
Standard,45,1943,12.0,12
Standard,45,1953,10.0,10
Standard,45,1958,5.0,5
Standard,45,1970,12.0,12
Standard,45,1977,7.0,7
Standard,45,1981,4.0,4
Standard,45,1986,5.0,5
Standard,45,1997,11.0,11
Standard,45,2004,7.0,7
Standard,45,2008,4.0,4
Standard,45,2029,21.0,21
Standard,45,2034,5.0,5
Standard,45,2037,3.0,3
Standard,45,2045,8.0,8
Standard,45,2062,17.0,17
Standard,45,2068,6.0,6
Standard,45,2091,23.0,23
Standard,45,2096,5.0,5
Standard,45,2101,5.0,5
Standard,45,2112,11.0,11
Standard,45,2118,6.0,6
Standard,45,2121,3.0,3
Standard,45,2133,12.0,12
Standard,45,2140,7.0,7
Standard,45,2145,5.0,5
Standard,45,2153,8.0,8
Standard,45,2165,12.0,12
Standard,45,2175,10.0,10
Standard,45,2191,16.0,16
Standard,45,2206,15.0,15
Standard,45,2210,4.0,4
Standard,45,2224,14.0,14
Standard,45,2238,14.0,14
Standard,45,2250,12.0,12
Standard,45,2262,12.0,12
Standard,45,2268,6.0,6
Standard,45,2289,21.0,21
Standard,45,2299,10.0,10
Standard,45,2305,6.0,6
Standard,45,2312,7.0,7
Standard,45,2322,10.0,10
Standard,45,2339,17.0,17
Standard,45,2365,26.0,26
Standard,45,2371,6.0,6
Standard,45,2378,7.0,7
Standard,45,2382,4.0,4
Standard,45,2390,8.0,8
Standard,45,2396,6.0,6
Standard,45,2404,8.0,8
Standard,45,2411,7.0,7
Standard,45,2421,10.0,10
Standard,45,2427,6.0,6
Standard,45,2432,5.0,5
Standard,45,2437,5.0,5
Standard,45,2443,6.0,6
Standard,45,2450,7.0,7
Standard,45,2454,4.0,4
Standard,45,2460,6.0,6
Standard,45,2469,9.0,9
Standard,45,2476,7.0,7
Standard,45,2491,15.0,15
Standard,45,2496,5.0,5
Standard,45,2511,15.0,15
Standard,45,2528,17.0,17
Standard,45,2544,16.0,16
Standard,45,2554,10.0,10
Standard,45,2562,8.0,8
Standard,45,2572,10.0,10
Standard,45,2585,13.0,13
Standard,45,2601,16.0,16
Standard,45,2606,5.0,5
Standard,45,2612,6.0,6
Standard,45,2623,11.0,11
Standard,45,2632,9.0,9
Standard,45,2642,10.0,10
Standard,45,2658,16.0,16
Standard,45,2665,7.0,7
Standard,45,2691,26.0,26
Standard,45,2702,11.0,11
Standard,45,2715,13.0,13
Standard,45,2722,7.0,7
Standard,45,2734,12.0,12
Standard,45,2761,27.0,27
Standard,45,2782,21.0,21
Standard,45,2796,14.0,14
Standard,45,2801,5.0,5
Standard,45,2814,13.0,13
Standard,45,2826,12.0,12
Standard,45,2835,9.0,9
Standard,45,2851,16.0,16
Standard,45,2874,23.0,23
Standard,45,2885,11.0,11
Standard,45,2902,17.0,17
Standard,45,2911,9.0,9
Standard,45,2916,5.0,5
Standard,45,2921,5.0,5
Standard,45,2932,11.0,11
Standard,45,2937,5.0,5
Standard,45,2955,18.0,18
Standard,45,2959,4.0,4
Standard,45,2964,5.0,5
Standard,45,2972,8.0,8
Standard,45,2979,7.0,7
Standard,45,2993,14.0,14
Standard,45,2999,6.0,6
Standard,45,3005,6.0,6
Standard,45,3020,15.0,15
Standard,45,3043,23.0,23
Standard,45,3062,19.0,19
Standard,45,3069,7.0,7
Standard,45,3098,29.0,29
Standard,45,3115,17.0,17
Standard,45,3129,14.0,14
Standard,45,3144,15.0,15
Standard,45,3154,10.0,10
Standard,45,3159,5.0,5
Standard,45,3169,10.0,10
Standard,45,3174,5.0,5
Standard,45,3184,10.0,10
Standard,45,3194,10.0,10
Standard,45,3206,12.0,12
Standard,45,3223,17.0,17
Standard,45,3230,7.0,7
Standard,45,3242,12.0,12
Standard,45,3253,11.0,11
Standard,45,3258,5.0,5
Standard,45,3263,5.0,5
Standard,45,3270,7.0,7
Standard,45,3278,8.0,8
Standard,45,3293,15.0,15
Standard,45,3306,13.0,13
Standard,45,3315,9.0,9
Standard,45,3331,16.0,16
Standard,45,3337,6.0,6
Standard,45,3347,10.0,10
Standard,45,3352,5.0,5
Standard,45,3356,4.0,4
Standard,45,3365,9.0,9
Standard,45,3375,10.0,10
Standard,45,3391,16.0,16
Standard,45,3401,10.0,10
Standard,45,3414,13.0,13
Standard,45,3420,6.0,6
Standard,45,3434,14.0,14
Standard,45,3442,8.0,8
Standard,45,3447,5.0,5
Standard,45,3459,12.0,12
Standard,45,3465,6.0,6
Standard,45,3470,5.0,5
Standard,45,3476,6.0,6
Standard,45,3488,12.0,12
Standard,45,3496,8.0,8
Standard,45,3514,18.0,18
Standard,45,3533,19.0,19
Standard,45,3542,9.0,9
Standard,45,3560,18.0,18
Standard,45,3566,6.0,6
Standard,45,3578,12.0,12
Standard,45,3588,10.0,10
Standard,45,3596,8.0,8
Standard,45,3604,8.0,8
Standard,45,3609,5.0,5
Standard,45,3620,11.0,11
Standard,45,3629,9.0,9
Standard,45,3635,6.0,6
Standard,45,3643,8.0,8
Standard,45,3669,26.0,26
Standard,45,3676,7.0,7
Standard,45,3689,13.0,13
Standard,45,3698,9.0,9
Standard,45,3704,6.0,6
Standard,45,3713,9.0,9
Standard,45,3721,8.0,8
Standard,45,3727,6.0,6
Standard,45,3740,13.0,13
Standard,45,3748,8.0,8
Standard,45,3754,6.0,6
Standard,45,3770,16.0,16
Standard,45,3774,4.0,4
Standard,45,3783,9.0,9
Standard,45,3791,8.0,8
Standard,45,3797,6.0,6
Standard,45,3809,12.0,12
Standard,45,3814,5.0,5
Standard,45,3822,8.0,8
Standard,45,3842,20.0,20
Standard,45,3858,16.0,16
Standard,45,3870,12.0,12
Standard,45,3883,13.0,13
Standard,45,3892,9.0,9
Standard,45,3924,32.0,32
Standard,45,3947,23.0,23
Standard,45,3952,5.0,5
Standard,45,3974,22.0,22
Standard,45,3980,6.0,6
Standard,45,4015,35.0,35
Standard,45,4021,6.0,6
Standard,45,4034,13.0,13
Standard,45,4053,19.0,19
Standard,45,4063,10.0,10
Standard,45,4071,8.0,8
Standard,45,4075,4.0,4
Standard,45,4083,8.0,8
Standard,45,4091,8.0,8
Standard,45,4100,9.0,9
Standard,45,4107,7.0,7
Standard,45,4120,13.0,13
Standard,45,4126,6.0,6
Standard,45,4131,5.0,5
Standard,45,4137,6.0,6
Standard,45,4143,6.0,6
Standard,45,4156,13.0,13
Standard,45,4182,26.0,26
Standard,45,4186,4.0,4
Standard,45,4207,21.0,21
Standard,45,4243,36.0,36
Standard,45,4257,14.0,14
Standard,45,4265,8.0,8
Standard,45,4272,7.0,7
Standard,45,4283,11.0,11
Standard,45,4291,8.0,8
Standard,45,4311,20.0,20
Standard,45,4332,21.0,21
Standard,45,4359,27.0,27
Standard,45,4369,10.0,10
Standard,45,4396,27.0,27
Standard,45,4414,18.0,18
Standard,45,4424,10.0,10
Standard,45,4443,19.0,19
Standard,45,4452,9.0,9
Standard,45,4465,13.0,13
Standard,45,4475,10.0,10
Standard,45,4482,7.0,7
Standard,45,4499,17.0,17
Standard,45,4522,23.0,23
Standard,45,4536,14.0,14
Standard,45,4542,6.0,6
Standard,45,4568,26.0,26
Standard,45,4590,22.0,22
Standard,45,4602,12.0,12
Standard,45,4631,29.0,29
Standard,45,4642,11.0,11
Standard,45,4663,21.0,21
Standard,45,4682,19.0,19
Standard,45,4688,6.0,6
Standard,45,4700,12.0,12
Standard,45,4730,30.0,30
Standard,45,4749,19.0,19
Standard,45,4775,26.0,26
Standard,45,4783,8.0,8
Standard,45,4794,11.0,11
Standard,45,4820,26.0,26
Standard,45,4825,5.0,5
Standard,45,4852,27.0,27
Standard,45,4857,5.0,5
Standard,45,4912,55.0,55
Standard,45,4939,27.0,27
Standard,45,4949,10.0,10
Standard,45,4959,10.0,10
Standard,45,4964,5.0,5
Standard,45,4974,10.0,10
Standard,45,4990,16.0,16
Standard,45,5009,19.0,19
Standard,45,5026,17.0,17
Standard,45,5044,18.0,18
Standard,45,5067,23.0,23
Standard,45,5081,14.0,14
Standard,45,5087,6.0,6
Standard,45,5109,22.0,22
Standard,45,5132,23.0,23
Standard,45,5141,9.0,9
Standard,45,5158,17.0,17
Standard,45,5167,9.0,9
Standard,45,5180,13.0,13
Standard,45,5190,10.0,10
Standard,45,5210,20.0,20
Standard,45,5217,7.0,7
Standard,45,5235,18.0,18
Standard,45,5246,11.0,11
Standard,45,5272,26.0,26
Standard,45,5289,17.0,17
Standard,45,5317,28.0,28
Standard,45,5328,11.0,11
Standard,45,5393,65.0,65
Standard,45,5399,6.0,6
Standard,45,5414,15.0,15
Standard,45,5441,27.0,27
Standard,45,5454,13.0,13
Standard,45,5480,26.0,26
Standard,45,5506,26.0,26
Standard,45,5525,19.0,19
Standard,45,5541,16.0,16
Standard,45,5548,7.0,7
Standard,45,5565,17.0,17
Standard,45,5569,4.0,4
Standard,45,5598,29.0,29
Standard,45,5617,19.0,19
Standard,45,5623,6.0,6
Standard,45,5641,18.0,18
Standard,45,5652,11.0,11
Standard,45,5659,7.0,7
Standard,45,5667,8.0,8
Standard,45,5685,18.0,18
Standard,45,5694,9.0,9
Standard,45,5722,28.0,28
Standard,45,5741,19.0,19
Standard,45,5750,9.0,9
Standard,45,5798,48.0,48
Standard,45,5834,36.0,36
Standard,45,5847,13.0,13
Standard,45,5879,32.0,32
Standard,45,5887,8.0,8
Standard,45,5906,19.0,19
Standard,45,5915,9.0,9
Standard,45,5920,5.0,5
Standard,45,5930,10.0,10
Standard,45,5944,14.0,14
Standard,45,5951,7.0,7
Standard,45,5965,14.0,14
Standard,45,5982,17.0,17
Standard,45,6024,42.0,42
Standard,45,6032,8.0,8
Standard,45,6057,25.0,25
Standard,45,6102,45.0,45
Standard,45,6109,7.0,7
Standard,45,6123,14.0,14
Standard,45,6141,18.0,18
Standard,45,6184,43.0,43
Standard,45,6194,10.0,10
Standard,45,6234,40.0,40
Standard,45,6238,4.0,4
Standard,45,6251,13.0,13
Standard,45,6285,34.0,34
Standard,45,6302,17.0,17
Standard,45,6339,37.0,37
Standard,45,6347,8.0,8
Standard,45,6380,33.0,33
Standard,45,6427,47.0,47
Standard,45,6454,27.0,27
Standard,45,6469,15.0,15
Standard,45,6503,34.0,34
Standard,45,6511,8.0,8
Standard,45,6529,18.0,18
Standard,45,6556,27.0,27
Standard,45,6571,15.0,15
Standard,45,6578,7.0,7
Standard,45,6589,11.0,11
Standard,45,6609,20.0,20
Standard,45,6624,15.0,15
Standard,45,6636,12.0,12
Standard,45,6661,25.0,25
Standard,45,6668,7.0,7
Standard,45,6671,3.0,3
Standard,45,6757,86.0,86
Standard,45,6765,8.0,8
Standard,45,6788,23.0,23
Standard,45,6820,32.0,32
Standard,45,6863,43.0,43
Standard,45,6870,7.0,7
Standard,45,6880,10.0,10
Standard,45,6889,9.0,9
Standard,45,6898,9.0,9
Standard,45,6904,6.0,6
Standard,45,6944,40.0,40
Standard,45,6979,35.0,35
Standard,45,6996,17.0,17
Standard,45,7006,10.0,10
Standard,45,7020,14.0,14
Standard,45,7035,15.0,15
Standard,45,7047,12.0,12
Standard,45,7087,40.0,40
Standard,45,7134,47.0,47
Standard,45,7166,32.0,32
Standard,45,7201,35.0,35
Standard,45,7246,45.0,45
Standard,45,7273,27.0,27
Standard,45,7289,16.0,16
Standard,45,7330,41.0,41
Standard,45,7345,15.0,15
Standard,45,7391,46.0,46
Standard,45,7411,20.0,20
Standard,45,7424,13.0,13
Standard,45,7430,6.0,6
Standard,45,7473,43.0,43
Standard,45,7491,18.0,18
Standard,45,7501,10.0,10
Standard,45,7534,33.0,33
Standard,45,7541,7.0,7
Standard,45,7548,7.0,7
Standard,45,7553,5.0,5
Standard,45,7564,11.0,11
Standard,45,7577,13.0,13
Standard,45,7582,5.0,5
Standard,45,7623,41.0,41
Standard,45,7635,12.0,12
Standard,45,7640,5.0,5
Standard,45,7651,11.0,11
Standard,45,7666,15.0,15
Standard,45,7674,8.0,8
Standard,45,7702,28.0,28
Standard,45,7710,8.0,8
Standard,45,7734,24.0,24
Standard,45,7751,17.0,17
Standard,45,7764,13.0,13
Standard,45,7790,26.0,26
Standard,45,7802,12.0,12
Standard,45,7863,61.0,61
Standard,45,7873,10.0,10
Standard,45,7886,13.0,13
Standard,45,7897,11.0,11
Standard,45,7924,27.0,27
Standard,45,7999,75.0,75
Standard,45,8022,23.0,23
Standard,45,8028,6.0,6
Standard,45,8082,54.0,54
Standard,45,8093,11.0,11
Standard,45,8117,24.0,24
Standard,45,8135,18.0,18
Standard,45,8168,33.0,33
Standard,45,8175,7.0,7
Standard,45,8215,40.0,40
Standard,45,8252,37.0,37
Standard,45,8298,46.0,46
Standard,45,8334,36.0,36
Standard,45,8344,10.0,10
Standard,45,8352,8.0,8
Standard,45,8366,14.0,14
Standard,45,8409,43.0,43
Standard,45,8414,5.0,5
Standard,45,8427,13.0,13
Standard,45,8466,39.0,39
Standard,45,8510,44.0,44
Standard,45,8543,33.0,33
Standard,45,8605,62.0,62
Standard,45,8610,5.0,5
Standard,45,8623,13.0,13
Standard,45,8665,42.0,42
Standard,45,8700,35.0,35
Standard,45,8711,11.0,11
Standard,45,8792,81.0,81
Standard,45,8833,41.0,41
Standard,45,8868,35.0,35
Standard,45,8885,17.0,17
Standard,45,8896,11.0,11
Standard,45,8908,12.0,12
Standard,45,8979,71.0,71
Standard,45,9027,48.0,48
Standard,45,9070,43.0,43
Standard,45,9128,58.0,58
Standard,45,9164,36.0,36
Standard,45,9183,19.0,19
Standard,45,9214,31.0,31
Standard,45,9234,20.0,20
Standard,45,9244,10.0,10
Standard,45,9266,22.0,22
Standard,45,9314,48.0,48
Standard,45,9352,38.0,38
Standard,45,9413,61.0,61
Standard,45,9452,39.0,39
Standard,45,9563,111.0,111
Standard,45,9619,56.0,56
Standard,45,9661,42.0,42
Standard,45,9671,10.0,10
Standard,45,9700,29.0,29
Standard,45,9725,25.0,25
Standard,45,9783,58.0,58
Standard,45,9814,31.0,31
Standard,45,9868,54.0,54
Standard,45,9906,38.0,38
Standard,45,9934,28.0,28
Standard,45,9997,63.0,63
Standard,45,10037,40.0,40
Standard,45,10124,87.0,87
Standard,45,10157,33.0,33
Standard,45,10164,7.0,7
Standard,45,10204,40.0,40
Standard,45,10211,7.0,7
Standard,45,10216,5.0,5
Standard,45,10280,64.0,64
Standard,45,10346,66.0,66
Standard,45,10406,60.0,60
Standard,45,10479,73.0,73
Standard,45,10495,16.0,16
Standard,45,10549,54.0,54
Standard,45,10608,59.0,59
Standard,45,10621,13.0,13
Standard,45,10648,27.0,27
Standard,45,10680,32.0,32
Standard,45,10736,56.0,56
Standard,45,10754,18.0,18
Standard,45,10799,45.0,45
Standard,45,10860,61.0,61
Standard,45,10873,13.0,13
Standard,45,10936,63.0,63
Standard,45,10986,50.0,50
Standard,45,11009,23.0,23
Standard,45,11137,128.0,128
Standard,45,11203,66.0,66
Standard,45,11212,9.0,9
Standard,45,11250,38.0,38
Standard,45,11263,13.0,13
Standard,45,11340,77.0,77
Standard,45,11348,8.0,8
Standard,45,11396,48.0,48
Standard,45,11500,104.0,104
Standard,45,11518,18.0,18
Standard,45,11587,69.0,69
Standard,45,11625,38.0,38
Standard,45,11698,73.0,73
Standard,45,11743,45.0,45
Standard,45,11774,31.0,31
Standard,45,11805,31.0,31
Standard,45,11849,44.0,44
Standard,45,11889,40.0,40
Standard,45,11897,8.0,8
Standard,45,11922,25.0,25
Standard,45,11971,49.0,49
Standard,45,12047,76.0,76
Standard,45,12119,72.0,72
Standard,45,12132,13.0,13
Standard,45,12216,84.0,84
Standard,45,12280,64.0,64
Standard,45,12370,90.0,90
Standard,45,12450,80.0,80
Standard,45,12479,29.0,29
Standard,45,12586,107.0,107
Standard,45,12613,27.0,27
Standard,45,12703,90.0,90
Standard,45,12746,43.0,43
Standard,45,12802,56.0,56
Standard,45,12872,70.0,70
Standard,45,12941,69.0,69
Standard,45,13023,82.0,82
Standard,45,13037,14.0,14
Standard,45,13065,28.0,28
Standard,45,13128,63.0,63
Standard,45,13183,55.0,55
Standard,45,13228,45.0,45
Standard,45,13316,88.0,88
Standard,45,13340,24.0,24
Standard,45,13361,21.0,21
Standard,45,13441,80.0,80
Standard,45,13485,44.0,44
Standard,45,13572,87.0,87
Standard,45,13654,82.0,82
Standard,45,13768,114.0,114
Standard,45,13841,73.0,73
Standard,45,13892,51.0,51
Standard,45,13933,41.0,41
Standard,45,14041,108.0,108
Standard,45,14059,18.0,18
Standard,45,14144,85.0,85
Standard,45,14221,77.0,77
Standard,45,14285,64.0,64
Standard,45,14377,92.0,92
Standard,45,14449,72.0,72
Standard,45,14503,54.0,54
Standard,45,14599,96.0,96
Standard,45,14669,70.0,70
Standard,45,14747,78.0,78
Standard,45,14759,12.0,12
Standard,45,14831,72.0,72
Standard,45,14947,116.0,116
Standard,45,15037,90.0,90
Standard,45,15145,108.0,108
Standard,45,15220,75.0,75
Standard,45,15301,81.0,81
Standard,45,15406,105.0,105
Standard,45,15469,63.0,63
Standard,45,15510,41.0,41
Standard,45,15582,72.0,72
Standard,45,15636,54.0,54
Standard,45,15702,66.0,66
Standard,45,15790,88.0,88
Standard,45,15868,78.0,78
Standard,45,15944,76.0,76
Standard,45,16114,170.0,170
Standard,45,16384,270.0,270
Standard,45,16401,17.0,17
Standard,45,16474,73.0,73
Standard,45,16555,81.0,81
Standard,45,16684,129.0,129
Standard,45,16779,95.0,95
Standard,45,16867,88.0,88
Standard,45,17017,150.0,150
Standard,45,17099,82.0,82
Standard,45,17214,115.0,115
Standard,45,17302,88.0,88
Standard,45,17362,60.0,60
Standard,45,17424,62.0,62
Standard,45,17437,13.0,13
Standard,45,17562,125.0,125
Standard,45,17704,142.0,142
Standard,45,17916,212.0,212
Standard,45,18019,103.0,103
Standard,45,18106,87.0,87
Standard,45,18192,86.0,86
Standard,45,18277,85.0,85
Standard,45,18350,73.0,73
Standard,45,18452,102.0,102
Standard,45,18529,77.0,77
Standard,45,18616,87.0,87
Standard,45,18770,154.0,154
Standard,45,18937,167.0,167
Standard,45,19043,106.0,106
Standard,45,19126,83.0,83
Standard,45,19324,198.0,198
Standard,45,19419,95.0,95
Standard,45,19535,116.0,116
Standard,45,19722,187.0,187
Standard,45,19860,138.0,138
Standard,45,19957,97.0,97
Standard,45,20100,143.0,143
Standard,45,20288,188.0,188
Standard,45,20324,36.0,36
Standard,45,20357,33.0,33
Standard,45,20553,196.0,196
Standard,45,20677,124.0,124
Standard,45,20891,214.0,214
Standard,45,21129,238.0,238
Standard,45,21296,167.0,167
Standard,45,21443,147.0,147
Standard,45,21570,127.0,127
Standard,45,21663,93.0,93
Standard,45,21891,228.0,228
Standard,45,22041,150.0,150
Standard,45,22139,98.0,98
Standard,45,22300,161.0,161
Standard,45,22527,227.0,227
Standard,45,22611,84.0,84
Standard,45,22898,287.0,287
Standard,45,23259,361.0,361
Standard,45,23450,191.0,191
Standard,45,23589,139.0,139
Standard,45,23886,297.0,297
Standard,45,24106,220.0,220
Standard,45,24353,247.0,247
Standard,45,24528,175.0,175
Standard,45,24741,213.0,213
Standard,45,24987,246.0,246
Standard,45,25799,812.0,812
Standard,45,25890,91.0,91
Standard,45,26890,1000.0,1000
Standard,45,27890,1000.0,1000
Standard,45,28890,1000.0,1000
Standard,45,29890,1000.0,1000
Standard,45,30890,1000.0,1000
Standard,45,31890,1000.0,1000
Standard,45,32890,1000.0,1000
Standard,45,33890,1000.0,1000
Standard,45,34707,817.0,817
Standard,45,35707,1000.0,1000
Standard,45,36707,1000.0,1000
Standard,45,37707,1000.0,1000
Standard,45,38707,1000.0,1000
Standard,45,39707,1000.0,1000
Standard,45,40707,1000.0,1000
Standard,45,41707,1000.0,1000
Standard,45,42707,1000.0,1000
Standard,45,43707,1000.0,1000
Standard,45,44707,1000.0,1000
Standard,45,45707,1000.0,1000
Standard,45,46707,1000.0,1000
Standard,45,47707,1000.0,1000
Standard,45,48707,1000.0,1000
Standard,45,49707,1000.0,1000
Standard,45,50707,1000.0,1000
Standard,45,51707,1000.0,1000
Standard,45,52707,1000.0,1000
Standard,45,53707,1000.0,1000
Standard,45,54707,1000.0,1000
Standard,45,55707,1000.0,1000
Standard,45,56707,1000.0,1000
Standard,45,57707,1000.0,1000
Standard,45,58707,1000.0,1000
Standard,45,59707,1000.0,1000
Standard,45,60707,1000.0,1000
Standard,45,61707,1000.0,1000
Standard,45,62707,1000.0,1000
Standard,45,63707,1000.0,1000
Standard,45,64707,1000.0,1000
Standard,45,65707,1000.0,1000
Standard,45,66707,1000.0,1000
Standard,45,67707,1000.0,1000
Standard,45,68707,1000.0,1000
Standard,45,69707,1000.0,1000
Standard,45,70707,1000.0,1000
Standard,45,71707,1000.0,1000
Standard,45,72707,1000.0,1000
Standard,45,73707,1000.0,1000
Standard,45,74707,1000.0,1000
Standard,45,75707,1000.0,1000
Standard,45,76707,1000.0,1000
Standard,45,77707,1000.0,1000
Standard,45,78707,1000.0,1000
Standard,45,79707,1000.0,1000
Standard,45,80707,1000.0,1000
Standard,45,81707,1000.0,1000
Standard,45,82707,1000.0,1000
Standard,45,83707,1000.0,1000
Standard,45,84707,1000.0,1000
Standard,45,85707,1000.0,1000
Standard,45,86707,1000.0,1000
Standard,45,87707,1000.0,1000
Standard,45,88707,1000.0,1000
Standard,45,89707,1000.0,1000
Standard,45,90707,1000.0,1000
Standard,45,91707,1000.0,1000
Standard,45,92707,1000.0,1000
Standard,45,93707,1000.0,1000
Standard,45,94707,1000.0,1000
Standard,45,95707,1000.0,1000
Standard,45,96707,1000.0,1000
Standard,45,97707,1000.0,1000
Standard,45,98707,1000.0,1000
Standard,45,99707,1000.0,1000
Standard,46,7,7.0,7
Standard,46,14,7.0,7
Standard,46,24,10.0,10
Standard,46,34,10.0,10
Standard,46,45,11.0,11
Standard,46,49,4.0,4
Standard,46,54,5.0,5
Standard,46,65,11.0,11
Standard,46,71,6.0,6
Standard,46,81,10.0,10
Standard,46,90,9.0,9
Standard,46,95,5.0,5
Standard,46,101,6.0,6
Standard,46,106,5.0,5
Standard,46,116,10.0,10
Standard,46,130,14.0,14
Standard,46,137,7.0,7
Standard,46,141,4.0,4
Standard,46,145,4.0,4
Standard,46,151,6.0,6
Standard,46,161,10.0,10
Standard,46,167,6.0,6
Standard,46,178,11.0,11
Standard,46,191,13.0,13
Standard,46,201,10.0,10
Standard,46,210,9.0,9
Standard,46,219,9.0,9
Standard,46,225,6.0,6
Standard,46,230,5.0,5
Standard,46,233,3.0,3
Standard,46,242,9.0,9
Standard,46,246,4.0,4
Standard,46,252,6.0,6
Standard,46,265,13.0,13
Standard,46,273,8.0,8
Standard,46,277,4.0,4
Standard,46,282,5.0,5
Standard,46,294,12.0,12
Standard,46,301,7.0,7
Standard,46,306,5.0,5
Standard,46,319,13.0,13
Standard,46,337,18.0,18
Standard,46,342,5.0,5
Standard,46,356,14.0,14
Standard,46,362,6.0,6
Standard,46,369,7.0,7
Standard,46,377,8.0,8
Standard,46,385,8.0,8
Standard,46,395,10.0,10
Standard,46,402,7.0,7
Standard,46,415,13.0,13
Standard,46,427,12.0,12
Standard,46,432,5.0,5
Standard,46,439,7.0,7
Standard,46,443,4.0,4
Standard,46,453,10.0,10
Standard,46,459,6.0,6
Standard,46,468,9.0,9
Standard,46,485,17.0,17
Standard,46,489,4.0,4
Standard,46,498,9.0,9
Standard,46,507,9.0,9
Standard,46,522,15.0,15
Standard,46,534,12.0,12
Standard,46,543,9.0,9
Standard,46,557,14.0,14
Standard,46,564,7.0,7
Standard,46,572,8.0,8
Standard,46,576,4.0,4
Standard,46,587,11.0,11
Standard,46,595,8.0,8
Standard,46,607,12.0,12
Standard,46,615,8.0,8
Standard,46,622,7.0,7
Standard,46,634,12.0,12
Standard,46,641,7.0,7
Standard,46,645,4.0,4
Standard,46,659,14.0,14
Standard,46,665,6.0,6
Standard,46,677,12.0,12
Standard,46,703,26.0,26
Standard,46,712,9.0,9
Standard,46,720,8.0,8
Standard,46,726,6.0,6
Standard,46,730,4.0,4
Standard,46,737,7.0,7
Standard,46,749,12.0,12
Standard,46,754,5.0,5
Standard,46,764,10.0,10
Standard,46,778,14.0,14
Standard,46,785,7.0,7
Standard,46,796,11.0,11
Standard,46,803,7.0,7
Standard,46,810,7.0,7
Standard,46,816,6.0,6
Standard,46,821,5.0,5
Standard,46,826,5.0,5
Standard,46,846,20.0,20
Standard,46,850,4.0,4
Standard,46,865,15.0,15
Standard,46,874,9.0,9
Standard,46,880,6.0,6
Standard,46,904,24.0,24
Standard,46,909,5.0,5
Standard,46,931,22.0,22
Standard,46,939,8.0,8
Standard,46,950,11.0,11
Standard,46,953,3.0,3
Standard,46,961,8.0,8
Standard,46,965,4.0,4
Standard,46,974,9.0,9
Standard,46,978,4.0,4
Standard,46,982,4.0,4
Standard,46,998,16.0,16
Standard,46,1007,9.0,9
Standard,46,1014,7.0,7
Standard,46,1019,5.0,5
Standard,46,1027,8.0,8
Standard,46,1032,5.0,5
Standard,46,1049,17.0,17
Standard,46,1055,6.0,6
Standard,46,1058,3.0,3
Standard,46,1070,12.0,12
Standard,46,1073,3.0,3
Standard,46,1077,4.0,4
Standard,46,1085,8.0,8
Standard,46,1099,14.0,14
Standard,46,1114,15.0,15
Standard,46,1121,7.0,7
Standard,46,1127,6.0,6
Standard,46,1141,14.0,14
Standard,46,1158,17.0,17
Standard,46,1164,6.0,6
Standard,46,1168,4.0,4
Standard,46,1186,18.0,18
Standard,46,1195,9.0,9
Standard,46,1204,9.0,9
Standard,46,1210,6.0,6
Standard,46,1218,8.0,8
Standard,46,1230,12.0,12
Standard,46,1239,9.0,9
Standard,46,1251,12.0,12
Standard,46,1261,10.0,10
Standard,46,1267,6.0,6
Standard,46,1286,19.0,19
Standard,46,1290,4.0,4
Standard,46,1297,7.0,7
Standard,46,1303,6.0,6
Standard,46,1315,12.0,12
Standard,46,1321,6.0,6
Standard,46,1329,8.0,8
Standard,46,1333,4.0,4
Standard,46,1340,7.0,7
Standard,46,1350,10.0,10
Standard,46,1361,11.0,11
Standard,46,1372,11.0,11
Standard,46,1378,6.0,6
Standard,46,1382,4.0,4
Standard,46,1388,6.0,6
Standard,46,1392,4.0,4
Standard,46,1397,5.0,5
Standard,46,1408,11.0,11
Standard,46,1426,18.0,18
Standard,46,1430,4.0,4
Standard,46,1444,14.0,14
Standard,46,1449,5.0,5
Standard,46,1453,4.0,4
Standard,46,1456,3.0,3
Standard,46,1466,10.0,10
Standard,46,1471,5.0,5
Standard,46,1476,5.0,5
Standard,46,1494,18.0,18
Standard,46,1503,9.0,9
Standard,46,1513,10.0,10
Standard,46,1519,6.0,6
Standard,46,1529,10.0,10
Standard,46,1539,10.0,10
Standard,46,1547,8.0,8
Standard,46,1551,4.0,4
Standard,46,1556,5.0,5
Standard,46,1561,5.0,5
Standard,46,1575,14.0,14
Standard,46,1588,13.0,13
Standard,46,1599,11.0,11
Standard,46,1606,7.0,7
Standard,46,1613,7.0,7
Standard,46,1624,11.0,11
Standard,46,1629,5.0,5
Standard,46,1636,7.0,7
Standard,46,1647,11.0,11
Standard,46,1653,6.0,6
Standard,46,1656,3.0,3
Standard,46,1661,5.0,5
Standard,46,1667,6.0,6
Standard,46,1672,5.0,5
Standard,46,1689,17.0,17
Standard,46,1695,6.0,6
Standard,46,1701,6.0,6
Standard,46,1709,8.0,8
Standard,46,1714,5.0,5
Standard,46,1719,5.0,5
Standard,46,1728,9.0,9
Standard,46,1738,10.0,10
Standard,46,1767,29.0,29
Standard,46,1780,13.0,13
Standard,46,1784,4.0,4
Standard,46,1794,10.0,10
Standard,46,1805,11.0,11
Standard,46,1814,9.0,9
Standard,46,1824,10.0,10
Standard,46,1838,14.0,14
Standard,46,1842,4.0,4
Standard,46,1849,7.0,7
Standard,46,1856,7.0,7
Standard,46,1864,8.0,8
Standard,46,1871,7.0,7
Standard,46,1874,3.0,3
Standard,46,1879,5.0,5
Standard,46,1892,13.0,13
Standard,46,1897,5.0,5
Standard,46,1901,4.0,4
Standard,46,1908,7.0,7
Standard,46,1914,6.0,6
Standard,46,1918,4.0,4
Standard,46,1926,8.0,8
Standard,46,1933,7.0,7
Standard,46,1941,8.0,8
Standard,46,1951,10.0,10
Standard,46,1962,11.0,11
Standard,46,1969,7.0,7
Standard,46,1982,13.0,13
Standard,46,1996,14.0,14
Standard,46,2002,6.0,6
Standard,46,2009,7.0,7
Standard,46,2029,20.0,20
Standard,46,2035,6.0,6
Standard,46,2041,6.0,6
Standard,46,2051,10.0,10
Standard,46,2056,5.0,5
Standard,46,2068,12.0,12
Standard,46,2074,6.0,6
Standard,46,2081,7.0,7
Standard,46,2092,11.0,11
Standard,46,2108,16.0,16
Standard,46,2128,20.0,20
Standard,46,2133,5.0,5
Standard,46,2149,16.0,16
Standard,46,2159,10.0,10
Standard,46,2177,18.0,18
Standard,46,2181,4.0,4
Standard,46,2188,7.0,7
Standard,46,2206,18.0,18
Standard,46,2214,8.0,8
Standard,46,2220,6.0,6
Standard,46,2226,6.0,6
Standard,46,2246,20.0,20
Standard,46,2251,5.0,5
Standard,46,2256,5.0,5
Standard,46,2261,5.0,5
Standard,46,2275,14.0,14
Standard,46,2281,6.0,6
Standard,46,2290,9.0,9
Standard,46,2296,6.0,6
Standard,46,2315,19.0,19
Standard,46,2320,5.0,5
Standard,46,2331,11.0,11
Standard,46,2342,11.0,11
Standard,46,2353,11.0,11
Standard,46,2368,15.0,15
Standard,46,2374,6.0,6
Standard,46,2380,6.0,6
Standard,46,2390,10.0,10
Standard,46,2412,22.0,22
Standard,46,2445,33.0,33
Standard,46,2450,5.0,5
Standard,46,2456,6.0,6
Standard,46,2463,7.0,7
Standard,46,2474,11.0,11
Standard,46,2489,15.0,15
Standard,46,2502,13.0,13
Standard,46,2511,9.0,9
Standard,46,2516,5.0,5
Standard,46,2526,10.0,10
Standard,46,2535,9.0,9
Standard,46,2543,8.0,8
Standard,46,2553,10.0,10
Standard,46,2562,9.0,9
Standard,46,2571,9.0,9
Standard,46,2582,11.0,11
Standard,46,2599,17.0,17
Standard,46,2604,5.0,5
Standard,46,2629,25.0,25
Standard,46,2638,9.0,9
Standard,46,2653,15.0,15
Standard,46,2659,6.0,6
Standard,46,2678,19.0,19
Standard,46,2684,6.0,6
Standard,46,2696,12.0,12
Standard,46,2725,29.0,29
Standard,46,2745,20.0,20
Standard,46,2749,4.0,4
Standard,46,2754,5.0,5
Standard,46,2761,7.0,7
Standard,46,2771,10.0,10
Standard,46,2780,9.0,9
Standard,46,2785,5.0,5
Standard,46,2793,8.0,8
Standard,46,2800,7.0,7
Standard,46,2823,23.0,23
Standard,46,2828,5.0,5
Standard,46,2841,13.0,13
Standard,46,2845,4.0,4
Standard,46,2853,8.0,8
Standard,46,2865,12.0,12
Standard,46,2874,9.0,9
Standard,46,2883,9.0,9
Standard,46,2895,12.0,12
Standard,46,2910,15.0,15
Standard,46,2919,9.0,9
Standard,46,2939,20.0,20
Standard,46,2943,4.0,4
Standard,46,2951,8.0,8
Standard,46,2978,27.0,27
Standard,46,2994,16.0,16
Standard,46,3003,9.0,9
Standard,46,3019,16.0,16
Standard,46,3025,6.0,6
Standard,46,3032,7.0,7
Standard,46,3037,5.0,5
Standard,46,3065,28.0,28
Standard,46,3072,7.0,7
Standard,46,3079,7.0,7
Standard,46,3087,8.0,8
Standard,46,3091,4.0,4
Standard,46,3097,6.0,6
Standard,46,3107,10.0,10
Standard,46,3127,20.0,20
Standard,46,3137,10.0,10
Standard,46,3142,5.0,5
Standard,46,3177,35.0,35
Standard,46,3192,15.0,15
Standard,46,3205,13.0,13
Standard,46,3226,21.0,21
Standard,46,3236,10.0,10
Standard,46,3255,19.0,19
Standard,46,3265,10.0,10
Standard,46,3272,7.0,7
Standard,46,3278,6.0,6
Standard,46,3281,3.0,3
Standard,46,3299,18.0,18
Standard,46,3315,16.0,16
Standard,46,3320,5.0,5
Standard,46,3345,25.0,25
Standard,46,3352,7.0,7
Standard,46,3365,13.0,13
Standard,46,3371,6.0,6
Standard,46,3379,8.0,8
Standard,46,3387,8.0,8
Standard,46,3407,20.0,20
Standard,46,3417,10.0,10
Standard,46,3436,19.0,19
Standard,46,3475,39.0,39
Standard,46,3479,4.0,4
Standard,46,3483,4.0,4
Standard,46,3491,8.0,8
Standard,46,3495,4.0,4
Standard,46,3504,9.0,9
Standard,46,3510,6.0,6
Standard,46,3529,19.0,19
Standard,46,3538,9.0,9
Standard,46,3547,9.0,9
Standard,46,3558,11.0,11
Standard,46,3575,17.0,17
Standard,46,3578,3.0,3
Standard,46,3598,20.0,20
Standard,46,3607,9.0,9
Standard,46,3627,20.0,20
Standard,46,3644,17.0,17
Standard,46,3652,8.0,8
Standard,46,3662,10.0,10
Standard,46,3687,25.0,25
Standard,46,3698,11.0,11
Standard,46,3703,5.0,5
Standard,46,3711,8.0,8
Standard,46,3720,9.0,9
Standard,46,3730,10.0,10
Standard,46,3744,14.0,14
Standard,46,3762,18.0,18
Standard,46,3766,4.0,4
Standard,46,3774,8.0,8
Standard,46,3780,6.0,6
Standard,46,3791,11.0,11
Standard,46,3802,11.0,11
Standard,46,3808,6.0,6
Standard,46,3823,15.0,15
Standard,46,3826,3.0,3
Standard,46,3839,13.0,13
Standard,46,3852,13.0,13
Standard,46,3860,8.0,8
Standard,46,3876,16.0,16
Standard,46,3885,9.0,9
Standard,46,3906,21.0,21
Standard,46,3916,10.0,10
Standard,46,3921,5.0,5
Standard,46,3956,35.0,35
Standard,46,3961,5.0,5
Standard,46,3968,7.0,7
Standard,46,3989,21.0,21
Standard,46,4006,17.0,17
Standard,46,4023,17.0,17
Standard,46,4028,5.0,5
Standard,46,4036,8.0,8
Standard,46,4043,7.0,7
Standard,46,4051,8.0,8
Standard,46,4067,16.0,16
Standard,46,4088,21.0,21
Standard,46,4095,7.0,7
Standard,46,4104,9.0,9
Standard,46,4115,11.0,11
Standard,46,4129,14.0,14
Standard,46,4135,6.0,6
Standard,46,4173,38.0,38
Standard,46,4184,11.0,11
Standard,46,4206,22.0,22
Standard,46,4220,14.0,14
Standard,46,4241,21.0,21
Standard,46,4250,9.0,9
Standard,46,4273,23.0,23
Standard,46,4281,8.0,8
Standard,46,4344,63.0,63
Standard,46,4360,16.0,16
Standard,46,4366,6.0,6
Standard,46,4371,5.0,5
Standard,46,4401,30.0,30
Standard,46,4406,5.0,5
Standard,46,4421,15.0,15
Standard,46,4430,9.0,9
Standard,46,4436,6.0,6
Standard,46,4474,38.0,38
Standard,46,4491,17.0,17
Standard,46,4502,11.0,11
Standard,46,4507,5.0,5
Standard,46,4557,50.0,50
Standard,46,4568,11.0,11
Standard,46,4574,6.0,6
Standard,46,4608,34.0,34
Standard,46,4621,13.0,13
Standard,46,4632,11.0,11
Standard,46,4638,6.0,6
Standard,46,4661,23.0,23
Standard,46,4684,23.0,23
Standard,46,4694,10.0,10
Standard,46,4699,5.0,5
Standard,46,4721,22.0,22
Standard,46,4731,10.0,10
Standard,46,4763,32.0,32
Standard,46,4774,11.0,11
Standard,46,4781,7.0,7
Standard,46,4803,22.0,22
Standard,46,4807,4.0,4
Standard,46,4829,22.0,22
Standard,46,4842,13.0,13
Standard,46,4853,11.0,11
Standard,46,4862,9.0,9
Standard,46,4903,41.0,41
Standard,46,4907,4.0,4
Standard,46,4916,9.0,9
Standard,46,4921,5.0,5
Standard,46,4968,47.0,47
Standard,46,4979,11.0,11
Standard,46,4986,7.0,7
Standard,46,5004,18.0,18
Standard,46,5012,8.0,8
Standard,46,5035,23.0,23
Standard,46,5041,6.0,6
Standard,46,5050,9.0,9
Standard,46,5056,6.0,6
Standard,46,5070,14.0,14
Standard,46,5079,9.0,9
Standard,46,5103,24.0,24
Standard,46,5109,6.0,6
Standard,46,5113,4.0,4
Standard,46,5136,23.0,23
Standard,46,5145,9.0,9
Standard,46,5169,24.0,24
Standard,46,5193,24.0,24
Standard,46,5210,17.0,17
Standard,46,5230,20.0,20
Standard,46,5244,14.0,14
Standard,46,5257,13.0,13
Standard,46,5266,9.0,9
Standard,46,5279,13.0,13
Standard,46,5302,23.0,23
Standard,46,5308,6.0,6
Standard,46,5320,12.0,12
Standard,46,5327,7.0,7
Standard,46,5334,7.0,7
Standard,46,5342,8.0,8
Standard,46,5352,10.0,10
Standard,46,5375,23.0,23
Standard,46,5396,21.0,21
Standard,46,5422,26.0,26
Standard,46,5428,6.0,6
Standard,46,5450,22.0,22
Standard,46,5454,4.0,4
Standard,46,5465,11.0,11
Standard,46,5487,22.0,22
Standard,46,5527,40.0,40
Standard,46,5538,11.0,11
Standard,46,5549,11.0,11
Standard,46,5608,59.0,59
Standard,46,5627,19.0,19
Standard,46,5648,21.0,21
Standard,46,5667,19.0,19
Standard,46,5674,7.0,7
Standard,46,5719,45.0,45
Standard,46,5732,13.0,13
Standard,46,5740,8.0,8
Standard,46,5747,7.0,7
Standard,46,5760,13.0,13
Standard,46,5775,15.0,15
Standard,46,5786,11.0,11
Standard,46,5814,28.0,28
Standard,46,5861,47.0,47
Standard,46,5876,15.0,15
Standard,46,5892,16.0,16
Standard,46,5905,13.0,13
Standard,46,5944,39.0,39
Standard,46,5961,17.0,17
Standard,46,5981,20.0,20
Standard,46,5991,10.0,10
Standard,46,6028,37.0,37
Standard,46,6051,23.0,23
Standard,46,6061,10.0,10
Standard,46,6086,25.0,25
Standard,46,6121,35.0,35
Standard,46,6158,37.0,37
Standard,46,6169,11.0,11
Standard,46,6203,34.0,34
Standard,46,6218,15.0,15
Standard,46,6241,23.0,23
Standard,46,6292,51.0,51
Standard,46,6307,15.0,15
Standard,46,6347,40.0,40
Standard,46,6369,22.0,22
Standard,46,6384,15.0,15
Standard,46,6402,18.0,18
Standard,46,6433,31.0,31
Standard,46,6439,6.0,6
Standard,46,6466,27.0,27
Standard,46,6532,66.0,66
Standard,46,6546,14.0,14
Standard,46,6587,41.0,41
Standard,46,6597,10.0,10
Standard,46,6634,37.0,37
Standard,46,6666,32.0,32
Standard,46,6679,13.0,13
Standard,46,6707,28.0,28
Standard,46,6761,54.0,54
Standard,46,6836,75.0,75
Standard,46,6866,30.0,30
Standard,46,6873,7.0,7
Standard,46,6880,7.0,7
Standard,46,6930,50.0,50
Standard,46,6957,27.0,27
Standard,46,7015,58.0,58
Standard,46,7067,52.0,52
Standard,46,7090,23.0,23
Standard,46,7095,5.0,5
Standard,46,7102,7.0,7
Standard,46,7118,16.0,16
Standard,46,7139,21.0,21
Standard,46,7178,39.0,39
Standard,46,7202,24.0,24
Standard,46,7210,8.0,8
Standard,46,7217,7.0,7
Standard,46,7256,39.0,39
Standard,46,7274,18.0,18
Standard,46,7293,19.0,19
Standard,46,7309,16.0,16
Standard,46,7313,4.0,4
Standard,46,7321,8.0,8
Standard,46,7386,65.0,65
Standard,46,7440,54.0,54
Standard,46,7541,101.0,101
Standard,46,7567,26.0,26
Standard,46,7576,9.0,9
Standard,46,7598,22.0,22
Standard,46,7603,5.0,5
Standard,46,7610,7.0,7
Standard,46,7663,53.0,53
Standard,46,7678,15.0,15
Standard,46,7732,54.0,54
Standard,46,7737,5.0,5
Standard,46,7744,7.0,7
Standard,46,7750,6.0,6
Standard,46,7762,12.0,12
Standard,46,7777,15.0,15
Standard,46,7824,47.0,47
Standard,46,7851,27.0,27
Standard,46,7880,29.0,29
Standard,46,7888,8.0,8
Standard,46,7933,45.0,45
Standard,46,7937,4.0,4
Standard,46,8003,66.0,66
Standard,46,8016,13.0,13
Standard,46,8034,18.0,18
Standard,46,8060,26.0,26
Standard,46,8066,6.0,6
Standard,46,8107,41.0,41
Standard,46,8133,26.0,26
Standard,46,8166,33.0,33
Standard,46,8191,25.0,25
Standard,46,8236,45.0,45
Standard,46,8298,62.0,62
Standard,46,8339,41.0,41
Standard,46,8381,42.0,42
Standard,46,8401,20.0,20
Standard,46,8409,8.0,8
Standard,46,8458,49.0,49
Standard,46,8468,10.0,10
Standard,46,8494,26.0,26
Standard,46,8556,62.0,62
Standard,46,8602,46.0,46
Standard,46,8696,94.0,94
Standard,46,8707,11.0,11
Standard,46,8725,18.0,18
Standard,46,8771,46.0,46
Standard,46,8852,81.0,81
Standard,46,8880,28.0,28
Standard,46,8896,16.0,16
Standard,46,8952,56.0,56
Standard,46,8970,18.0,18
Standard,46,8978,8.0,8
Standard,46,8982,4.0,4
Standard,46,9055,73.0,73
Standard,46,9079,24.0,24
Standard,46,9092,13.0,13
Standard,46,9115,23.0,23
Standard,46,9170,55.0,55
Standard,46,9226,56.0,56
Standard,46,9284,58.0,58
Standard,46,9321,37.0,37
Standard,46,9351,30.0,30
Standard,46,9372,21.0,21
Standard,46,9437,65.0,65
Standard,46,9514,77.0,77
Standard,46,9549,35.0,35
Standard,46,9607,58.0,58
Standard,46,9623,16.0,16
Standard,46,9640,17.0,17
Standard,46,9682,42.0,42
Standard,46,9728,46.0,46
Standard,46,9735,7.0,7
Standard,46,9760,25.0,25
Standard,46,9823,63.0,63
Standard,46,9888,65.0,65
Standard,46,9893,5.0,5
Standard,46,9913,20.0,20
Standard,46,9959,46.0,46
Standard,46,9980,21.0,21
Standard,46,10017,37.0,37
Standard,46,10029,12.0,12
Standard,46,10089,60.0,60
Standard,46,10121,32.0,32
Standard,46,10179,58.0,58
Standard,46,10211,32.0,32
Standard,46,10219,8.0,8
Standard,46,10284,65.0,65
Standard,46,10311,27.0,27
Standard,46,10349,38.0,38
Standard,46,10401,52.0,52
Standard,46,10458,57.0,57
Standard,46,10496,38.0,38
Standard,46,10573,77.0,77
Standard,46,10599,26.0,26
Standard,46,10614,15.0,15
Standard,46,10673,59.0,59
Standard,46,10710,37.0,37
Standard,46,10840,130.0,130
Standard,46,10910,70.0,70
Standard,46,10942,32.0,32
Standard,46,10956,14.0,14
Standard,46,10980,24.0,24
Standard,46,11074,94.0,94
Standard,46,11096,22.0,22
Standard,46,11161,65.0,65
Standard,46,11186,25.0,25
Standard,46,11204,18.0,18
Standard,46,11279,75.0,75
Standard,46,11349,70.0,70
Standard,46,11361,12.0,12
Standard,46,11503,142.0,142
Standard,46,11577,74.0,74
Standard,46,11638,61.0,61
Standard,46,11758,120.0,120
Standard,46,11831,73.0,73
Standard,46,11840,9.0,9
Standard,46,11912,72.0,72
Standard,46,11918,6.0,6
Standard,46,11965,47.0,47
Standard,46,12009,44.0,44
Standard,46,12035,26.0,26
Standard,46,12053,18.0,18
Standard,46,12099,46.0,46
Standard,46,12197,98.0,98
Standard,46,12329,132.0,132
Standard,46,12418,89.0,89
Standard,46,12492,74.0,74
Standard,46,12551,59.0,59
Standard,46,12571,20.0,20
Standard,46,12647,76.0,76
Standard,46,12717,70.0,70
Standard,46,12772,55.0,55
Standard,46,12801,29.0,29
Standard,46,12929,128.0,128
Standard,46,12995,66.0,66
Standard,46,13070,75.0,75
Standard,46,13216,146.0,146
Standard,46,13300,84.0,84
Standard,46,13372,72.0,72
Standard,46,13443,71.0,71
Standard,46,13509,66.0,66
Standard,46,13567,58.0,58
Standard,46,13604,37.0,37
Standard,46,13669,65.0,65
Standard,46,13706,37.0,37
Standard,46,13728,22.0,22
Standard,46,13740,12.0,12
Standard,46,13782,42.0,42
Standard,46,13859,77.0,77
Standard,46,13917,58.0,58
Standard,46,13981,64.0,64
Standard,46,14043,62.0,62
Standard,46,14153,110.0,110
Standard,46,14234,81.0,81
Standard,46,14301,67.0,67
Standard,46,14366,65.0,65
Standard,46,14462,96.0,96
Standard,46,14538,76.0,76
Standard,46,14614,76.0,76
Standard,46,14671,57.0,57
Standard,46,14751,80.0,80
Standard,46,14836,85.0,85
Standard,46,14908,72.0,72
Standard,46,15040,132.0,132
Standard,46,15127,87.0,87
Standard,46,15204,77.0,77
Standard,46,15325,121.0,121
Standard,46,15398,73.0,73
Standard,46,15473,75.0,75
Standard,46,15548,75.0,75
Standard,46,15632,84.0,84
Standard,46,15672,40.0,40
Standard,46,15738,66.0,66
Standard,46,15804,66.0,66
Standard,46,15842,38.0,38
Standard,46,15884,42.0,42
Standard,46,16057,173.0,173
Standard,46,16106,49.0,49
Standard,46,16186,80.0,80
Standard,46,16260,74.0,74
Standard,46,16328,68.0,68
Standard,46,16374,46.0,46
Standard,46,16484,110.0,110
Standard,46,16561,77.0,77
Standard,46,16636,75.0,75
Standard,46,16704,68.0,68
Standard,46,16819,115.0,115
Standard,46,16870,51.0,51
Standard,46,16953,83.0,83
Standard,46,17102,149.0,149
Standard,46,17294,192.0,192
Standard,46,17385,91.0,91
Standard,46,17450,65.0,65
Standard,46,17537,87.0,87
Standard,46,17719,182.0,182
Standard,46,17863,144.0,144
Standard,46,17973,110.0,110
Standard,46,18053,80.0,80
Standard,46,18116,63.0,63
Standard,46,18288,172.0,172
Standard,46,18402,114.0,114
Standard,46,18473,71.0,71
Standard,46,18593,120.0,120
Standard,46,18670,77.0,77
Standard,46,18821,151.0,151
Standard,46,18953,132.0,132
Standard,46,19040,87.0,87
Standard,46,19108,68.0,68
Standard,46,19229,121.0,121
Standard,46,19335,106.0,106
Standard,46,19415,80.0,80
Standard,46,19500,85.0,85
Standard,46,19652,152.0,152
Standard,46,19747,95.0,95
Standard,46,19928,181.0,181
Standard,46,20035,107.0,107
Standard,46,20197,162.0,162
Standard,46,20285,88.0,88
Standard,46,20381,96.0,96
Standard,46,20464,83.0,83
Standard,46,20618,154.0,154
Standard,46,20749,131.0,131
Standard,46,20895,146.0,146
Standard,46,21021,126.0,126
Standard,46,21119,98.0,98
Standard,46,21244,125.0,125
Standard,46,21271,27.0,27
Standard,46,21387,116.0,116
Standard,46,21513,126.0,126
Standard,46,21659,146.0,146
Standard,46,21748,89.0,89
Standard,46,21952,204.0,204
Standard,46,22093,141.0,141
Standard,46,22301,208.0,208
Standard,46,22401,100.0,100
Standard,46,22518,117.0,117
Standard,46,22781,263.0,263
Standard,46,22985,204.0,204
Standard,46,23192,207.0,207
Standard,46,23414,222.0,222
Standard,46,23779,365.0,365
Standard,46,23936,157.0,157
Standard,46,24121,185.0,185
Standard,46,24413,292.0,292
Standard,46,24543,130.0,130
Standard,46,24848,305.0,305
Standard,46,25115,267.0,267
Standard,46,25355,240.0,240
Standard,46,25568,213.0,213
Standard,46,25703,135.0,135
Standard,46,25840,137.0,137
Standard,46,26152,312.0,312
Standard,46,26278,126.0,126
Standard,46,26406,128.0,128
Standard,46,26555,149.0,149
Standard,46,26909,354.0,354
Standard,46,27097,188.0,188
Standard,46,27379,282.0,282
Standard,46,27582,203.0,203
Standard,46,27767,185.0,185
Standard,46,27927,160.0,160
Standard,46,28121,194.0,194
Standard,46,28318,197.0,197
Standard,46,28792,474.0,474
Standard,46,29546,754.0,754
Standard,46,30150,604.0,604
Standard,46,30808,658.0,658
Standard,46,31409,601.0,601
Standard,46,32409,1000.0,1000
Standard,46,33409,1000.0,1000
Standard,46,34409,1000.0,1000
Standard,46,35409,1000.0,1000
Standard,46,36409,1000.0,1000
Standard,46,37409,1000.0,1000
Standard,46,38409,1000.0,1000
Standard,46,39409,1000.0,1000
Standard,46,40409,1000.0,1000
Standard,46,41409,1000.0,1000
Standard,46,42409,1000.0,1000
Standard,46,42452,43.0,43
Standard,46,43452,1000.0,1000
Standard,46,44452,1000.0,1000
Standard,46,45452,1000.0,1000
Standard,46,46452,1000.0,1000
Standard,46,47452,1000.0,1000
Standard,46,48452,1000.0,1000
Standard,46,49452,1000.0,1000
Standard,46,50452,1000.0,1000
Standard,46,51452,1000.0,1000
Standard,46,52452,1000.0,1000
Standard,46,53452,1000.0,1000
Standard,46,54452,1000.0,1000
Standard,46,55452,1000.0,1000
Standard,46,56452,1000.0,1000
Standard,46,57452,1000.0,1000
Standard,46,58452,1000.0,1000
Standard,46,59452,1000.0,1000
Standard,46,60452,1000.0,1000
Standard,46,61452,1000.0,1000
Standard,46,62452,1000.0,1000
Standard,46,63452,1000.0,1000
Standard,46,64452,1000.0,1000
Standard,46,65452,1000.0,1000
Standard,46,66452,1000.0,1000
Standard,46,67452,1000.0,1000
Standard,46,68452,1000.0,1000
Standard,46,69452,1000.0,1000
Standard,46,70452,1000.0,1000
Standard,46,71452,1000.0,1000
Standard,46,72452,1000.0,1000
Standard,46,73452,1000.0,1000
Standard,46,74452,1000.0,1000
Standard,46,75452,1000.0,1000
Standard,46,76452,1000.0,1000
Standard,46,77452,1000.0,1000
Standard,46,78452,1000.0,1000
Standard,46,79452,1000.0,1000
Standard,46,80452,1000.0,1000
Standard,46,81452,1000.0,1000
Standard,46,82452,1000.0,1000
Standard,46,83452,1000.0,1000
Standard,46,84452,1000.0,1000
Standard,46,85452,1000.0,1000
Standard,46,86452,1000.0,1000
Standard,46,87452,1000.0,1000
Standard,46,88452,1000.0,1000
Standard,46,89452,1000.0,1000
Standard,46,90452,1000.0,1000
Standard,46,91452,1000.0,1000
Standard,46,92452,1000.0,1000
Standard,46,93452,1000.0,1000
Standard,46,94452,1000.0,1000
Standard,46,95452,1000.0,1000
Standard,46,96452,1000.0,1000
Standard,46,97452,1000.0,1000
Standard,46,98452,1000.0,1000
Standard,46,99452,1000.0,1000
Standard,47,5,5.0,5
Standard,47,9,4.0,4
Standard,47,14,5.0,5
Standard,47,18,4.0,4
Standard,47,22,4.0,4
Standard,47,26,4.0,4
Standard,47,32,6.0,6
Standard,47,39,7.0,7
Standard,47,46,7.0,7
Standard,47,55,9.0,9
Standard,47,62,7.0,7
Standard,47,81,19.0,19
Standard,47,86,5.0,5
Standard,47,95,9.0,9
Standard,47,105,10.0,10
Standard,47,109,4.0,4
Standard,47,120,11.0,11
Standard,47,129,9.0,9
Standard,47,133,4.0,4
Standard,47,139,6.0,6
Standard,47,157,18.0,18
Standard,47,163,6.0,6
Standard,47,171,8.0,8
Standard,47,180,9.0,9
Standard,47,203,23.0,23
Standard,47,207,4.0,4
Standard,47,212,5.0,5
Standard,47,217,5.0,5
Standard,47,225,8.0,8
Standard,47,229,4.0,4
Standard,47,242,13.0,13
Standard,47,251,9.0,9
Standard,47,258,7.0,7
Standard,47,273,15.0,15
Standard,47,280,7.0,7
Standard,47,291,11.0,11
Standard,47,301,10.0,10
Standard,47,308,7.0,7
Standard,47,319,11.0,11
Standard,47,325,6.0,6
Standard,47,333,8.0,8
Standard,47,339,6.0,6
Standard,47,343,4.0,4
Standard,47,355,12.0,12
Standard,47,368,13.0,13
Standard,47,378,10.0,10
Standard,47,383,5.0,5
Standard,47,390,7.0,7
Standard,47,396,6.0,6
Standard,47,404,8.0,8
Standard,47,411,7.0,7
Standard,47,429,18.0,18
Standard,47,435,6.0,6
Standard,47,440,5.0,5
Standard,47,445,5.0,5
Standard,47,452,7.0,7
Standard,47,463,11.0,11
Standard,47,472,9.0,9
Standard,47,477,5.0,5
Standard,47,487,10.0,10
Standard,47,510,23.0,23
Standard,47,514,4.0,4
Standard,47,527,13.0,13
Standard,47,531,4.0,4
Standard,47,539,8.0,8
Standard,47,545,6.0,6
Standard,47,549,4.0,4
Standard,47,561,12.0,12
Standard,47,566,5.0,5
Standard,47,574,8.0,8
Standard,47,587,13.0,13
Standard,47,596,9.0,9
Standard,47,604,8.0,8
Standard,47,607,3.0,3
Standard,47,626,19.0,19
Standard,47,629,3.0,3
Standard,47,634,5.0,5
Standard,47,640,6.0,6
Standard,47,650,10.0,10
Standard,47,656,6.0,6
Standard,47,664,8.0,8
Standard,47,669,5.0,5
Standard,47,684,15.0,15
Standard,47,691,7.0,7
Standard,47,697,6.0,6
Standard,47,710,13.0,13
Standard,47,719,9.0,9
Standard,47,734,15.0,15
Standard,47,742,8.0,8
Standard,47,750,8.0,8
Standard,47,754,4.0,4
Standard,47,759,5.0,5
Standard,47,775,16.0,16
Standard,47,785,10.0,10
Standard,47,797,12.0,12
Standard,47,803,6.0,6
Standard,47,806,3.0,3
Standard,47,814,8.0,8
Standard,47,829,15.0,15
Standard,47,841,12.0,12
Standard,47,850,9.0,9
Standard,47,863,13.0,13
Standard,47,868,5.0,5
Standard,47,880,12.0,12
Standard,47,885,5.0,5
Standard,47,890,5.0,5
Standard,47,898,8.0,8
Standard,47,904,6.0,6
Standard,47,919,15.0,15
Standard,47,936,17.0,17
Standard,47,943,7.0,7
Standard,47,949,6.0,6
Standard,47,953,4.0,4
Standard,47,959,6.0,6
Standard,47,963,4.0,4
Standard,47,968,5.0,5
Standard,47,978,10.0,10
Standard,47,984,6.0,6
Standard,47,991,7.0,7
Standard,47,998,7.0,7
Standard,47,1004,6.0,6
Standard,47,1008,4.0,4
Standard,47,1016,8.0,8
Standard,47,1022,6.0,6
Standard,47,1029,7.0,7
Standard,47,1037,8.0,8
Standard,47,1043,6.0,6
Standard,47,1049,6.0,6
Standard,47,1054,5.0,5
Standard,47,1059,5.0,5
Standard,47,1070,11.0,11
Standard,47,1076,6.0,6
Standard,47,1083,7.0,7
Standard,47,1086,3.0,3
Standard,47,1091,5.0,5
Standard,47,1098,7.0,7
Standard,47,1105,7.0,7
Standard,47,1113,8.0,8
Standard,47,1125,12.0,12
Standard,47,1129,4.0,4
Standard,47,1136,7.0,7
Standard,47,1142,6.0,6
Standard,47,1147,5.0,5
Standard,47,1154,7.0,7
Standard,47,1160,6.0,6
Standard,47,1172,12.0,12
Standard,47,1177,5.0,5
Standard,47,1181,4.0,4
Standard,47,1195,14.0,14
Standard,47,1200,5.0,5
Standard,47,1205,5.0,5
Standard,47,1212,7.0,7
Standard,47,1216,4.0,4
Standard,47,1220,4.0,4
Standard,47,1228,8.0,8
Standard,47,1239,11.0,11
Standard,47,1243,4.0,4
Standard,47,1252,9.0,9
Standard,47,1259,7.0,7
Standard,47,1266,7.0,7
Standard,47,1272,6.0,6
Standard,47,1276,4.0,4
Standard,47,1281,5.0,5
Standard,47,1286,5.0,5
Standard,47,1301,15.0,15
Standard,47,1311,10.0,10
Standard,47,1316,5.0,5
Standard,47,1325,9.0,9
Standard,47,1336,11.0,11
Standard,47,1341,5.0,5
Standard,47,1347,6.0,6
Standard,47,1353,6.0,6
Standard,47,1365,12.0,12
Standard,47,1371,6.0,6
Standard,47,1380,9.0,9
Standard,47,1390,10.0,10
Standard,47,1393,3.0,3
Standard,47,1399,6.0,6
Standard,47,1415,16.0,16
Standard,47,1421,6.0,6
Standard,47,1430,9.0,9
Standard,47,1437,7.0,7
Standard,47,1445,8.0,8
Standard,47,1450,5.0,5
Standard,47,1457,7.0,7
Standard,47,1466,9.0,9
Standard,47,1473,7.0,7
Standard,47,1481,8.0,8
Standard,47,1495,14.0,14
Standard,47,1503,8.0,8
Standard,47,1508,5.0,5
Standard,47,1524,16.0,16
Standard,47,1539,15.0,15
Standard,47,1553,14.0,14
Standard,47,1558,5.0,5
Standard,47,1564,6.0,6
Standard,47,1571,7.0,7
Standard,47,1591,20.0,20
Standard,47,1598,7.0,7
Standard,47,1606,8.0,8
Standard,47,1611,5.0,5
Standard,47,1615,4.0,4
Standard,47,1620,5.0,5
Standard,47,1624,4.0,4
Standard,47,1643,19.0,19
Standard,47,1656,13.0,13
Standard,47,1666,10.0,10
Standard,47,1672,6.0,6
Standard,47,1677,5.0,5
Standard,47,1684,7.0,7
Standard,47,1699,15.0,15
Standard,47,1707,8.0,8
Standard,47,1717,10.0,10
Standard,47,1725,8.0,8
Standard,47,1731,6.0,6
Standard,47,1738,7.0,7
Standard,47,1745,7.0,7
Standard,47,1761,16.0,16
Standard,47,1779,18.0,18
Standard,47,1785,6.0,6
Standard,47,1792,7.0,7
Standard,47,1826,34.0,34
Standard,47,1834,8.0,8
Standard,47,1839,5.0,5
Standard,47,1844,5.0,5
Standard,47,1850,6.0,6
Standard,47,1858,8.0,8
Standard,47,1868,10.0,10
Standard,47,1879,11.0,11
Standard,47,1884,5.0,5
Standard,47,1889,5.0,5
Standard,47,1894,5.0,5
Standard,47,1901,7.0,7
Standard,47,1907,6.0,6
Standard,47,1916,9.0,9
Standard,47,1926,10.0,10
Standard,47,1943,17.0,17
Standard,47,1948,5.0,5
Standard,47,1962,14.0,14
Standard,47,1968,6.0,6
Standard,47,1979,11.0,11
Standard,47,1987,8.0,8
Standard,47,1996,9.0,9
Standard,47,2014,18.0,18
Standard,47,2020,6.0,6
Standard,47,2037,17.0,17
Standard,47,2043,6.0,6
Standard,47,2050,7.0,7
Standard,47,2061,11.0,11
Standard,47,2068,7.0,7
Standard,47,2080,12.0,12
Standard,47,2085,5.0,5
Standard,47,2102,17.0,17
Standard,47,2125,23.0,23
Standard,47,2140,15.0,15
Standard,47,2153,13.0,13
Standard,47,2167,14.0,14
Standard,47,2177,10.0,10
Standard,47,2200,23.0,23
Standard,47,2217,17.0,17
Standard,47,2246,29.0,29
Standard,47,2254,8.0,8
Standard,47,2259,5.0,5
Standard,47,2263,4.0,4
Standard,47,2272,9.0,9
Standard,47,2295,23.0,23
Standard,47,2305,10.0,10
Standard,47,2318,13.0,13
Standard,47,2330,12.0,12
Standard,47,2336,6.0,6
Standard,47,2344,8.0,8
Standard,47,2354,10.0,10
Standard,47,2359,5.0,5
Standard,47,2362,3.0,3
Standard,47,2381,19.0,19
Standard,47,2388,7.0,7
Standard,47,2422,34.0,34
Standard,47,2434,12.0,12
Standard,47,2438,4.0,4
Standard,47,2445,7.0,7
Standard,47,2450,5.0,5
Standard,47,2457,7.0,7
Standard,47,2464,7.0,7
Standard,47,2477,13.0,13
Standard,47,2487,10.0,10
Standard,47,2493,6.0,6
Standard,47,2505,12.0,12
Standard,47,2518,13.0,13
Standard,47,2526,8.0,8
Standard,47,2538,12.0,12
Standard,47,2556,18.0,18
Standard,47,2563,7.0,7
Standard,47,2585,22.0,22
Standard,47,2597,12.0,12
Standard,47,2618,21.0,21
Standard,47,2627,9.0,9
Standard,47,2634,7.0,7
Standard,47,2655,21.0,21
Standard,47,2659,4.0,4
Standard,47,2667,8.0,8
Standard,47,2676,9.0,9
Standard,47,2685,9.0,9
Standard,47,2689,4.0,4
Standard,47,2698,9.0,9
Standard,47,2716,18.0,18
Standard,47,2724,8.0,8
Standard,47,2735,11.0,11
Standard,47,2752,17.0,17
Standard,47,2761,9.0,9
Standard,47,2771,10.0,10
Standard,47,2776,5.0,5
Standard,47,2784,8.0,8
Standard,47,2789,5.0,5
Standard,47,2793,4.0,4
Standard,47,2801,8.0,8
Standard,47,2808,7.0,7
Standard,47,2812,4.0,4
Standard,47,2818,6.0,6
Standard,47,2823,5.0,5
Standard,47,2828,5.0,5
Standard,47,2836,8.0,8
Standard,47,2840,4.0,4
Standard,47,2846,6.0,6
Standard,47,2862,16.0,16
Standard,47,2884,22.0,22
Standard,47,2893,9.0,9
Standard,47,2912,19.0,19
Standard,47,2923,11.0,11
Standard,47,2928,5.0,5
Standard,47,2939,11.0,11
Standard,47,2949,10.0,10
Standard,47,2954,5.0,5
Standard,47,2963,9.0,9
Standard,47,3009,46.0,46
Standard,47,3025,16.0,16
Standard,47,3039,14.0,14
Standard,47,3055,16.0,16
Standard,47,3064,9.0,9
Standard,47,3071,7.0,7
Standard,47,3082,11.0,11
Standard,47,3086,4.0,4
Standard,47,3115,29.0,29
Standard,47,3122,7.0,7
Standard,47,3137,15.0,15
Standard,47,3150,13.0,13
Standard,47,3156,6.0,6
Standard,47,3162,6.0,6
Standard,47,3167,5.0,5
Standard,47,3171,4.0,4
Standard,47,3179,8.0,8
Standard,47,3187,8.0,8
Standard,47,3193,6.0,6
Standard,47,3229,36.0,36
Standard,47,3236,7.0,7
Standard,47,3250,14.0,14
Standard,47,3289,39.0,39
Standard,47,3296,7.0,7
Standard,47,3304,8.0,8
Standard,47,3312,8.0,8
Standard,47,3334,22.0,22
Standard,47,3340,6.0,6
Standard,47,3345,5.0,5
Standard,47,3359,14.0,14
Standard,47,3371,12.0,12
Standard,47,3380,9.0,9
Standard,47,3390,10.0,10
Standard,47,3396,6.0,6
Standard,47,3425,29.0,29
Standard,47,3440,15.0,15
Standard,47,3454,14.0,14
Standard,47,3490,36.0,36
Standard,47,3497,7.0,7
Standard,47,3506,9.0,9
Standard,47,3511,5.0,5
Standard,47,3521,10.0,10
Standard,47,3539,18.0,18
Standard,47,3552,13.0,13
Standard,47,3567,15.0,15
Standard,47,3572,5.0,5
Standard,47,3579,7.0,7
Standard,47,3591,12.0,12
Standard,47,3609,18.0,18
Standard,47,3622,13.0,13
Standard,47,3627,5.0,5
Standard,47,3641,14.0,14
Standard,47,3656,15.0,15
Standard,47,3663,7.0,7
Standard,47,3673,10.0,10
Standard,47,3682,9.0,9
Standard,47,3688,6.0,6
Standard,47,3693,5.0,5
Standard,47,3698,5.0,5
Standard,47,3727,29.0,29
Standard,47,3739,12.0,12
Standard,47,3749,10.0,10
Standard,47,3759,10.0,10
Standard,47,3777,18.0,18
Standard,47,3782,5.0,5
Standard,47,3792,10.0,10
Standard,47,3807,15.0,15
Standard,47,3816,9.0,9
Standard,47,3853,37.0,37
Standard,47,3858,5.0,5
Standard,47,3866,8.0,8
Standard,47,3872,6.0,6
Standard,47,3878,6.0,6
Standard,47,3883,5.0,5
Standard,47,3890,7.0,7
Standard,47,3894,4.0,4
Standard,47,3899,5.0,5
Standard,47,3911,12.0,12
Standard,47,3919,8.0,8
Standard,47,3927,8.0,8
Standard,47,3933,6.0,6
Standard,47,3945,12.0,12
Standard,47,3953,8.0,8
Standard,47,3958,5.0,5
Standard,47,3965,7.0,7
Standard,47,3970,5.0,5
Standard,47,3985,15.0,15
Standard,47,4003,18.0,18
Standard,47,4007,4.0,4
Standard,47,4012,5.0,5
Standard,47,4018,6.0,6
Standard,47,4033,15.0,15
Standard,47,4039,6.0,6
Standard,47,4044,5.0,5
Standard,47,4051,7.0,7
Standard,47,4059,8.0,8
Standard,47,4067,8.0,8
Standard,47,4076,9.0,9
Standard,47,4081,5.0,5
Standard,47,4093,12.0,12
Standard,47,4101,8.0,8
Standard,47,4118,17.0,17
Standard,47,4156,38.0,38
Standard,47,4168,12.0,12
Standard,47,4190,22.0,22
Standard,47,4208,18.0,18
Standard,47,4212,4.0,4
Standard,47,4223,11.0,11
Standard,47,4241,18.0,18
Standard,47,4294,53.0,53
Standard,47,4302,8.0,8
Standard,47,4308,6.0,6
Standard,47,4348,40.0,40
Standard,47,4358,10.0,10
Standard,47,4382,24.0,24
Standard,47,4422,40.0,40
Standard,47,4439,17.0,17
Standard,47,4454,15.0,15
Standard,47,4479,25.0,25
Standard,47,4484,5.0,5
Standard,47,4510,26.0,26
Standard,47,4563,53.0,53
Standard,47,4587,24.0,24
Standard,47,4603,16.0,16
Standard,47,4617,14.0,14
Standard,47,4641,24.0,24
Standard,47,4673,32.0,32
Standard,47,4680,7.0,7
Standard,47,4687,7.0,7
Standard,47,4696,9.0,9
Standard,47,4719,23.0,23
Standard,47,4731,12.0,12
Standard,47,4756,25.0,25
Standard,47,4760,4.0,4
Standard,47,4767,7.0,7
Standard,47,4778,11.0,11
Standard,47,4788,10.0,10
Standard,47,4801,13.0,13
Standard,47,4814,13.0,13
Standard,47,4852,38.0,38
Standard,47,4858,6.0,6
Standard,47,4865,7.0,7
Standard,47,4885,20.0,20
Standard,47,4899,14.0,14
Standard,47,4910,11.0,11
Standard,47,4963,53.0,53
Standard,47,4978,15.0,15
Standard,47,4998,20.0,20
Standard,47,5021,23.0,23
Standard,47,5031,10.0,10
Standard,47,5042,11.0,11
Standard,47,5057,15.0,15
Standard,47,5064,7.0,7
Standard,47,5072,8.0,8
Standard,47,5083,11.0,11
Standard,47,5090,7.0,7
Standard,47,5102,12.0,12
Standard,47,5109,7.0,7
Standard,47,5140,31.0,31
Standard,47,5159,19.0,19
Standard,47,5168,9.0,9
Standard,47,5173,5.0,5
Standard,47,5193,20.0,20
Standard,47,5202,9.0,9
Standard,47,5210,8.0,8
Standard,47,5268,58.0,58
Standard,47,5277,9.0,9
Standard,47,5294,17.0,17
Standard,47,5311,17.0,17
Standard,47,5328,17.0,17
Standard,47,5346,18.0,18
Standard,47,5362,16.0,16
Standard,47,5378,16.0,16
Standard,47,5398,20.0,20
Standard,47,5409,11.0,11
Standard,47,5416,7.0,7
Standard,47,5427,11.0,11
Standard,47,5440,13.0,13
Standard,47,5465,25.0,25
Standard,47,5472,7.0,7
Standard,47,5502,30.0,30
Standard,47,5509,7.0,7
Standard,47,5524,15.0,15
Standard,47,5531,7.0,7
Standard,47,5557,26.0,26
Standard,47,5583,26.0,26
Standard,47,5588,5.0,5
Standard,47,5598,10.0,10
Standard,47,5605,7.0,7
Standard,47,5619,14.0,14
Standard,47,5651,32.0,32
Standard,47,5680,29.0,29
Standard,47,5692,12.0,12
Standard,47,5714,22.0,22
Standard,47,5730,16.0,16
Standard,47,5760,30.0,30
Standard,47,5793,33.0,33
Standard,47,5827,34.0,34
Standard,47,5853,26.0,26
Standard,47,5867,14.0,14
Standard,47,5883,16.0,16
Standard,47,5932,49.0,49
Standard,47,5947,15.0,15
Standard,47,5955,8.0,8
Standard,47,5966,11.0,11
Standard,47,5982,16.0,16
Standard,47,5989,7.0,7
Standard,47,6004,15.0,15
Standard,47,6013,9.0,9
Standard,47,6025,12.0,12
Standard,47,6036,11.0,11
Standard,47,6084,48.0,48
Standard,47,6091,7.0,7
Standard,47,6097,6.0,6
Standard,47,6123,26.0,26
Standard,47,6130,7.0,7
Standard,47,6156,26.0,26
Standard,47,6166,10.0,10
Standard,47,6177,11.0,11
Standard,47,6205,28.0,28
Standard,47,6266,61.0,61
Standard,47,6315,49.0,49
Standard,47,6353,38.0,38
Standard,47,6360,7.0,7
Standard,47,6391,31.0,31
Standard,47,6404,13.0,13
Standard,47,6433,29.0,29
Standard,47,6452,19.0,19
Standard,47,6493,41.0,41
Standard,47,6505,12.0,12
Standard,47,6568,63.0,63
Standard,47,6587,19.0,19
Standard,47,6629,42.0,42
Standard,47,6634,5.0,5
Standard,47,6641,7.0,7
Standard,47,6662,21.0,21
Standard,47,6674,12.0,12
Standard,47,6703,29.0,29
Standard,47,6756,53.0,53
Standard,47,6763,7.0,7
Standard,47,6772,9.0,9
Standard,47,6789,17.0,17
Standard,47,6820,31.0,31
Standard,47,6853,33.0,33
Standard,47,6866,13.0,13
Standard,47,6903,37.0,37
Standard,47,6936,33.0,33
Standard,47,6952,16.0,16
Standard,47,6990,38.0,38
Standard,47,7054,64.0,64
Standard,47,7074,20.0,20
Standard,47,7119,45.0,45
Standard,47,7158,39.0,39
Standard,47,7180,22.0,22
Standard,47,7214,34.0,34
Standard,47,7232,18.0,18
Standard,47,7261,29.0,29
Standard,47,7286,25.0,25
Standard,47,7293,7.0,7
Standard,47,7325,32.0,32
Standard,47,7379,54.0,54
Standard,47,7392,13.0,13
Standard,47,7422,30.0,30
Standard,47,7442,20.0,20
Standard,47,7453,11.0,11
Standard,47,7471,18.0,18
Standard,47,7497,26.0,26
Standard,47,7506,9.0,9
Standard,47,7544,38.0,38
Standard,47,7573,29.0,29
Standard,47,7591,18.0,18
Standard,47,7620,29.0,29
Standard,47,7626,6.0,6
Standard,47,7658,32.0,32
Standard,47,7686,28.0,28
Standard,47,7731,45.0,45
Standard,47,7780,49.0,49
Standard,47,7795,15.0,15
Standard,47,7831,36.0,36
Standard,47,7856,25.0,25
Standard,47,7894,38.0,38
Standard,47,7925,31.0,31
Standard,47,7931,6.0,6
Standard,47,7993,62.0,62
Standard,47,8003,10.0,10
Standard,47,8035,32.0,32
Standard,47,8062,27.0,27
Standard,47,8098,36.0,36
Standard,47,8135,37.0,37
Standard,47,8153,18.0,18
Standard,47,8174,21.0,21
Standard,47,8187,13.0,13
Standard,47,8207,20.0,20
Standard,47,8214,7.0,7
Standard,47,8293,79.0,79
Standard,47,8310,17.0,17
Standard,47,8324,14.0,14
Standard,47,8358,34.0,34
Standard,47,8432,74.0,74
Standard,47,8443,11.0,11
Standard,47,8451,8.0,8
Standard,47,8479,28.0,28
Standard,47,8502,23.0,23
Standard,47,8532,30.0,30
Standard,47,8573,41.0,41
Standard,47,8628,55.0,55
Standard,47,8706,78.0,78
Standard,47,8739,33.0,33
Standard,47,8835,96.0,96
Standard,47,8839,4.0,4
Standard,47,8845,6.0,6
Standard,47,8888,43.0,43
Standard,47,8894,6.0,6
Standard,47,8914,20.0,20
Standard,47,9002,88.0,88
Standard,47,9026,24.0,24
Standard,47,9040,14.0,14
Standard,47,9099,59.0,59
Standard,47,9115,16.0,16
Standard,47,9177,62.0,62
Standard,47,9183,6.0,6
Standard,47,9242,59.0,59
Standard,47,9286,44.0,44
Standard,47,9298,12.0,12
Standard,47,9332,34.0,34
Standard,47,9349,17.0,17
Standard,47,9413,64.0,64
Standard,47,9465,52.0,52
Standard,47,9544,79.0,79
Standard,47,9605,61.0,61
Standard,47,9655,50.0,50
Standard,47,9698,43.0,43
Standard,47,9726,28.0,28
Standard,47,9735,9.0,9
Standard,47,9772,37.0,37
Standard,47,9834,62.0,62
Standard,47,9937,103.0,103
Standard,47,10027,90.0,90
Standard,47,10075,48.0,48
Standard,47,10130,55.0,55
Standard,47,10196,66.0,66
Standard,47,10235,39.0,39
Standard,47,10254,19.0,19
Standard,47,10301,47.0,47
Standard,47,10358,57.0,57
Standard,47,10460,102.0,102
Standard,47,10478,18.0,18
Standard,47,10536,58.0,58
Standard,47,10602,66.0,66
Standard,47,10661,59.0,59
Standard,47,10786,125.0,125
Standard,47,10880,94.0,94
Standard,47,10950,70.0,70
Standard,47,11008,58.0,58
Standard,47,11071,63.0,63
Standard,47,11115,44.0,44
Standard,47,11129,14.0,14
Standard,47,11233,104.0,104
Standard,47,11259,26.0,26
Standard,47,11345,86.0,86
Standard,47,11386,41.0,41
Standard,47,11437,51.0,51
Standard,47,11453,16.0,16
Standard,47,11491,38.0,38
Standard,47,11506,15.0,15
Standard,47,11565,59.0,59
Standard,47,11640,75.0,75
Standard,47,11656,16.0,16
Standard,47,11723,67.0,67
Standard,47,11758,35.0,35
Standard,47,11817,59.0,59
Standard,47,11869,52.0,52
Standard,47,11945,76.0,76
Standard,47,12026,81.0,81
Standard,47,12087,61.0,61
Standard,47,12192,105.0,105
Standard,47,12205,13.0,13
Standard,47,12268,63.0,63
Standard,47,12283,15.0,15
Standard,47,12300,17.0,17
Standard,47,12401,101.0,101
Standard,47,12494,93.0,93
Standard,47,12551,57.0,57
Standard,47,12603,52.0,52
Standard,47,12662,59.0,59
Standard,47,12671,9.0,9
Standard,47,12752,81.0,81
Standard,47,12821,69.0,69
Standard,47,12881,60.0,60
Standard,47,13007,126.0,126
Standard,47,13058,51.0,51
Standard,47,13073,15.0,15
Standard,47,13101,28.0,28
Standard,47,13122,21.0,21
Standard,47,13211,89.0,89
Standard,47,13225,14.0,14
Standard,47,13256,31.0,31
Standard,47,13325,69.0,69
Standard,47,13393,68.0,68
Standard,47,13454,61.0,61
Standard,47,13620,166.0,166
Standard,47,13702,82.0,82
Standard,47,13768,66.0,66
Standard,47,13831,63.0,63
Standard,47,13886,55.0,55
Standard,47,13943,57.0,57
Standard,47,14022,79.0,79
Standard,47,14057,35.0,35
Standard,47,14092,35.0,35
Standard,47,14132,40.0,40
Standard,47,14195,63.0,63
Standard,47,14222,27.0,27
Standard,47,14324,102.0,102
Standard,47,14402,78.0,78
Standard,47,14494,92.0,92
Standard,47,14578,84.0,84
Standard,47,14641,63.0,63
Standard,47,14730,89.0,89
Standard,47,14853,123.0,123
Standard,47,14902,49.0,49
Standard,47,14962,60.0,60
Standard,47,15050,88.0,88
Standard,47,15144,94.0,94
Standard,47,15252,108.0,108
Standard,47,15316,64.0,64
Standard,47,15411,95.0,95
Standard,47,15497,86.0,86
Standard,47,15594,97.0,97
Standard,47,15710,116.0,116
Standard,47,15788,78.0,78
Standard,47,15863,75.0,75
Standard,47,15943,80.0,80
Standard,47,16021,78.0,78
Standard,47,16086,65.0,65
Standard,47,16182,96.0,96
Standard,47,16264,82.0,82
Standard,47,16352,88.0,88
Standard,47,16422,70.0,70
Standard,47,16539,117.0,117
Standard,47,16603,64.0,64
Standard,47,16709,106.0,106
Standard,47,16837,128.0,128
Standard,47,17027,190.0,190
Standard,47,17159,132.0,132
Standard,47,17239,80.0,80
Standard,47,17334,95.0,95
Standard,47,17429,95.0,95
Standard,47,17497,68.0,68
Standard,47,17555,58.0,58
Standard,47,17738,183.0,183
Standard,47,17820,82.0,82
Standard,47,17920,100.0,100
Standard,47,17990,70.0,70
Standard,47,18009,19.0,19
Standard,47,18107,98.0,98
Standard,47,18271,164.0,164
Standard,47,18388,117.0,117
Standard,47,18493,105.0,105
Standard,47,18613,120.0,120
Standard,47,18747,134.0,134
Standard,47,18820,73.0,73
Standard,47,18920,100.0,100
Standard,47,19018,98.0,98
Standard,47,19136,118.0,118
Standard,47,19265,129.0,129
Standard,47,19518,253.0,253
Standard,47,19605,87.0,87
Standard,47,19768,163.0,163
Standard,47,19893,125.0,125
Standard,47,19971,78.0,78
Standard,47,20071,100.0,100
Standard,47,20197,126.0,126
Standard,47,20381,184.0,184
Standard,47,20568,187.0,187
Standard,47,20754,186.0,186
Standard,47,20963,209.0,209
Standard,47,20995,32.0,32
Standard,47,21274,279.0,279
Standard,47,21304,30.0,30
Standard,47,21420,116.0,116
Standard,47,21842,422.0,422
Standard,47,21991,149.0,149
Standard,47,22263,272.0,272
Standard,47,22374,111.0,111
Standard,47,22486,112.0,112
Standard,47,22704,218.0,218
Standard,47,22924,220.0,220
Standard,47,23062,138.0,138
Standard,47,23202,140.0,140
Standard,47,23543,341.0,341
Standard,47,23734,191.0,191
Standard,47,23983,249.0,249
Standard,47,24196,213.0,213
Standard,47,24615,419.0,419
Standard,47,25142,527.0,527
Standard,47,25687,545.0,545
Standard,47,26105,418.0,418
Standard,47,27105,1000.0,1000
Standard,47,28105,1000.0,1000
Standard,47,29105,1000.0,1000
Standard,47,30105,1000.0,1000
Standard,47,31105,1000.0,1000
Standard,47,32105,1000.0,1000
Standard,47,33105,1000.0,1000
Standard,47,33253,148.0,148
Standard,47,34253,1000.0,1000
Standard,47,35253,1000.0,1000
Standard,47,36253,1000.0,1000
Standard,47,37253,1000.0,1000
Standard,47,38253,1000.0,1000
Standard,47,39253,1000.0,1000
Standard,47,39639,386.0,386
Standard,47,40639,1000.0,1000
Standard,47,41639,1000.0,1000
Standard,47,42639,1000.0,1000
Standard,47,43639,1000.0,1000
Standard,47,44639,1000.0,1000
Standard,47,45639,1000.0,1000
Standard,47,46639,1000.0,1000
Standard,47,47639,1000.0,1000
Standard,47,48639,1000.0,1000
Standard,47,49639,1000.0,1000
Standard,47,50639,1000.0,1000
Standard,47,51639,1000.0,1000
Standard,47,52639,1000.0,1000
Standard,47,53639,1000.0,1000
Standard,47,54639,1000.0,1000
Standard,47,55639,1000.0,1000
Standard,47,56639,1000.0,1000
Standard,47,57639,1000.0,1000
Standard,47,58639,1000.0,1000
Standard,47,59639,1000.0,1000
Standard,47,60639,1000.0,1000
Standard,47,61639,1000.0,1000
Standard,47,62639,1000.0,1000
Standard,47,63639,1000.0,1000
Standard,47,64639,1000.0,1000
Standard,47,65639,1000.0,1000
Standard,47,66639,1000.0,1000
Standard,47,67639,1000.0,1000
Standard,47,67703,64.0,64
Standard,47,68703,1000.0,1000
Standard,47,69703,1000.0,1000
Standard,47,70703,1000.0,1000
Standard,47,71703,1000.0,1000
Standard,47,71841,138.0,138
Standard,47,72399,558.0,558
Standard,47,73399,1000.0,1000
Standard,47,73659,260.0,260
Standard,47,74659,1000.0,1000
Standard,47,75659,1000.0,1000
Standard,47,76659,1000.0,1000
Standard,47,77659,1000.0,1000
Standard,47,78659,1000.0,1000
Standard,47,79659,1000.0,1000
Standard,47,80659,1000.0,1000
Standard,47,81659,1000.0,1000
Standard,47,82659,1000.0,1000
Standard,47,83659,1000.0,1000
Standard,47,84659,1000.0,1000
Standard,47,85659,1000.0,1000
Standard,47,86659,1000.0,1000
Standard,47,87659,1000.0,1000
Standard,47,88659,1000.0,1000
Standard,47,89659,1000.0,1000
Standard,47,90659,1000.0,1000
Standard,47,91659,1000.0,1000
Standard,47,92659,1000.0,1000
Standard,47,93659,1000.0,1000
Standard,47,94659,1000.0,1000
Standard,47,95659,1000.0,1000
Standard,47,96659,1000.0,1000
Standard,47,97659,1000.0,1000
Standard,47,98659,1000.0,1000
Standard,47,99659,1000.0,1000
Standard,48,9,9.0,9
Standard,48,13,4.0,4
Standard,48,26,13.0,13
Standard,48,32,6.0,6
Standard,48,37,5.0,5
Standard,48,48,11.0,11
Standard,48,55,7.0,7
Standard,48,61,6.0,6
Standard,48,65,4.0,4
Standard,48,79,14.0,14
Standard,48,91,12.0,12
Standard,48,99,8.0,8
Standard,48,109,10.0,10
Standard,48,116,7.0,7
Standard,48,131,15.0,15
Standard,48,140,9.0,9
Standard,48,148,8.0,8
Standard,48,155,7.0,7
Standard,48,163,8.0,8
Standard,48,168,5.0,5
Standard,48,184,16.0,16
Standard,48,191,7.0,7
Standard,48,195,4.0,4
Standard,48,205,10.0,10
Standard,48,224,19.0,19
Standard,48,231,7.0,7
Standard,48,237,6.0,6
Standard,48,241,4.0,4
Standard,48,256,15.0,15
Standard,48,274,18.0,18
Standard,48,280,6.0,6
Standard,48,286,6.0,6
Standard,48,289,3.0,3
Standard,48,294,5.0,5
Standard,48,297,3.0,3
Standard,48,302,5.0,5
Standard,48,305,3.0,3
Standard,48,315,10.0,10
Standard,48,323,8.0,8
Standard,48,328,5.0,5
Standard,48,335,7.0,7
Standard,48,348,13.0,13
Standard,48,364,16.0,16
Standard,48,370,6.0,6
Standard,48,378,8.0,8
Standard,48,383,5.0,5
Standard,48,389,6.0,6
Standard,48,394,5.0,5
Standard,48,422,28.0,28
Standard,48,428,6.0,6
Standard,48,438,10.0,10
Standard,48,445,7.0,7
Standard,48,450,5.0,5
Standard,48,457,7.0,7
Standard,48,463,6.0,6
Standard,48,476,13.0,13
Standard,48,485,9.0,9
Standard,48,490,5.0,5
Standard,48,501,11.0,11
Standard,48,507,6.0,6
Standard,48,512,5.0,5
Standard,48,517,5.0,5
Standard,48,523,6.0,6
Standard,48,533,10.0,10
Standard,48,541,8.0,8
Standard,48,552,11.0,11
Standard,48,565,13.0,13
Standard,48,578,13.0,13
Standard,48,583,5.0,5
Standard,48,589,6.0,6
Standard,48,612,23.0,23
Standard,48,620,8.0,8
Standard,48,626,6.0,6
Standard,48,631,5.0,5
Standard,48,637,6.0,6
Standard,48,643,6.0,6
Standard,48,646,3.0,3
Standard,48,658,12.0,12
Standard,48,676,18.0,18
Standard,48,682,6.0,6
Standard,48,689,7.0,7
Standard,48,695,6.0,6
Standard,48,700,5.0,5
Standard,48,711,11.0,11
Standard,48,717,6.0,6
Standard,48,723,6.0,6
Standard,48,728,5.0,5
Standard,48,735,7.0,7
Standard,48,740,5.0,5
Standard,48,760,20.0,20
Standard,48,768,8.0,8
Standard,48,779,11.0,11
Standard,48,783,4.0,4
Standard,48,795,12.0,12
Standard,48,808,13.0,13
Standard,48,817,9.0,9
Standard,48,821,4.0,4
Standard,48,825,4.0,4
Standard,48,829,4.0,4
Standard,48,837,8.0,8
Standard,48,859,22.0,22
Standard,48,863,4.0,4
Standard,48,870,7.0,7
Standard,48,874,4.0,4
Standard,48,879,5.0,5
Standard,48,889,10.0,10
Standard,48,896,7.0,7
Standard,48,902,6.0,6
Standard,48,909,7.0,7
Standard,48,918,9.0,9
Standard,48,927,9.0,9
Standard,48,936,9.0,9
Standard,48,941,5.0,5
Standard,48,949,8.0,8
Standard,48,954,5.0,5
Standard,48,962,8.0,8
Standard,48,966,4.0,4
Standard,48,972,6.0,6
Standard,48,978,6.0,6
Standard,48,989,11.0,11
Standard,48,1010,21.0,21
Standard,48,1017,7.0,7
Standard,48,1026,9.0,9
Standard,48,1031,5.0,5
Standard,48,1039,8.0,8
Standard,48,1045,6.0,6
Standard,48,1050,5.0,5
Standard,48,1057,7.0,7
Standard,48,1065,8.0,8
Standard,48,1070,5.0,5
Standard,48,1081,11.0,11
Standard,48,1087,6.0,6
Standard,48,1094,7.0,7
Standard,48,1100,6.0,6
Standard,48,1108,8.0,8
Standard,48,1114,6.0,6
Standard,48,1118,4.0,4
Standard,48,1123,5.0,5
Standard,48,1126,3.0,3
Standard,48,1139,13.0,13
Standard,48,1145,6.0,6
Standard,48,1153,8.0,8
Standard,48,1164,11.0,11
Standard,48,1176,12.0,12
Standard,48,1184,8.0,8
Standard,48,1191,7.0,7
Standard,48,1195,4.0,4
Standard,48,1202,7.0,7
Standard,48,1213,11.0,11
Standard,48,1218,5.0,5
Standard,48,1223,5.0,5
Standard,48,1227,4.0,4
Standard,48,1232,5.0,5
Standard,48,1239,7.0,7
Standard,48,1243,4.0,4
Standard,48,1249,6.0,6
Standard,48,1253,4.0,4
Standard,48,1262,9.0,9
Standard,48,1268,6.0,6
Standard,48,1276,8.0,8
Standard,48,1282,6.0,6
Standard,48,1292,10.0,10
Standard,48,1300,8.0,8
Standard,48,1310,10.0,10
Standard,48,1316,6.0,6
Standard,48,1328,12.0,12
Standard,48,1333,5.0,5
Standard,48,1347,14.0,14
Standard,48,1360,13.0,13
Standard,48,1364,4.0,4
Standard,48,1381,17.0,17
Standard,48,1386,5.0,5
Standard,48,1396,10.0,10
Standard,48,1401,5.0,5
Standard,48,1413,12.0,12
Standard,48,1427,14.0,14
Standard,48,1436,9.0,9
Standard,48,1453,17.0,17
Standard,48,1456,3.0,3
Standard,48,1472,16.0,16
Standard,48,1479,7.0,7
Standard,48,1484,5.0,5
Standard,48,1488,4.0,4
Standard,48,1496,8.0,8
Standard,48,1504,8.0,8
Standard,48,1509,5.0,5
Standard,48,1514,5.0,5
Standard,48,1525,11.0,11
Standard,48,1533,8.0,8
Standard,48,1551,18.0,18
Standard,48,1561,10.0,10
Standard,48,1567,6.0,6
Standard,48,1572,5.0,5
Standard,48,1579,7.0,7
Standard,48,1584,5.0,5
Standard,48,1589,5.0,5
Standard,48,1594,5.0,5
Standard,48,1598,4.0,4
Standard,48,1615,17.0,17
Standard,48,1623,8.0,8
Standard,48,1628,5.0,5
Standard,48,1632,4.0,4
Standard,48,1636,4.0,4
Standard,48,1649,13.0,13
Standard,48,1655,6.0,6
Standard,48,1662,7.0,7
Standard,48,1677,15.0,15
Standard,48,1683,6.0,6
Standard,48,1696,13.0,13
Standard,48,1712,16.0,16
Standard,48,1716,4.0,4
Standard,48,1720,4.0,4
Standard,48,1727,7.0,7
Standard,48,1737,10.0,10
Standard,48,1745,8.0,8
Standard,48,1753,8.0,8
Standard,48,1757,4.0,4
Standard,48,1762,5.0,5
Standard,48,1773,11.0,11
Standard,48,1780,7.0,7
Standard,48,1787,7.0,7
Standard,48,1793,6.0,6
Standard,48,1799,6.0,6
Standard,48,1810,11.0,11
Standard,48,1819,9.0,9
Standard,48,1825,6.0,6
Standard,48,1830,5.0,5
Standard,48,1839,9.0,9
Standard,48,1854,15.0,15
Standard,48,1859,5.0,5
Standard,48,1863,4.0,4
Standard,48,1869,6.0,6
Standard,48,1875,6.0,6
Standard,48,1880,5.0,5
Standard,48,1886,6.0,6
Standard,48,1901,15.0,15
Standard,48,1914,13.0,13
Standard,48,1928,14.0,14
Standard,48,1935,7.0,7
Standard,48,1944,9.0,9
Standard,48,1951,7.0,7
Standard,48,1958,7.0,7
Standard,48,1964,6.0,6
Standard,48,1978,14.0,14
Standard,48,1984,6.0,6
Standard,48,1989,5.0,5
Standard,48,1995,6.0,6
Standard,48,2004,9.0,9
Standard,48,2008,4.0,4
Standard,48,2022,14.0,14
Standard,48,2028,6.0,6
Standard,48,2038,10.0,10
Standard,48,2044,6.0,6
Standard,48,2077,33.0,33
Standard,48,2081,4.0,4
Standard,48,2090,9.0,9
Standard,48,2095,5.0,5
Standard,48,2116,21.0,21
Standard,48,2124,8.0,8
Standard,48,2138,14.0,14
Standard,48,2167,29.0,29
Standard,48,2182,15.0,15
Standard,48,2202,20.0,20
Standard,48,2213,11.0,11
Standard,48,2225,12.0,12
Standard,48,2236,11.0,11
Standard,48,2246,10.0,10
Standard,48,2253,7.0,7
Standard,48,2261,8.0,8
Standard,48,2270,9.0,9
Standard,48,2276,6.0,6
Standard,48,2295,19.0,19
Standard,48,2304,9.0,9
Standard,48,2311,7.0,7
Standard,48,2321,10.0,10
Standard,48,2327,6.0,6
Standard,48,2335,8.0,8
Standard,48,2341,6.0,6
Standard,48,2356,15.0,15
Standard,48,2367,11.0,11
Standard,48,2371,4.0,4
Standard,48,2388,17.0,17
Standard,48,2403,15.0,15
Standard,48,2415,12.0,12
Standard,48,2430,15.0,15
Standard,48,2451,21.0,21
Standard,48,2458,7.0,7
Standard,48,2472,14.0,14
Standard,48,2492,20.0,20
Standard,48,2497,5.0,5
Standard,48,2502,5.0,5
Standard,48,2511,9.0,9
Standard,48,2519,8.0,8
Standard,48,2540,21.0,21
Standard,48,2561,21.0,21
Standard,48,2584,23.0,23
Standard,48,2593,9.0,9
Standard,48,2600,7.0,7
Standard,48,2605,5.0,5
Standard,48,2610,5.0,5
Standard,48,2616,6.0,6
Standard,48,2621,5.0,5
Standard,48,2627,6.0,6
Standard,48,2635,8.0,8
Standard,48,2639,4.0,4
Standard,48,2648,9.0,9
Standard,48,2654,6.0,6
Standard,48,2668,14.0,14
Standard,48,2676,8.0,8
Standard,48,2688,12.0,12
Standard,48,2697,9.0,9
Standard,48,2702,5.0,5
Standard,48,2707,5.0,5
Standard,48,2714,7.0,7
Standard,48,2722,8.0,8
Standard,48,2728,6.0,6
Standard,48,2750,22.0,22
Standard,48,2754,4.0,4
Standard,48,2766,12.0,12
Standard,48,2796,30.0,30
Standard,48,2807,11.0,11
Standard,48,2819,12.0,12
Standard,48,2848,29.0,29
Standard,48,2880,32.0,32
Standard,48,2890,10.0,10
Standard,48,2905,15.0,15
Standard,48,2914,9.0,9
Standard,48,2939,25.0,25
Standard,48,2948,9.0,9
Standard,48,2956,8.0,8
Standard,48,2963,7.0,7
Standard,48,2969,6.0,6
Standard,48,2974,5.0,5
Standard,48,2979,5.0,5
Standard,48,2987,8.0,8
Standard,48,3006,19.0,19
Standard,48,3038,32.0,32
Standard,48,3049,11.0,11
Standard,48,3055,6.0,6
Standard,48,3061,6.0,6
Standard,48,3069,8.0,8
Standard,48,3074,5.0,5
Standard,48,3079,5.0,5
Standard,48,3102,23.0,23
Standard,48,3113,11.0,11
Standard,48,3119,6.0,6
Standard,48,3129,10.0,10
Standard,48,3135,6.0,6
Standard,48,3141,6.0,6
Standard,48,3148,7.0,7
Standard,48,3162,14.0,14
Standard,48,3173,11.0,11
Standard,48,3178,5.0,5
Standard,48,3191,13.0,13
Standard,48,3197,6.0,6
Standard,48,3201,4.0,4
Standard,48,3209,8.0,8
Standard,48,3224,15.0,15
Standard,48,3228,4.0,4
Standard,48,3236,8.0,8
Standard,48,3240,4.0,4
Standard,48,3245,5.0,5
Standard,48,3254,9.0,9
Standard,48,3262,8.0,8
Standard,48,3273,11.0,11
Standard,48,3282,9.0,9
Standard,48,3287,5.0,5
Standard,48,3293,6.0,6
Standard,48,3301,8.0,8
Standard,48,3323,22.0,22
Standard,48,3328,5.0,5
Standard,48,3334,6.0,6
Standard,48,3343,9.0,9
Standard,48,3355,12.0,12
Standard,48,3359,4.0,4
Standard,48,3367,8.0,8
Standard,48,3372,5.0,5
Standard,48,3379,7.0,7
Standard,48,3384,5.0,5
Standard,48,3390,6.0,6
Standard,48,3394,4.0,4
Standard,48,3404,10.0,10
Standard,48,3409,5.0,5
Standard,48,3418,9.0,9
Standard,48,3424,6.0,6
Standard,48,3428,4.0,4
Standard,48,3437,9.0,9
Standard,48,3449,12.0,12
Standard,48,3454,5.0,5
Standard,48,3463,9.0,9
Standard,48,3478,15.0,15
Standard,48,3498,20.0,20
Standard,48,3503,5.0,5
Standard,48,3509,6.0,6
Standard,48,3513,4.0,4
Standard,48,3521,8.0,8
Standard,48,3530,9.0,9
Standard,48,3568,38.0,38
Standard,48,3582,14.0,14
Standard,48,3592,10.0,10
Standard,48,3601,9.0,9
Standard,48,3607,6.0,6
Standard,48,3620,13.0,13
Standard,48,3626,6.0,6
Standard,48,3632,6.0,6
Standard,48,3641,9.0,9
Standard,48,3660,19.0,19
Standard,48,3665,5.0,5
Standard,48,3672,7.0,7
Standard,48,3681,9.0,9
Standard,48,3698,17.0,17
Standard,48,3703,5.0,5
Standard,48,3708,5.0,5
Standard,48,3728,20.0,20
Standard,48,3734,6.0,6
Standard,48,3747,13.0,13
Standard,48,3757,10.0,10
Standard,48,3767,10.0,10
Standard,48,3776,9.0,9
Standard,48,3779,3.0,3
Standard,48,3796,17.0,17
Standard,48,3816,20.0,20
Standard,48,3821,5.0,5
Standard,48,3826,5.0,5
Standard,48,3842,16.0,16
Standard,48,3859,17.0,17
Standard,48,3867,8.0,8
Standard,48,3893,26.0,26
Standard,48,3915,22.0,22
Standard,48,3919,4.0,4
Standard,48,3929,10.0,10
Standard,48,3948,19.0,19
Standard,48,3954,6.0,6
Standard,48,3959,5.0,5
Standard,48,3965,6.0,6
Standard,48,3975,10.0,10
Standard,48,3988,13.0,13
Standard,48,4004,16.0,16
Standard,48,4025,21.0,21
Standard,48,4031,6.0,6
Standard,48,4037,6.0,6
Standard,48,4071,34.0,34
Standard,48,4079,8.0,8
Standard,48,4084,5.0,5
Standard,48,4092,8.0,8
Standard,48,4117,25.0,25
Standard,48,4129,12.0,12
Standard,48,4174,45.0,45
Standard,48,4182,8.0,8
Standard,48,4196,14.0,14
Standard,48,4225,29.0,29
Standard,48,4232,7.0,7
Standard,48,4242,10.0,10
Standard,48,4261,19.0,19
Standard,48,4283,22.0,22
Standard,48,4311,28.0,28
Standard,48,4317,6.0,6
Standard,48,4342,25.0,25
Standard,48,4399,57.0,57
Standard,48,4417,18.0,18
Standard,48,4426,9.0,9
Standard,48,4435,9.0,9
Standard,48,4445,10.0,10
Standard,48,4453,8.0,8
Standard,48,4485,32.0,32
Standard,48,4495,10.0,10
Standard,48,4513,18.0,18
Standard,48,4532,19.0,19
Standard,48,4547,15.0,15
Standard,48,4553,6.0,6
Standard,48,4564,11.0,11
Standard,48,4583,19.0,19
Standard,48,4602,19.0,19
Standard,48,4640,38.0,38
Standard,48,4649,9.0,9
Standard,48,4656,7.0,7
Standard,48,4667,11.0,11
Standard,48,4680,13.0,13
Standard,48,4699,19.0,19
Standard,48,4706,7.0,7
Standard,48,4735,29.0,29
Standard,48,4748,13.0,13
Standard,48,4760,12.0,12
Standard,48,4802,42.0,42
Standard,48,4813,11.0,11
Standard,48,4825,12.0,12
Standard,48,4832,7.0,7
Standard,48,4836,4.0,4
Standard,48,4842,6.0,6
Standard,48,4847,5.0,5
Standard,48,4860,13.0,13
Standard,48,4872,12.0,12
Standard,48,4883,11.0,11
Standard,48,4890,7.0,7
Standard,48,4913,23.0,23
Standard,48,4931,18.0,18
Standard,48,4942,11.0,11
Standard,48,4994,52.0,52
Standard,48,5003,9.0,9
Standard,48,5016,13.0,13
Standard,48,5038,22.0,22
Standard,48,5072,34.0,34
Standard,48,5081,9.0,9
Standard,48,5112,31.0,31
Standard,48,5124,12.0,12
Standard,48,5130,6.0,6
Standard,48,5164,34.0,34
Standard,48,5179,15.0,15
Standard,48,5188,9.0,9
Standard,48,5193,5.0,5
Standard,48,5204,11.0,11
Standard,48,5225,21.0,21
Standard,48,5236,11.0,11
Standard,48,5244,8.0,8
Standard,48,5276,32.0,32
Standard,48,5291,15.0,15
Standard,48,5296,5.0,5
Standard,48,5302,6.0,6
Standard,48,5326,24.0,24
Standard,48,5359,33.0,33
Standard,48,5369,10.0,10
Standard,48,5375,6.0,6
Standard,48,5390,15.0,15
Standard,48,5431,41.0,41
Standard,48,5438,7.0,7
Standard,48,5443,5.0,5
Standard,48,5501,58.0,58
Standard,48,5506,5.0,5
Standard,48,5529,23.0,23
Standard,48,5553,24.0,24
Standard,48,5572,19.0,19
Standard,48,5578,6.0,6
Standard,48,5593,15.0,15
Standard,48,5608,15.0,15
Standard,48,5614,6.0,6
Standard,48,5637,23.0,23
Standard,48,5663,26.0,26
Standard,48,5707,44.0,44
Standard,48,5716,9.0,9
Standard,48,5737,21.0,21
Standard,48,5749,12.0,12
Standard,48,5767,18.0,18
Standard,48,5773,6.0,6
Standard,48,5783,10.0,10
Standard,48,5791,8.0,8
Standard,48,5799,8.0,8
Standard,48,5821,22.0,22
Standard,48,5840,19.0,19
Standard,48,5851,11.0,11
Standard,48,5856,5.0,5
Standard,48,5895,39.0,39
Standard,48,5905,10.0,10
Standard,48,5917,12.0,12
Standard,48,5921,4.0,4
Standard,48,5950,29.0,29
Standard,48,5954,4.0,4
Standard,48,5963,9.0,9
Standard,48,5982,19.0,19
Standard,48,6000,18.0,18
Standard,48,6005,5.0,5
Standard,48,6029,24.0,24
Standard,48,6057,28.0,28
Standard,48,6072,15.0,15
Standard,48,6079,7.0,7
Standard,48,6084,5.0,5
Standard,48,6088,4.0,4
Standard,48,6094,6.0,6
Standard,48,6102,8.0,8
Standard,48,6112,10.0,10
Standard,48,6123,11.0,11
Standard,48,6154,31.0,31
Standard,48,6159,5.0,5
Standard,48,6167,8.0,8
Standard,48,6190,23.0,23
Standard,48,6202,12.0,12
Standard,48,6214,12.0,12
Standard,48,6243,29.0,29
Standard,48,6276,33.0,33
Standard,48,6294,18.0,18
Standard,48,6361,67.0,67
Standard,48,6389,28.0,28
Standard,48,6417,28.0,28
Standard,48,6430,13.0,13
Standard,48,6450,20.0,20
Standard,48,6473,23.0,23
Standard,48,6479,6.0,6
Standard,48,6492,13.0,13
Standard,48,6517,25.0,25
Standard,48,6548,31.0,31
Standard,48,6557,9.0,9
Standard,48,6586,29.0,29
Standard,48,6597,11.0,11
Standard,48,6616,19.0,19
Standard,48,6640,24.0,24
Standard,48,6644,4.0,4
Standard,48,6660,16.0,16
Standard,48,6677,17.0,17
Standard,48,6684,7.0,7
Standard,48,6712,28.0,28
Standard,48,6716,4.0,4
Standard,48,6729,13.0,13
Standard,48,6744,15.0,15
Standard,48,6779,35.0,35
Standard,48,6817,38.0,38
Standard,48,6824,7.0,7
Standard,48,6847,23.0,23
Standard,48,6861,14.0,14
Standard,48,6876,15.0,15
Standard,48,6885,9.0,9
Standard,48,6891,6.0,6
Standard,48,6913,22.0,22
Standard,48,6955,42.0,42
Standard,48,6969,14.0,14
Standard,48,7012,43.0,43
Standard,48,7035,23.0,23
Standard,48,7059,24.0,24
Standard,48,7064,5.0,5
Standard,48,7106,42.0,42
Standard,48,7114,8.0,8
Standard,48,7128,14.0,14
Standard,48,7134,6.0,6
Standard,48,7167,33.0,33
Standard,48,7174,7.0,7
Standard,48,7183,9.0,9
Standard,48,7266,83.0,83
Standard,48,7299,33.0,33
Standard,48,7303,4.0,4
Standard,48,7318,15.0,15
Standard,48,7333,15.0,15
Standard,48,7342,9.0,9
Standard,48,7391,49.0,49
Standard,48,7401,10.0,10
Standard,48,7411,10.0,10
Standard,48,7425,14.0,14
Standard,48,7458,33.0,33
Standard,48,7486,28.0,28
Standard,48,7540,54.0,54
Standard,48,7585,45.0,45
Standard,48,7611,26.0,26
Standard,48,7624,13.0,13
Standard,48,7629,5.0,5
Standard,48,7637,8.0,8
Standard,48,7667,30.0,30
Standard,48,7672,5.0,5
Standard,48,7688,16.0,16
Standard,48,7727,39.0,39
Standard,48,7770,43.0,43
Standard,48,7799,29.0,29
Standard,48,7811,12.0,12
Standard,48,7849,38.0,38
Standard,48,7884,35.0,35
Standard,48,7907,23.0,23
Standard,48,7936,29.0,29
Standard,48,7942,6.0,6
Standard,48,8012,70.0,70
Standard,48,8078,66.0,66
Standard,48,8092,14.0,14
Standard,48,8114,22.0,22
Standard,48,8146,32.0,32
Standard,48,8154,8.0,8
Standard,48,8168,14.0,14
Standard,48,8179,11.0,11
Standard,48,8184,5.0,5
Standard,48,8213,29.0,29
Standard,48,8220,7.0,7
Standard,48,8271,51.0,51
Standard,48,8335,64.0,64
Standard,48,8395,60.0,60
Standard,48,8441,46.0,46
Standard,48,8484,43.0,43
Standard,48,8510,26.0,26
Standard,48,8525,15.0,15
Standard,48,8532,7.0,7
Standard,48,8592,60.0,60
Standard,48,8602,10.0,10
Standard,48,8640,38.0,38
Standard,48,8688,48.0,48
Standard,48,8696,8.0,8
Standard,48,8717,21.0,21
Standard,48,8735,18.0,18
Standard,48,8808,73.0,73
Standard,48,8837,29.0,29
Standard,48,8853,16.0,16
Standard,48,8876,23.0,23
Standard,48,8922,46.0,46
Standard,48,8936,14.0,14
Standard,48,9044,108.0,108
Standard,48,9089,45.0,45
Standard,48,9109,20.0,20
Standard,48,9133,24.0,24
Standard,48,9147,14.0,14
Standard,48,9171,24.0,24
Standard,48,9183,12.0,12
Standard,48,9206,23.0,23
Standard,48,9244,38.0,38
Standard,48,9307,63.0,63
Standard,48,9314,7.0,7
Standard,48,9432,118.0,118
Standard,48,9487,55.0,55
Standard,48,9502,15.0,15
Standard,48,9547,45.0,45
Standard,48,9562,15.0,15
Standard,48,9594,32.0,32
Standard,48,9607,13.0,13
Standard,48,9625,18.0,18
Standard,48,9651,26.0,26
Standard,48,9724,73.0,73
Standard,48,9796,72.0,72
Standard,48,9860,64.0,64
Standard,48,9883,23.0,23
Standard,48,9916,33.0,33
Standard,48,9961,45.0,45
Standard,48,10005,44.0,44
Standard,48,10060,55.0,55
Standard,48,10112,52.0,52
Standard,48,10172,60.0,60
Standard,48,10272,100.0,100
Standard,48,10375,103.0,103
Standard,48,10447,72.0,72
Standard,48,10464,17.0,17
Standard,48,10528,64.0,64
Standard,48,10542,14.0,14
Standard,48,10550,8.0,8
Standard,48,10619,69.0,69
Standard,48,10685,66.0,66
Standard,48,10739,54.0,54
Standard,48,10782,43.0,43
Standard,48,10821,39.0,39
Standard,48,10856,35.0,35
Standard,48,10861,5.0,5
Standard,48,10893,32.0,32
Standard,48,10971,78.0,78
Standard,48,11116,145.0,145
Standard,48,11144,28.0,28
Standard,48,11208,64.0,64
Standard,48,11304,96.0,96
Standard,48,11377,73.0,73
Standard,48,11438,61.0,61
Standard,48,11473,35.0,35
Standard,48,11553,80.0,80
Standard,48,11599,46.0,46
Standard,48,11604,5.0,5
Standard,48,11609,5.0,5
Standard,48,11700,91.0,91
Standard,48,11753,53.0,53
Standard,48,11803,50.0,50
Standard,48,11848,45.0,45
Standard,48,11939,91.0,91
Standard,48,12014,75.0,75
Standard,48,12066,52.0,52
Standard,48,12109,43.0,43
Standard,48,12138,29.0,29
Standard,48,12214,76.0,76
Standard,48,12274,60.0,60
Standard,48,12324,50.0,50
Standard,48,12426,102.0,102
Standard,48,12547,121.0,121
Standard,48,12619,72.0,72
Standard,48,12678,59.0,59
Standard,48,12798,120.0,120
Standard,48,12867,69.0,69
Standard,48,12936,69.0,69
Standard,48,13023,87.0,87
Standard,48,13118,95.0,95
Standard,48,13183,65.0,65
Standard,48,13234,51.0,51
Standard,48,13276,42.0,42
Standard,48,13372,96.0,96
Standard,48,13497,125.0,125
Standard,48,13579,82.0,82
Standard,48,13644,65.0,65
Standard,48,13694,50.0,50
Standard,48,13780,86.0,86
Standard,48,13840,60.0,60
Standard,48,13867,27.0,27
Standard,48,13878,11.0,11
Standard,48,13950,72.0,72
Standard,48,14007,57.0,57
Standard,48,14130,123.0,123
Standard,48,14260,130.0,130
Standard,48,14301,41.0,41
Standard,48,14362,61.0,61
Standard,48,14392,30.0,30
Standard,48,14492,100.0,100
Standard,48,14561,69.0,69
Standard,48,14618,57.0,57
Standard,48,14678,60.0,60
Standard,48,14781,103.0,103
Standard,48,14945,164.0,164
Standard,48,15063,118.0,118
Standard,48,15130,67.0,67
Standard,48,15241,111.0,111
Standard,48,15332,91.0,91
Standard,48,15439,107.0,107
Standard,48,15502,63.0,63
Standard,48,15630,128.0,128
Standard,48,15716,86.0,86
Standard,48,15822,106.0,106
Standard,48,15892,70.0,70
Standard,48,15907,15.0,15
Standard,48,15957,50.0,50
Standard,48,16037,80.0,80
Standard,48,16141,104.0,104
Standard,48,16198,57.0,57
Standard,48,16254,56.0,56
Standard,48,16320,66.0,66
Standard,48,16370,50.0,50
Standard,48,16376,6.0,6
Standard,48,16527,151.0,151
Standard,48,16582,55.0,55
Standard,48,16740,158.0,158
Standard,48,16795,55.0,55
Standard,48,16861,66.0,66
Standard,48,16943,82.0,82
Standard,48,17033,90.0,90
Standard,48,17226,193.0,193
Standard,48,17367,141.0,141
Standard,48,17499,132.0,132
Standard,48,17522,23.0,23
Standard,48,17620,98.0,98
Standard,48,17749,129.0,129
Standard,48,17840,91.0,91
Standard,48,17936,96.0,96
Standard,48,18039,103.0,103
Standard,48,18128,89.0,89
Standard,48,18226,98.0,98
Standard,48,18374,148.0,148
Standard,48,18524,150.0,150
Standard,48,18855,331.0,331
Standard,48,19003,148.0,148
Standard,48,19174,171.0,171
Standard,48,19200,26.0,26
Standard,48,19349,149.0,149
Standard,48,19552,203.0,203
Standard,48,19671,119.0,119
Standard,48,19789,118.0,118
Standard,48,20135,346.0,346
Standard,48,20367,232.0,232
Standard,48,20481,114.0,114
Standard,48,20532,51.0,51
Standard,48,20844,312.0,312
Standard,48,21179,335.0,335
Standard,48,21444,265.0,265
Standard,48,21820,376.0,376
Standard,48,22143,323.0,323
Standard,48,22275,132.0,132
Standard,48,22684,409.0,409
Standard,48,22921,237.0,237
Standard,48,23038,117.0,117
Standard,48,24038,1000.0,1000
Standard,48,25038,1000.0,1000
Standard,48,26038,1000.0,1000
Standard,48,27038,1000.0,1000
Standard,48,27156,118.0,118
Standard,48,27431,275.0,275
Standard,48,28401,970.0,970
Standard,48,28599,198.0,198
Standard,48,29599,1000.0,1000
Standard,48,30599,1000.0,1000
Standard,48,31599,1000.0,1000
Standard,48,32273,674.0,674
Standard,48,33273,1000.0,1000
Standard,48,34273,1000.0,1000
Standard,48,34491,218.0,218
Standard,48,35491,1000.0,1000
Standard,48,36491,1000.0,1000
Standard,48,37491,1000.0,1000
Standard,48,38491,1000.0,1000
Standard,48,39491,1000.0,1000
Standard,48,40491,1000.0,1000
Standard,48,41491,1000.0,1000
Standard,48,42491,1000.0,1000
Standard,48,43491,1000.0,1000
Standard,48,44491,1000.0,1000
Standard,48,45491,1000.0,1000
Standard,48,46491,1000.0,1000
Standard,48,47491,1000.0,1000
Standard,48,48491,1000.0,1000
Standard,48,49491,1000.0,1000
Standard,48,50491,1000.0,1000
Standard,48,50689,198.0,198
Standard,48,51689,1000.0,1000
Standard,48,52689,1000.0,1000
Standard,48,53689,1000.0,1000
Standard,48,54689,1000.0,1000
Standard,48,55689,1000.0,1000
Standard,48,56689,1000.0,1000
Standard,48,57689,1000.0,1000
Standard,48,58689,1000.0,1000
Standard,48,59689,1000.0,1000
Standard,48,60689,1000.0,1000
Standard,48,61689,1000.0,1000
Standard,48,62689,1000.0,1000
Standard,48,63689,1000.0,1000
Standard,48,64689,1000.0,1000
Standard,48,65689,1000.0,1000
Standard,48,66689,1000.0,1000
Standard,48,67689,1000.0,1000
Standard,48,68689,1000.0,1000
Standard,48,69689,1000.0,1000
Standard,48,70689,1000.0,1000
Standard,48,71689,1000.0,1000
Standard,48,72689,1000.0,1000
Standard,48,73689,1000.0,1000
Standard,48,74689,1000.0,1000
Standard,48,75689,1000.0,1000
Standard,48,76689,1000.0,1000
Standard,48,77689,1000.0,1000
Standard,48,78689,1000.0,1000
Standard,48,79689,1000.0,1000
Standard,48,80689,1000.0,1000
Standard,48,81689,1000.0,1000
Standard,48,82689,1000.0,1000
Standard,48,83689,1000.0,1000
Standard,48,84689,1000.0,1000
Standard,48,85689,1000.0,1000
Standard,48,86689,1000.0,1000
Standard,48,87689,1000.0,1000
Standard,48,88689,1000.0,1000
Standard,48,89689,1000.0,1000
Standard,48,90689,1000.0,1000
Standard,48,91689,1000.0,1000
Standard,48,92689,1000.0,1000
Standard,48,93689,1000.0,1000
Standard,48,94689,1000.0,1000
Standard,48,95689,1000.0,1000
Standard,48,96689,1000.0,1000
Standard,48,97689,1000.0,1000
Standard,48,98689,1000.0,1000
Standard,48,99689,1000.0,1000
Standard,49,6,6.0,6
Standard,49,11,5.0,5
Standard,49,17,6.0,6
Standard,49,22,5.0,5
Standard,49,26,4.0,4
Standard,49,32,6.0,6
Standard,49,36,4.0,4
Standard,49,41,5.0,5
Standard,49,48,7.0,7
Standard,49,53,5.0,5
Standard,49,59,6.0,6
Standard,49,75,16.0,16
Standard,49,80,5.0,5
Standard,49,86,6.0,6
Standard,49,90,4.0,4
Standard,49,99,9.0,9
Standard,49,106,7.0,7
Standard,49,110,4.0,4
Standard,49,123,13.0,13
Standard,49,133,10.0,10
Standard,49,137,4.0,4
Standard,49,143,6.0,6
Standard,49,157,14.0,14
Standard,49,168,11.0,11
Standard,49,175,7.0,7
Standard,49,181,6.0,6
Standard,49,192,11.0,11
Standard,49,197,5.0,5
Standard,49,213,16.0,16
Standard,49,220,7.0,7
Standard,49,230,10.0,10
Standard,49,236,6.0,6
Standard,49,240,4.0,4
Standard,49,247,7.0,7
Standard,49,261,14.0,14
Standard,49,277,16.0,16
Standard,49,303,26.0,26
Standard,49,314,11.0,11
Standard,49,321,7.0,7
Standard,49,329,8.0,8
Standard,49,340,11.0,11
Standard,49,344,4.0,4
Standard,49,351,7.0,7
Standard,49,358,7.0,7
Standard,49,363,5.0,5
Standard,49,369,6.0,6
Standard,49,383,14.0,14
Standard,49,395,12.0,12
Standard,49,401,6.0,6
Standard,49,407,6.0,6
Standard,49,417,10.0,10
Standard,49,422,5.0,5
Standard,49,426,4.0,4
Standard,49,433,7.0,7
Standard,49,442,9.0,9
Standard,49,448,6.0,6
Standard,49,452,4.0,4
Standard,49,462,10.0,10
Standard,49,473,11.0,11
Standard,49,485,12.0,12
Standard,49,494,9.0,9
Standard,49,502,8.0,8
Standard,49,507,5.0,5
Standard,49,520,13.0,13
Standard,49,527,7.0,7
Standard,49,537,10.0,10
Standard,49,542,5.0,5
Standard,49,549,7.0,7
Standard,49,556,7.0,7
Standard,49,560,4.0,4
Standard,49,566,6.0,6
Standard,49,585,19.0,19
Standard,49,593,8.0,8
Standard,49,600,7.0,7
Standard,49,609,9.0,9
Standard,49,615,6.0,6
Standard,49,630,15.0,15
Standard,49,648,18.0,18
Standard,49,666,18.0,18
Standard,49,672,6.0,6
Standard,49,677,5.0,5
Standard,49,691,14.0,14
Standard,49,697,6.0,6
Standard,49,703,6.0,6
Standard,49,709,6.0,6
Standard,49,715,6.0,6
Standard,49,735,20.0,20
Standard,49,741,6.0,6
Standard,49,753,12.0,12
Standard,49,759,6.0,6
Standard,49,777,18.0,18
Standard,49,795,18.0,18
Standard,49,802,7.0,7
Standard,49,810,8.0,8
Standard,49,822,12.0,12
Standard,49,830,8.0,8
Standard,49,834,4.0,4
Standard,49,837,3.0,3
Standard,49,841,4.0,4
Standard,49,846,5.0,5
Standard,49,852,6.0,6
Standard,49,857,5.0,5
Standard,49,863,6.0,6
Standard,49,868,5.0,5
Standard,49,877,9.0,9
Standard,49,883,6.0,6
Standard,49,888,5.0,5
Standard,49,893,5.0,5
Standard,49,903,10.0,10
Standard,49,911,8.0,8
Standard,49,915,4.0,4
Standard,49,921,6.0,6
Standard,49,926,5.0,5
Standard,49,932,6.0,6
Standard,49,940,8.0,8
Standard,49,952,12.0,12
Standard,49,957,5.0,5
Standard,49,962,5.0,5
Standard,49,970,8.0,8
Standard,49,991,21.0,21
Standard,49,998,7.0,7
Standard,49,1007,9.0,9
Standard,49,1020,13.0,13
Standard,49,1026,6.0,6
Standard,49,1039,13.0,13
Standard,49,1046,7.0,7
Standard,49,1054,8.0,8
Standard,49,1059,5.0,5
Standard,49,1074,15.0,15
Standard,49,1083,9.0,9
Standard,49,1089,6.0,6
Standard,49,1108,19.0,19
Standard,49,1112,4.0,4
Standard,49,1119,7.0,7
Standard,49,1123,4.0,4
Standard,49,1134,11.0,11
Standard,49,1146,12.0,12
Standard,49,1153,7.0,7
Standard,49,1157,4.0,4
Standard,49,1163,6.0,6
Standard,49,1174,11.0,11
Standard,49,1182,8.0,8
Standard,49,1186,4.0,4
Standard,49,1193,7.0,7
Standard,49,1197,4.0,4
Standard,49,1201,4.0,4
Standard,49,1205,4.0,4
Standard,49,1209,4.0,4
Standard,49,1217,8.0,8
Standard,49,1224,7.0,7
Standard,49,1242,18.0,18
Standard,49,1246,4.0,4
Standard,49,1254,8.0,8
Standard,49,1263,9.0,9
Standard,49,1272,9.0,9
Standard,49,1280,8.0,8
Standard,49,1297,17.0,17
Standard,49,1303,6.0,6
Standard,49,1312,9.0,9
Standard,49,1315,3.0,3
Standard,49,1321,6.0,6
Standard,49,1326,5.0,5
Standard,49,1330,4.0,4
Standard,49,1334,4.0,4
Standard,49,1340,6.0,6
Standard,49,1351,11.0,11
Standard,49,1357,6.0,6
Standard,49,1364,7.0,7
Standard,49,1371,7.0,7
Standard,49,1376,5.0,5
Standard,49,1382,6.0,6
Standard,49,1388,6.0,6
Standard,49,1407,19.0,19
Standard,49,1412,5.0,5
Standard,49,1419,7.0,7
Standard,49,1441,22.0,22
Standard,49,1446,5.0,5
Standard,49,1451,5.0,5
Standard,49,1455,4.0,4
Standard,49,1459,4.0,4
Standard,49,1466,7.0,7
Standard,49,1471,5.0,5
Standard,49,1476,5.0,5
Standard,49,1483,7.0,7
Standard,49,1490,7.0,7
Standard,49,1503,13.0,13
Standard,49,1510,7.0,7
Standard,49,1528,18.0,18
Standard,49,1534,6.0,6
Standard,49,1541,7.0,7
Standard,49,1557,16.0,16
Standard,49,1561,4.0,4
Standard,49,1567,6.0,6
Standard,49,1572,5.0,5
Standard,49,1579,7.0,7
Standard,49,1587,8.0,8
Standard,49,1594,7.0,7
Standard,49,1602,8.0,8
Standard,49,1612,10.0,10
Standard,49,1618,6.0,6
Standard,49,1626,8.0,8
Standard,49,1638,12.0,12
Standard,49,1641,3.0,3
Standard,49,1653,12.0,12
Standard,49,1659,6.0,6
Standard,49,1672,13.0,13
Standard,49,1679,7.0,7
Standard,49,1689,10.0,10
Standard,49,1701,12.0,12
Standard,49,1712,11.0,11
Standard,49,1719,7.0,7
Standard,49,1723,4.0,4
Standard,49,1730,7.0,7
Standard,49,1741,11.0,11
Standard,49,1749,8.0,8
Standard,49,1758,9.0,9
Standard,49,1768,10.0,10
Standard,49,1774,6.0,6
Standard,49,1783,9.0,9
Standard,49,1792,9.0,9
Standard,49,1800,8.0,8
Standard,49,1804,4.0,4
Standard,49,1811,7.0,7
Standard,49,1818,7.0,7
Standard,49,1823,5.0,5
Standard,49,1831,8.0,8
Standard,49,1844,13.0,13
Standard,49,1848,4.0,4
Standard,49,1852,4.0,4
Standard,49,1859,7.0,7
Standard,49,1868,9.0,9
Standard,49,1874,6.0,6
Standard,49,1885,11.0,11
Standard,49,1896,11.0,11
Standard,49,1902,6.0,6
Standard,49,1914,12.0,12
Standard,49,1919,5.0,5
Standard,49,1930,11.0,11
Standard,49,1935,5.0,5
Standard,49,1943,8.0,8
Standard,49,1969,26.0,26
Standard,49,1976,7.0,7
Standard,49,1983,7.0,7
Standard,49,1987,4.0,4
Standard,49,2000,13.0,13
Standard,49,2007,7.0,7
Standard,49,2011,4.0,4
Standard,49,2017,6.0,6
Standard,49,2023,6.0,6
Standard,49,2034,11.0,11
Standard,49,2037,3.0,3
Standard,49,2041,4.0,4
Standard,49,2048,7.0,7
Standard,49,2061,13.0,13
Standard,49,2073,12.0,12
Standard,49,2081,8.0,8
Standard,49,2090,9.0,9
Standard,49,2108,18.0,18
Standard,49,2115,7.0,7
Standard,49,2126,11.0,11
Standard,49,2135,9.0,9
Standard,49,2157,22.0,22
Standard,49,2166,9.0,9
Standard,49,2178,12.0,12
Standard,49,2182,4.0,4
Standard,49,2195,13.0,13
Standard,49,2207,12.0,12
Standard,49,2222,15.0,15
Standard,49,2235,13.0,13
Standard,49,2263,28.0,28
Standard,49,2277,14.0,14
Standard,49,2281,4.0,4
Standard,49,2286,5.0,5
Standard,49,2294,8.0,8
Standard,49,2305,11.0,11
Standard,49,2317,12.0,12
Standard,49,2321,4.0,4
Standard,49,2327,6.0,6
Standard,49,2339,12.0,12
Standard,49,2347,8.0,8
Standard,49,2354,7.0,7
Standard,49,2370,16.0,16
Standard,49,2390,20.0,20
Standard,49,2395,5.0,5
Standard,49,2409,14.0,14
Standard,49,2421,12.0,12
Standard,49,2441,20.0,20
Standard,49,2454,13.0,13
Standard,49,2459,5.0,5
Standard,49,2480,21.0,21
Standard,49,2485,5.0,5
Standard,49,2500,15.0,15
Standard,49,2512,12.0,12
Standard,49,2531,19.0,19
Standard,49,2548,17.0,17
Standard,49,2554,6.0,6
Standard,49,2564,10.0,10
Standard,49,2577,13.0,13
Standard,49,2584,7.0,7
Standard,49,2612,28.0,28
Standard,49,2617,5.0,5
Standard,49,2637,20.0,20
Standard,49,2644,7.0,7
Standard,49,2657,13.0,13
Standard,49,2674,17.0,17
Standard,49,2683,9.0,9
Standard,49,2688,5.0,5
Standard,49,2701,13.0,13
Standard,49,2705,4.0,4
Standard,49,2718,13.0,13
Standard,49,2726,8.0,8
Standard,49,2740,14.0,14
Standard,49,2753,13.0,13
Standard,49,2759,6.0,6
Standard,49,2765,6.0,6
Standard,49,2779,14.0,14
Standard,49,2818,39.0,39
Standard,49,2824,6.0,6
Standard,49,2832,8.0,8
Standard,49,2840,8.0,8
Standard,49,2850,10.0,10
Standard,49,2855,5.0,5
Standard,49,2874,19.0,19
Standard,49,2885,11.0,11
Standard,49,2891,6.0,6
Standard,49,2899,8.0,8
Standard,49,2917,18.0,18
Standard,49,2931,14.0,14
Standard,49,2937,6.0,6
Standard,49,2946,9.0,9
Standard,49,2952,6.0,6
Standard,49,2961,9.0,9
Standard,49,2970,9.0,9
Standard,49,2981,11.0,11
Standard,49,2998,17.0,17
Standard,49,3006,8.0,8
Standard,49,3014,8.0,8
Standard,49,3021,7.0,7
Standard,49,3027,6.0,6
Standard,49,3032,5.0,5
Standard,49,3046,14.0,14
Standard,49,3066,20.0,20
Standard,49,3071,5.0,5
Standard,49,3082,11.0,11
Standard,49,3090,8.0,8
Standard,49,3095,5.0,5
Standard,49,3099,4.0,4
Standard,49,3111,12.0,12
Standard,49,3130,19.0,19
Standard,49,3154,24.0,24
Standard,49,3159,5.0,5
Standard,49,3167,8.0,8
Standard,49,3177,10.0,10
Standard,49,3184,7.0,7
Standard,49,3202,18.0,18
Standard,49,3207,5.0,5
Standard,49,3214,7.0,7
Standard,49,3223,9.0,9
Standard,49,3231,8.0,8
Standard,49,3245,14.0,14
Standard,49,3252,7.0,7
Standard,49,3268,16.0,16
Standard,49,3274,6.0,6
Standard,49,3284,10.0,10
Standard,49,3303,19.0,19
Standard,49,3308,5.0,5
Standard,49,3328,20.0,20
Standard,49,3338,10.0,10
Standard,49,3349,11.0,11
Standard,49,3355,6.0,6
Standard,49,3364,9.0,9
Standard,49,3371,7.0,7
Standard,49,3385,14.0,14
Standard,49,3405,20.0,20
Standard,49,3412,7.0,7
Standard,49,3416,4.0,4
Standard,49,3434,18.0,18
Standard,49,3439,5.0,5
Standard,49,3448,9.0,9
Standard,49,3456,8.0,8
Standard,49,3463,7.0,7
Standard,49,3479,16.0,16
Standard,49,3496,17.0,17
Standard,49,3504,8.0,8
Standard,49,3517,13.0,13
Standard,49,3523,6.0,6
Standard,49,3531,8.0,8
Standard,49,3544,13.0,13
Standard,49,3548,4.0,4
Standard,49,3560,12.0,12
Standard,49,3580,20.0,20
Standard,49,3629,49.0,49
Standard,49,3636,7.0,7
Standard,49,3646,10.0,10
Standard,49,3657,11.0,11
Standard,49,3666,9.0,9
Standard,49,3671,5.0,5
Standard,49,3677,6.0,6
Standard,49,3690,13.0,13
Standard,49,3699,9.0,9
Standard,49,3709,10.0,10
Standard,49,3713,4.0,4
Standard,49,3720,7.0,7
Standard,49,3738,18.0,18
Standard,49,3749,11.0,11
Standard,49,3753,4.0,4
Standard,49,3763,10.0,10
Standard,49,3771,8.0,8
Standard,49,3781,10.0,10
Standard,49,3794,13.0,13
Standard,49,3798,4.0,4
Standard,49,3813,15.0,15
Standard,49,3824,11.0,11
Standard,49,3830,6.0,6
Standard,49,3836,6.0,6
Standard,49,3842,6.0,6
Standard,49,3850,8.0,8
Standard,49,3877,27.0,27
Standard,49,3894,17.0,17
Standard,49,3899,5.0,5
Standard,49,3925,26.0,26
Standard,49,3932,7.0,7
Standard,49,3938,6.0,6
Standard,49,3964,26.0,26
Standard,49,3973,9.0,9
Standard,49,3980,7.0,7
Standard,49,3984,4.0,4
Standard,49,3987,3.0,3
Standard,49,3996,9.0,9
Standard,49,4013,17.0,17
Standard,49,4018,5.0,5
Standard,49,4024,6.0,6
Standard,49,4038,14.0,14
Standard,49,4042,4.0,4
Standard,49,4060,18.0,18
Standard,49,4076,16.0,16
Standard,49,4082,6.0,6
Standard,49,4093,11.0,11
Standard,49,4108,15.0,15
Standard,49,4121,13.0,13
Standard,49,4139,18.0,18
Standard,49,4186,47.0,47
Standard,49,4192,6.0,6
Standard,49,4206,14.0,14
Standard,49,4219,13.0,13
Standard,49,4247,28.0,28
Standard,49,4253,6.0,6
Standard,49,4262,9.0,9
Standard,49,4270,8.0,8
Standard,49,4284,14.0,14
Standard,49,4291,7.0,7
Standard,49,4306,15.0,15
Standard,49,4322,16.0,16
Standard,49,4344,22.0,22
Standard,49,4358,14.0,14
Standard,49,4363,5.0,5
Standard,49,4370,7.0,7
Standard,49,4384,14.0,14
Standard,49,4389,5.0,5
Standard,49,4394,5.0,5
Standard,49,4398,4.0,4
Standard,49,4406,8.0,8
Standard,49,4456,50.0,50
Standard,49,4486,30.0,30
Standard,49,4493,7.0,7
Standard,49,4509,16.0,16
Standard,49,4520,11.0,11
Standard,49,4565,45.0,45
Standard,49,4593,28.0,28
Standard,49,4620,27.0,27
Standard,49,4664,44.0,44
Standard,49,4677,13.0,13
Standard,49,4717,40.0,40
Standard,49,4725,8.0,8
Standard,49,4732,7.0,7
Standard,49,4743,11.0,11
Standard,49,4751,8.0,8
Standard,49,4784,33.0,33
Standard,49,4817,33.0,33
Standard,49,4842,25.0,25
Standard,49,4849,7.0,7
Standard,49,4892,43.0,43
Standard,49,4914,22.0,22
Standard,49,4932,18.0,18
Standard,49,4944,12.0,12
Standard,49,4951,7.0,7
Standard,49,4971,20.0,20
Standard,49,4988,17.0,17
Standard,49,4994,6.0,6
Standard,49,5023,29.0,29
Standard,49,5027,4.0,4
Standard,49,5040,13.0,13
Standard,49,5060,20.0,20
Standard,49,5066,6.0,6
Standard,49,5097,31.0,31
Standard,49,5121,24.0,24
Standard,49,5133,12.0,12
Standard,49,5158,25.0,25
Standard,49,5163,5.0,5
Standard,49,5170,7.0,7
Standard,49,5215,45.0,45
Standard,49,5224,9.0,9
Standard,49,5234,10.0,10
Standard,49,5255,21.0,21
Standard,49,5260,5.0,5
Standard,49,5279,19.0,19
Standard,49,5295,16.0,16
Standard,49,5314,19.0,19
Standard,49,5326,12.0,12
Standard,49,5347,21.0,21
Standard,49,5354,7.0,7
Standard,49,5376,22.0,22
Standard,49,5392,16.0,16
Standard,49,5404,12.0,12
Standard,49,5425,21.0,21
Standard,49,5442,17.0,17
Standard,49,5452,10.0,10
Standard,49,5459,7.0,7
Standard,49,5465,6.0,6
Standard,49,5484,19.0,19
Standard,49,5514,30.0,30
Standard,49,5533,19.0,19
Standard,49,5541,8.0,8
Standard,49,5553,12.0,12
Standard,49,5565,12.0,12
Standard,49,5578,13.0,13
Standard,49,5608,30.0,30
Standard,49,5670,62.0,62
Standard,49,5686,16.0,16
Standard,49,5693,7.0,7
Standard,49,5705,12.0,12
Standard,49,5710,5.0,5
Standard,49,5740,30.0,30
Standard,49,5777,37.0,37
Standard,49,5784,7.0,7
Standard,49,5823,39.0,39
Standard,49,5837,14.0,14
Standard,49,5849,12.0,12
Standard,49,5860,11.0,11
Standard,49,5868,8.0,8
Standard,49,5887,19.0,19
Standard,49,5912,25.0,25
Standard,49,5940,28.0,28
Standard,49,5994,54.0,54
Standard,49,6011,17.0,17
Standard,49,6015,4.0,4
Standard,49,6023,8.0,8
Standard,49,6041,18.0,18
Standard,49,6061,20.0,20
Standard,49,6074,13.0,13
Standard,49,6082,8.0,8
Standard,49,6092,10.0,10
Standard,49,6100,8.0,8
Standard,49,6106,6.0,6
Standard,49,6114,8.0,8
Standard,49,6126,12.0,12
Standard,49,6136,10.0,10
Standard,49,6176,40.0,40
Standard,49,6213,37.0,37
Standard,49,6235,22.0,22
Standard,49,6241,6.0,6
Standard,49,6248,7.0,7
Standard,49,6256,8.0,8
Standard,49,6337,81.0,81
Standard,49,6384,47.0,47
Standard,49,6397,13.0,13
Standard,49,6445,48.0,48
Standard,49,6450,5.0,5
Standard,49,6495,45.0,45
Standard,49,6506,11.0,11
Standard,49,6514,8.0,8
Standard,49,6531,17.0,17
Standard,49,6542,11.0,11
Standard,49,6577,35.0,35
Standard,49,6608,31.0,31
Standard,49,6620,12.0,12
Standard,49,6643,23.0,23
Standard,49,6663,20.0,20
Standard,49,6717,54.0,54
Standard,49,6724,7.0,7
Standard,49,6808,84.0,84
Standard,49,6812,4.0,4
Standard,49,6817,5.0,5
Standard,49,6856,39.0,39
Standard,49,6881,25.0,25
Standard,49,6888,7.0,7
Standard,49,6901,13.0,13
Standard,49,6954,53.0,53
Standard,49,6992,38.0,38
Standard,49,6996,4.0,4
Standard,49,7053,57.0,57
Standard,49,7110,57.0,57
Standard,49,7148,38.0,38
Standard,49,7151,3.0,3
Standard,49,7160,9.0,9
Standard,49,7189,29.0,29
Standard,49,7209,20.0,20
Standard,49,7228,19.0,19
Standard,49,7265,37.0,37
Standard,49,7290,25.0,25
Standard,49,7330,40.0,40
Standard,49,7374,44.0,44
Standard,49,7425,51.0,51
Standard,49,7431,6.0,6
Standard,49,7460,29.0,29
Standard,49,7469,9.0,9
Standard,49,7480,11.0,11
Standard,49,7540,60.0,60
Standard,49,7560,20.0,20
Standard,49,7605,45.0,45
Standard,49,7625,20.0,20
Standard,49,7645,20.0,20
Standard,49,7685,40.0,40
Standard,49,7702,17.0,17
Standard,49,7710,8.0,8
Standard,49,7736,26.0,26
Standard,49,7778,42.0,42
Standard,49,7796,18.0,18
Standard,49,7823,27.0,27
Standard,49,7855,32.0,32
Standard,49,7875,20.0,20
Standard,49,7887,12.0,12
Standard,49,7935,48.0,48
Standard,49,7951,16.0,16
Standard,49,7964,13.0,13
Standard,49,8009,45.0,45
Standard,49,8021,12.0,12
Standard,49,8032,11.0,11
Standard,49,8047,15.0,15
Standard,49,8055,8.0,8
Standard,49,8079,24.0,24
Standard,49,8108,29.0,29
Standard,49,8123,15.0,15
Standard,49,8181,58.0,58
Standard,49,8259,78.0,78
Standard,49,8303,44.0,44
Standard,49,8367,64.0,64
Standard,49,8396,29.0,29
Standard,49,8423,27.0,27
Standard,49,8461,38.0,38
Standard,49,8499,38.0,38
Standard,49,8547,48.0,48
Standard,49,8574,27.0,27
Standard,49,8609,35.0,35
Standard,49,8654,45.0,45
Standard,49,8699,45.0,45
Standard,49,8707,8.0,8
Standard,49,8762,55.0,55
Standard,49,8813,51.0,51
Standard,49,8870,57.0,57
Standard,49,8898,28.0,28
Standard,49,8906,8.0,8
Standard,49,8953,47.0,47
Standard,49,8977,24.0,24
Standard,49,9032,55.0,55
Standard,49,9065,33.0,33
Standard,49,9121,56.0,56
Standard,49,9183,62.0,62
Standard,49,9219,36.0,36
Standard,49,9270,51.0,51
Standard,49,9344,74.0,74
Standard,49,9360,16.0,16
Standard,49,9433,73.0,73
Standard,49,9462,29.0,29
Standard,49,9543,81.0,81
Standard,49,9567,24.0,24
Standard,49,9585,18.0,18
Standard,49,9627,42.0,42
Standard,49,9720,93.0,93
Standard,49,9811,91.0,91
Standard,49,9856,45.0,45
Standard,49,9862,6.0,6
Standard,49,9898,36.0,36
Standard,49,9949,51.0,51
Standard,49,9979,30.0,30
Standard,49,10022,43.0,43
Standard,49,10029,7.0,7
Standard,49,10096,67.0,67
Standard,49,10135,39.0,39
Standard,49,10170,35.0,35
Standard,49,10216,46.0,46
Standard,49,10287,71.0,71
Standard,49,10303,16.0,16
Standard,49,10439,136.0,136
Standard,49,10494,55.0,55
Standard,49,10555,61.0,61
Standard,49,10627,72.0,72
Standard,49,10684,57.0,57
Standard,49,10746,62.0,62
Standard,49,10803,57.0,57
Standard,49,10860,57.0,57
Standard,49,10917,57.0,57
Standard,49,10960,43.0,43
Standard,49,11016,56.0,56
Standard,49,11080,64.0,64
Standard,49,11161,81.0,81
Standard,49,11174,13.0,13
Standard,49,11262,88.0,88
Standard,49,11367,105.0,105
Standard,49,11421,54.0,54
Standard,49,11493,72.0,72
Standard,49,11581,88.0,88
Standard,49,11645,64.0,64
Standard,49,11697,52.0,52
Standard,49,11767,70.0,70
Standard,49,11889,122.0,122
Standard,49,11972,83.0,83
Standard,49,12043,71.0,71
Standard,49,12105,62.0,62
Standard,49,12157,52.0,52
Standard,49,12231,74.0,74
Standard,49,12243,12.0,12
Standard,49,12312,69.0,69
Standard,49,12335,23.0,23
Standard,49,12404,69.0,69
Standard,49,12412,8.0,8
Standard,49,12468,56.0,56
Standard,49,12518,50.0,50
Standard,49,12565,47.0,47
Standard,49,12674,109.0,109
Standard,49,12732,58.0,58
Standard,49,12831,99.0,99
Standard,49,12975,144.0,144
Standard,49,13033,58.0,58
Standard,49,13086,53.0,53
Standard,49,13135,49.0,49
Standard,49,13208,73.0,73
Standard,49,13252,44.0,44
Standard,49,13321,69.0,69
Standard,49,13369,48.0,48
Standard,49,13448,79.0,79
Standard,49,13574,126.0,126
Standard,49,13646,72.0,72
Standard,49,13769,123.0,123
Standard,49,13831,62.0,62
Standard,49,13906,75.0,75
Standard,49,13962,56.0,56
Standard,49,14080,118.0,118
Standard,49,14172,92.0,92
Standard,49,14245,73.0,73
Standard,49,14336,91.0,91
Standard,49,14428,92.0,92
Standard,49,14593,165.0,165
Standard,49,14712,119.0,119
Standard,49,14795,83.0,83
Standard,49,14808,13.0,13
Standard,49,14885,77.0,77
Standard,49,14981,96.0,96
Standard,49,15065,84.0,84
Standard,49,15120,55.0,55
Standard,49,15167,47.0,47
Standard,49,15188,21.0,21
Standard,49,15275,87.0,87
Standard,49,15376,101.0,101
Standard,49,15464,88.0,88
Standard,49,15483,19.0,19
Standard,49,15647,164.0,164
Standard,49,15662,15.0,15
Standard,49,15727,65.0,65
Standard,49,15775,48.0,48
Standard,49,15790,15.0,15
Standard,49,15888,98.0,98
Standard,49,16011,123.0,123
Standard,49,16024,13.0,13
Standard,49,16152,128.0,128
Standard,49,16305,153.0,153
Standard,49,16391,86.0,86
Standard,49,16544,153.0,153
Standard,49,16651,107.0,107
Standard,49,16743,92.0,92
Standard,49,16905,162.0,162
Standard,49,17033,128.0,128
Standard,49,17143,110.0,110
Standard,49,17275,132.0,132
Standard,49,17357,82.0,82
Standard,49,17568,211.0,211
Standard,49,17678,110.0,110
Standard,49,17903,225.0,225
Standard,49,17978,75.0,75
Standard,49,18084,106.0,106
Standard,49,18293,209.0,209
Standard,49,18444,151.0,151
Standard,49,18676,232.0,232
Standard,49,18922,246.0,246
Standard,49,19163,241.0,241
Standard,49,19184,21.0,21
Standard,49,19733,549.0,549
Standard,49,19871,138.0,138
Standard,49,20040,169.0,169
Standard,49,20261,221.0,221
Standard,49,20350,89.0,89
Standard,49,20414,64.0,64
Standard,49,20567,153.0,153
Standard,49,20786,219.0,219
Standard,49,21229,443.0,443
Standard,49,21591,362.0,362
Standard,49,21825,234.0,234
Standard,49,22825,1000.0,1000
Standard,49,23516,691.0,691
Standard,49,23803,287.0,287
Standard,49,24070,267.0,267
Standard,49,24537,467.0,467
Standard,49,25537,1000.0,1000
Standard,49,26537,1000.0,1000
Standard,49,26701,164.0,164
Standard,49,27701,1000.0,1000
Standard,49,28701,1000.0,1000
Standard,49,29701,1000.0,1000
Standard,49,30701,1000.0,1000
Standard,49,31701,1000.0,1000
Standard,49,32701,1000.0,1000
Standard,49,32921,220.0,220
Standard,49,33921,1000.0,1000
Standard,49,34921,1000.0,1000
Standard,49,35921,1000.0,1000
Standard,49,36921,1000.0,1000
Standard,49,37921,1000.0,1000
Standard,49,38921,1000.0,1000
Standard,49,39921,1000.0,1000
Standard,49,40886,965.0,965
Standard,49,41886,1000.0,1000
Standard,49,42424,538.0,538
Standard,49,43424,1000.0,1000
Standard,49,44424,1000.0,1000
Standard,49,45424,1000.0,1000
Standard,49,46424,1000.0,1000
Standard,49,47424,1000.0,1000
Standard,49,48424,1000.0,1000
Standard,49,48511,87.0,87
Standard,49,49511,1000.0,1000
Standard,49,50511,1000.0,1000
Standard,49,51511,1000.0,1000
Standard,49,52511,1000.0,1000
Standard,49,53511,1000.0,1000
Standard,49,54511,1000.0,1000
Standard,49,55511,1000.0,1000
Standard,49,56511,1000.0,1000
Standard,49,57511,1000.0,1000
Standard,49,58511,1000.0,1000
Standard,49,59511,1000.0,1000
Standard,49,60511,1000.0,1000
Standard,49,61511,1000.0,1000
Standard,49,62511,1000.0,1000
Standard,49,63511,1000.0,1000
Standard,49,64511,1000.0,1000
Standard,49,65511,1000.0,1000
Standard,49,66511,1000.0,1000
Standard,49,67511,1000.0,1000
Standard,49,68511,1000.0,1000
Standard,49,69511,1000.0,1000
Standard,49,70511,1000.0,1000
Standard,49,71511,1000.0,1000
Standard,49,72511,1000.0,1000
Standard,49,73511,1000.0,1000
Standard,49,74511,1000.0,1000
Standard,49,75511,1000.0,1000
Standard,49,76511,1000.0,1000
Standard,49,77511,1000.0,1000
Standard,49,78511,1000.0,1000
Standard,49,79511,1000.0,1000
Standard,49,80511,1000.0,1000
Standard,49,81511,1000.0,1000
Standard,49,82511,1000.0,1000
Standard,49,83511,1000.0,1000
Standard,49,84511,1000.0,1000
Standard,49,85511,1000.0,1000
Standard,49,86511,1000.0,1000
Standard,49,87511,1000.0,1000
Standard,49,88511,1000.0,1000
Standard,49,89511,1000.0,1000
Standard,49,90511,1000.0,1000
Standard,49,91511,1000.0,1000
Standard,49,92511,1000.0,1000
Standard,49,93511,1000.0,1000
Standard,49,94511,1000.0,1000
Standard,49,95511,1000.0,1000
Standard,49,96511,1000.0,1000
Standard,49,97511,1000.0,1000
Standard,49,98511,1000.0,1000
Standard,49,99511,1000.0,1000
Standard,50,12,12.0,12
Standard,50,32,20.0,20
Standard,50,43,11.0,11
Standard,50,47,4.0,4
Standard,50,54,7.0,7
Standard,50,59,5.0,5
Standard,50,65,6.0,6
Standard,50,73,8.0,8
Standard,50,93,20.0,20
Standard,50,100,7.0,7
Standard,50,110,10.0,10
Standard,50,123,13.0,13
Standard,50,133,10.0,10
Standard,50,138,5.0,5
Standard,50,142,4.0,4
Standard,50,148,6.0,6
Standard,50,155,7.0,7
Standard,50,162,7.0,7
Standard,50,169,7.0,7
Standard,50,181,12.0,12
Standard,50,197,16.0,16
Standard,50,202,5.0,5
Standard,50,206,4.0,4
Standard,50,214,8.0,8
Standard,50,223,9.0,9
Standard,50,233,10.0,10
Standard,50,237,4.0,4
Standard,50,244,7.0,7
Standard,50,250,6.0,6
Standard,50,262,12.0,12
Standard,50,281,19.0,19
Standard,50,292,11.0,11
Standard,50,296,4.0,4
Standard,50,300,4.0,4
Standard,50,311,11.0,11
Standard,50,316,5.0,5
Standard,50,329,13.0,13
Standard,50,332,3.0,3
Standard,50,338,6.0,6
Standard,50,343,5.0,5
Standard,50,358,15.0,15
Standard,50,368,10.0,10
Standard,50,373,5.0,5
Standard,50,394,21.0,21
Standard,50,399,5.0,5
Standard,50,414,15.0,15
Standard,50,418,4.0,4
Standard,50,434,16.0,16
Standard,50,438,4.0,4
Standard,50,449,11.0,11
Standard,50,458,9.0,9
Standard,50,466,8.0,8
Standard,50,470,4.0,4
Standard,50,476,6.0,6
Standard,50,487,11.0,11
Standard,50,495,8.0,8
Standard,50,499,4.0,4
Standard,50,509,10.0,10
Standard,50,518,9.0,9
Standard,50,527,9.0,9
Standard,50,532,5.0,5
Standard,50,547,15.0,15
Standard,50,554,7.0,7
Standard,50,559,5.0,5
Standard,50,568,9.0,9
Standard,50,581,13.0,13
Standard,50,591,10.0,10
Standard,50,597,6.0,6
Standard,50,610,13.0,13
Standard,50,616,6.0,6
Standard,50,624,8.0,8
Standard,50,632,8.0,8
Standard,50,645,13.0,13
Standard,50,651,6.0,6
Standard,50,657,6.0,6
Standard,50,666,9.0,9
Standard,50,673,7.0,7
Standard,50,685,12.0,12
Standard,50,694,9.0,9
Standard,50,700,6.0,6
Standard,50,704,4.0,4
Standard,50,708,4.0,4
Standard,50,716,8.0,8
Standard,50,729,13.0,13
Standard,50,735,6.0,6
Standard,50,741,6.0,6
Standard,50,753,12.0,12
Standard,50,763,10.0,10
Standard,50,768,5.0,5
Standard,50,776,8.0,8
Standard,50,780,4.0,4
Standard,50,787,7.0,7
Standard,50,804,17.0,17
Standard,50,812,8.0,8
Standard,50,820,8.0,8
Standard,50,824,4.0,4
Standard,50,832,8.0,8
Standard,50,845,13.0,13
Standard,50,850,5.0,5
Standard,50,855,5.0,5
Standard,50,872,17.0,17
Standard,50,885,13.0,13
Standard,50,890,5.0,5
Standard,50,902,12.0,12
Standard,50,908,6.0,6
Standard,50,918,10.0,10
Standard,50,924,6.0,6
Standard,50,928,4.0,4
Standard,50,934,6.0,6
Standard,50,939,5.0,5
Standard,50,958,19.0,19
Standard,50,974,16.0,16
Standard,50,981,7.0,7
Standard,50,987,6.0,6
Standard,50,990,3.0,3
Standard,50,1000,10.0,10
Standard,50,1007,7.0,7
Standard,50,1014,7.0,7
Standard,50,1019,5.0,5
Standard,50,1026,7.0,7
Standard,50,1030,4.0,4
Standard,50,1036,6.0,6
Standard,50,1041,5.0,5
Standard,50,1049,8.0,8
Standard,50,1064,15.0,15
Standard,50,1069,5.0,5
Standard,50,1073,4.0,4
Standard,50,1086,13.0,13
Standard,50,1096,10.0,10
Standard,50,1112,16.0,16
Standard,50,1118,6.0,6
Standard,50,1137,19.0,19
Standard,50,1149,12.0,12
Standard,50,1153,4.0,4
Standard,50,1164,11.0,11
Standard,50,1171,7.0,7
Standard,50,1179,8.0,8
Standard,50,1185,6.0,6
Standard,50,1191,6.0,6
Standard,50,1203,12.0,12
Standard,50,1212,9.0,9
Standard,50,1216,4.0,4
Standard,50,1225,9.0,9
Standard,50,1230,5.0,5
Standard,50,1236,6.0,6
Standard,50,1254,18.0,18
Standard,50,1274,20.0,20
Standard,50,1278,4.0,4
Standard,50,1289,11.0,11
Standard,50,1293,4.0,4
Standard,50,1303,10.0,10
Standard,50,1311,8.0,8
Standard,50,1322,11.0,11
Standard,50,1340,18.0,18
Standard,50,1344,4.0,4
Standard,50,1357,13.0,13
Standard,50,1361,4.0,4
Standard,50,1366,5.0,5
Standard,50,1372,6.0,6
Standard,50,1378,6.0,6
Standard,50,1382,4.0,4
Standard,50,1393,11.0,11
Standard,50,1408,15.0,15
Standard,50,1412,4.0,4
Standard,50,1417,5.0,5
Standard,50,1422,5.0,5
Standard,50,1432,10.0,10
Standard,50,1443,11.0,11
Standard,50,1459,16.0,16
Standard,50,1464,5.0,5
Standard,50,1471,7.0,7
Standard,50,1482,11.0,11
Standard,50,1493,11.0,11
Standard,50,1498,5.0,5
Standard,50,1503,5.0,5
Standard,50,1516,13.0,13
Standard,50,1522,6.0,6
Standard,50,1535,13.0,13
Standard,50,1554,19.0,19
Standard,50,1576,22.0,22
Standard,50,1584,8.0,8
Standard,50,1591,7.0,7
Standard,50,1597,6.0,6
Standard,50,1603,6.0,6
Standard,50,1616,13.0,13
Standard,50,1637,21.0,21
Standard,50,1646,9.0,9
Standard,50,1661,15.0,15
Standard,50,1677,16.0,16
Standard,50,1682,5.0,5
Standard,50,1692,10.0,10
Standard,50,1700,8.0,8
Standard,50,1709,9.0,9
Standard,50,1716,7.0,7
Standard,50,1725,9.0,9
Standard,50,1731,6.0,6
Standard,50,1743,12.0,12
Standard,50,1749,6.0,6
Standard,50,1755,6.0,6
Standard,50,1769,14.0,14
Standard,50,1775,6.0,6
Standard,50,1784,9.0,9
Standard,50,1790,6.0,6
Standard,50,1798,8.0,8
Standard,50,1812,14.0,14
Standard,50,1820,8.0,8
Standard,50,1828,8.0,8
Standard,50,1838,10.0,10
Standard,50,1850,12.0,12
Standard,50,1856,6.0,6
Standard,50,1862,6.0,6
Standard,50,1872,10.0,10
Standard,50,1879,7.0,7
Standard,50,1883,4.0,4
Standard,50,1904,21.0,21
Standard,50,1915,11.0,11
Standard,50,1921,6.0,6
Standard,50,1932,11.0,11
Standard,50,1939,7.0,7
Standard,50,1943,4.0,4
Standard,50,1951,8.0,8
Standard,50,1961,10.0,10
Standard,50,1967,6.0,6
Standard,50,1977,10.0,10
Standard,50,1983,6.0,6
Standard,50,1988,5.0,5
Standard,50,2000,12.0,12
Standard,50,2005,5.0,5
Standard,50,2015,10.0,10
Standard,50,2034,19.0,19
Standard,50,2043,9.0,9
Standard,50,2056,13.0,13
Standard,50,2066,10.0,10
Standard,50,2087,21.0,21
Standard,50,2099,12.0,12
Standard,50,2120,21.0,21
Standard,50,2126,6.0,6
Standard,50,2140,14.0,14
Standard,50,2148,8.0,8
Standard,50,2174,26.0,26
Standard,50,2192,18.0,18
Standard,50,2197,5.0,5
Standard,50,2210,13.0,13
Standard,50,2218,8.0,8
Standard,50,2227,9.0,9
Standard,50,2237,10.0,10
Standard,50,2266,29.0,29
Standard,50,2291,25.0,25
Standard,50,2300,9.0,9
Standard,50,2310,10.0,10
Standard,50,2327,17.0,17
Standard,50,2342,15.0,15
Standard,50,2348,6.0,6
Standard,50,2354,6.0,6
Standard,50,2363,9.0,9
Standard,50,2383,20.0,20
Standard,50,2395,12.0,12
Standard,50,2404,9.0,9
Standard,50,2411,7.0,7
Standard,50,2421,10.0,10
Standard,50,2446,25.0,25
Standard,50,2460,14.0,14
Standard,50,2468,8.0,8
Standard,50,2475,7.0,7
Standard,50,2480,5.0,5
Standard,50,2497,17.0,17
Standard,50,2509,12.0,12
Standard,50,2521,12.0,12
Standard,50,2537,16.0,16
Standard,50,2563,26.0,26
Standard,50,2575,12.0,12
Standard,50,2581,6.0,6
Standard,50,2587,6.0,6
Standard,50,2596,9.0,9
Standard,50,2603,7.0,7
Standard,50,2624,21.0,21
Standard,50,2643,19.0,19
Standard,50,2648,5.0,5
Standard,50,2653,5.0,5
Standard,50,2659,6.0,6
Standard,50,2678,19.0,19
Standard,50,2685,7.0,7
Standard,50,2691,6.0,6
Standard,50,2703,12.0,12
Standard,50,2713,10.0,10
Standard,50,2760,47.0,47
Standard,50,2786,26.0,26
Standard,50,2795,9.0,9
Standard,50,2799,4.0,4
Standard,50,2806,7.0,7
Standard,50,2822,16.0,16
Standard,50,2829,7.0,7
Standard,50,2837,8.0,8
Standard,50,2846,9.0,9
Standard,50,2861,15.0,15
Standard,50,2866,5.0,5
Standard,50,2883,17.0,17
Standard,50,2889,6.0,6
Standard,50,2899,10.0,10
Standard,50,2918,19.0,19
Standard,50,2924,6.0,6
Standard,50,2934,10.0,10
Standard,50,2941,7.0,7
Standard,50,2958,17.0,17
Standard,50,2964,6.0,6
Standard,50,2990,26.0,26
Standard,50,3000,10.0,10
Standard,50,3004,4.0,4
Standard,50,3008,4.0,4
Standard,50,3016,8.0,8
Standard,50,3025,9.0,9
Standard,50,3037,12.0,12
Standard,50,3043,6.0,6
Standard,50,3049,6.0,6
Standard,50,3065,16.0,16
Standard,50,3082,17.0,17
Standard,50,3101,19.0,19
Standard,50,3109,8.0,8
Standard,50,3119,10.0,10
Standard,50,3128,9.0,9
Standard,50,3134,6.0,6
Standard,50,3141,7.0,7
Standard,50,3154,13.0,13
Standard,50,3168,14.0,14
Standard,50,3185,17.0,17
Standard,50,3193,8.0,8
Standard,50,3206,13.0,13
Standard,50,3219,13.0,13
Standard,50,3242,23.0,23
Standard,50,3252,10.0,10
Standard,50,3259,7.0,7
Standard,50,3265,6.0,6
Standard,50,3283,18.0,18
Standard,50,3299,16.0,16
Standard,50,3324,25.0,25
Standard,50,3333,9.0,9
Standard,50,3363,30.0,30
Standard,50,3375,12.0,12
Standard,50,3381,6.0,6
Standard,50,3386,5.0,5
Standard,50,3392,6.0,6
Standard,50,3401,9.0,9
Standard,50,3411,10.0,10
Standard,50,3438,27.0,27
Standard,50,3443,5.0,5
Standard,50,3450,7.0,7
Standard,50,3472,22.0,22
Standard,50,3476,4.0,4
Standard,50,3487,11.0,11
Standard,50,3491,4.0,4
Standard,50,3507,16.0,16
Standard,50,3513,6.0,6
Standard,50,3522,9.0,9
Standard,50,3529,7.0,7
Standard,50,3541,12.0,12
Standard,50,3547,6.0,6
Standard,50,3558,11.0,11
Standard,50,3581,23.0,23
Standard,50,3588,7.0,7
Standard,50,3596,8.0,8
Standard,50,3613,17.0,17
Standard,50,3620,7.0,7
Standard,50,3628,8.0,8
Standard,50,3645,17.0,17
Standard,50,3670,25.0,25
Standard,50,3676,6.0,6
Standard,50,3695,19.0,19
Standard,50,3707,12.0,12
Standard,50,3724,17.0,17
Standard,50,3736,12.0,12
Standard,50,3746,10.0,10
Standard,50,3751,5.0,5
Standard,50,3776,25.0,25
Standard,50,3811,35.0,35
Standard,50,3818,7.0,7
Standard,50,3835,17.0,17
Standard,50,3842,7.0,7
Standard,50,3876,34.0,34
Standard,50,3887,11.0,11
Standard,50,3893,6.0,6
Standard,50,3913,20.0,20
Standard,50,3923,10.0,10
Standard,50,3954,31.0,31
Standard,50,3967,13.0,13
Standard,50,3979,12.0,12
Standard,50,4009,30.0,30
Standard,50,4028,19.0,19
Standard,50,4032,4.0,4
Standard,50,4041,9.0,9
Standard,50,4045,4.0,4
Standard,50,4052,7.0,7
Standard,50,4077,25.0,25
Standard,50,4098,21.0,21
Standard,50,4103,5.0,5
Standard,50,4110,7.0,7
Standard,50,4119,9.0,9
Standard,50,4126,7.0,7
Standard,50,4132,6.0,6
Standard,50,4137,5.0,5
Standard,50,4147,10.0,10
Standard,50,4167,20.0,20
Standard,50,4178,11.0,11
Standard,50,4185,7.0,7
Standard,50,4197,12.0,12
Standard,50,4222,25.0,25
Standard,50,4228,6.0,6
Standard,50,4239,11.0,11
Standard,50,4261,22.0,22
Standard,50,4268,7.0,7
Standard,50,4281,13.0,13
Standard,50,4299,18.0,18
Standard,50,4330,31.0,31
Standard,50,4336,6.0,6
Standard,50,4347,11.0,11
Standard,50,4353,6.0,6
Standard,50,4371,18.0,18
Standard,50,4380,9.0,9
Standard,50,4436,56.0,56
Standard,50,4445,9.0,9
Standard,50,4460,15.0,15
Standard,50,4466,6.0,6
Standard,50,4474,8.0,8
Standard,50,4521,47.0,47
Standard,50,4531,10.0,10
Standard,50,4545,14.0,14
Standard,50,4559,14.0,14
Standard,50,4565,6.0,6
Standard,50,4593,28.0,28
Standard,50,4606,13.0,13
Standard,50,4630,24.0,24
Standard,50,4636,6.0,6
Standard,50,4655,19.0,19
Standard,50,4662,7.0,7
Standard,50,4679,17.0,17
Standard,50,4693,14.0,14
Standard,50,4699,6.0,6
Standard,50,4733,34.0,34
Standard,50,4738,5.0,5
Standard,50,4750,12.0,12
Standard,50,4794,44.0,44
Standard,50,4799,5.0,5
Standard,50,4804,5.0,5
Standard,50,4817,13.0,13
Standard,50,4834,17.0,17
Standard,50,4846,12.0,12
Standard,50,4852,6.0,6
Standard,50,4861,9.0,9
Standard,50,4895,34.0,34
Standard,50,4909,14.0,14
Standard,50,4915,6.0,6
Standard,50,4944,29.0,29
Standard,50,4955,11.0,11
Standard,50,4961,6.0,6
Standard,50,4970,9.0,9
Standard,50,5011,41.0,41
Standard,50,5016,5.0,5
Standard,50,5032,16.0,16
Standard,50,5061,29.0,29
Standard,50,5074,13.0,13
Standard,50,5095,21.0,21
Standard,50,5112,17.0,17
Standard,50,5129,17.0,17
Standard,50,5154,25.0,25
Standard,50,5182,28.0,28
Standard,50,5190,8.0,8
Standard,50,5219,29.0,29
Standard,50,5223,4.0,4
Standard,50,5232,9.0,9
Standard,50,5242,10.0,10
Standard,50,5257,15.0,15
Standard,50,5267,10.0,10
Standard,50,5291,24.0,24
Standard,50,5307,16.0,16
Standard,50,5320,13.0,13
Standard,50,5345,25.0,25
Standard,50,5354,9.0,9
Standard,50,5367,13.0,13
Standard,50,5386,19.0,19
Standard,50,5392,6.0,6
Standard,50,5404,12.0,12
Standard,50,5414,10.0,10
Standard,50,5422,8.0,8
Standard,50,5442,20.0,20
Standard,50,5491,49.0,49
Standard,50,5495,4.0,4
Standard,50,5530,35.0,35
Standard,50,5550,20.0,20
Standard,50,5581,31.0,31
Standard,50,5589,8.0,8
Standard,50,5615,26.0,26
Standard,50,5620,5.0,5
Standard,50,5626,6.0,6
Standard,50,5643,17.0,17
Standard,50,5654,11.0,11
Standard,50,5664,10.0,10
Standard,50,5688,24.0,24
Standard,50,5713,25.0,25
Standard,50,5737,24.0,24
Standard,50,5767,30.0,30
Standard,50,5807,40.0,40
Standard,50,5816,9.0,9
Standard,50,5823,7.0,7
Standard,50,5847,24.0,24
Standard,50,5883,36.0,36
Standard,50,5894,11.0,11
Standard,50,5908,14.0,14
Standard,50,5919,11.0,11
Standard,50,5928,9.0,9
Standard,50,5938,10.0,10
Standard,50,5947,9.0,9
Standard,50,5994,47.0,47
Standard,50,6001,7.0,7
Standard,50,6013,12.0,12
Standard,50,6018,5.0,5
Standard,50,6043,25.0,25
Standard,50,6055,12.0,12
Standard,50,6060,5.0,5
Standard,50,6071,11.0,11
Standard,50,6118,47.0,47
Standard,50,6172,54.0,54
Standard,50,6228,56.0,56
Standard,50,6252,24.0,24
Standard,50,6278,26.0,26
Standard,50,6303,25.0,25
Standard,50,6308,5.0,5
Standard,50,6343,35.0,35
Standard,50,6354,11.0,11
Standard,50,6391,37.0,37
Standard,50,6418,27.0,27
Standard,50,6480,62.0,62
Standard,50,6488,8.0,8
Standard,50,6496,8.0,8
Standard,50,6503,7.0,7
Standard,50,6516,13.0,13
Standard,50,6531,15.0,15
Standard,50,6550,19.0,19
Standard,50,6556,6.0,6
Standard,50,6566,10.0,10
Standard,50,6573,7.0,7
Standard,50,6609,36.0,36
Standard,50,6615,6.0,6
Standard,50,6625,10.0,10
Standard,50,6654,29.0,29
Standard,50,6744,90.0,90
Standard,50,6765,21.0,21
Standard,50,6799,34.0,34
Standard,50,6830,31.0,31
Standard,50,6851,21.0,21
Standard,50,6868,17.0,17
Standard,50,6875,7.0,7
Standard,50,6904,29.0,29
Standard,50,6942,38.0,38
Standard,50,6955,13.0,13
Standard,50,6968,13.0,13
Standard,50,6990,22.0,22
Standard,50,7000,10.0,10
Standard,50,7045,45.0,45
Standard,50,7076,31.0,31
Standard,50,7092,16.0,16
Standard,50,7120,28.0,28
Standard,50,7154,34.0,34
Standard,50,7189,35.0,35
Standard,50,7236,47.0,47
Standard,50,7245,9.0,9
Standard,50,7256,11.0,11
Standard,50,7285,29.0,29
Standard,50,7293,8.0,8
Standard,50,7314,21.0,21
Standard,50,7327,13.0,13
Standard,50,7338,11.0,11
Standard,50,7356,18.0,18
Standard,50,7365,9.0,9
Standard,50,7374,9.0,9
Standard,50,7391,17.0,17
Standard,50,7425,34.0,34
Standard,50,7461,36.0,36
Standard,50,7476,15.0,15
Standard,50,7501,25.0,25
Standard,50,7518,17.0,17
Standard,50,7528,10.0,10
Standard,50,7546,18.0,18
Standard,50,7551,5.0,5
Standard,50,7559,8.0,8
Standard,50,7595,36.0,36
Standard,50,7619,24.0,24
Standard,50,7626,7.0,7
Standard,50,7634,8.0,8
Standard,50,7681,47.0,47
Standard,50,7696,15.0,15
Standard,50,7713,17.0,17
Standard,50,7739,26.0,26
Standard,50,7756,17.0,17
Standard,50,7770,14.0,14
Standard,50,7776,6.0,6
Standard,50,7800,24.0,24
Standard,50,7827,27.0,27
Standard,50,7868,41.0,41
Standard,50,7903,35.0,35
Standard,50,7915,12.0,12
Standard,50,7928,13.0,13
Standard,50,7983,55.0,55
Standard,50,8004,21.0,21
Standard,50,8018,14.0,14
Standard,50,8025,7.0,7
Standard,50,8038,13.0,13
Standard,50,8048,10.0,10
Standard,50,8112,64.0,64
Standard,50,8125,13.0,13
Standard,50,8175,50.0,50
Standard,50,8216,41.0,41
Standard,50,8230,14.0,14
Standard,50,8249,19.0,19
Standard,50,8273,24.0,24
Standard,50,8279,6.0,6
Standard,50,8327,48.0,48
Standard,50,8360,33.0,33
Standard,50,8371,11.0,11
Standard,50,8407,36.0,36
Standard,50,8420,13.0,13
Standard,50,8476,56.0,56
Standard,50,8501,25.0,25
Standard,50,8547,46.0,46
Standard,50,8591,44.0,44
Standard,50,8629,38.0,38
Standard,50,8659,30.0,30
Standard,50,8697,38.0,38
Standard,50,8721,24.0,24
Standard,50,8770,49.0,49
Standard,50,8786,16.0,16
Standard,50,8835,49.0,49
Standard,50,8871,36.0,36
Standard,50,8893,22.0,22
Standard,50,8902,9.0,9
Standard,50,8928,26.0,26
Standard,50,8975,47.0,47
Standard,50,9002,27.0,27
Standard,50,9052,50.0,50
Standard,50,9070,18.0,18
Standard,50,9076,6.0,6
Standard,50,9116,40.0,40
Standard,50,9159,43.0,43
Standard,50,9168,9.0,9
Standard,50,9205,37.0,37
Standard,50,9223,18.0,18
Standard,50,9246,23.0,23
Standard,50,9253,7.0,7
Standard,50,9310,57.0,57
Standard,50,9416,106.0,106
Standard,50,9422,6.0,6
Standard,50,9447,25.0,25
Standard,50,9460,13.0,13
Standard,50,9478,18.0,18
Standard,50,9527,49.0,49
Standard,50,9584,57.0,57
Standard,50,9607,23.0,23
Standard,50,9648,41.0,41
Standard,50,9670,22.0,22
Standard,50,9726,56.0,56
Standard,50,9781,55.0,55
Standard,50,9796,15.0,15
Standard,50,9810,14.0,14
Standard,50,9817,7.0,7
Standard,50,9863,46.0,46
Standard,50,9905,42.0,42
Standard,50,9962,57.0,57
Standard,50,9986,24.0,24
Standard,50,10078,92.0,92
Standard,50,10106,28.0,28
Standard,50,10146,40.0,40
Standard,50,10197,51.0,51
Standard,50,10224,27.0,27
Standard,50,10241,17.0,17
Standard,50,10291,50.0,50
Standard,50,10305,14.0,14
Standard,50,10317,12.0,12
Standard,50,10357,40.0,40
Standard,50,10435,78.0,78
Standard,50,10496,61.0,61
Standard,50,10516,20.0,20
Standard,50,10554,38.0,38
Standard,50,10663,109.0,109
Standard,50,10704,41.0,41
Standard,50,10733,29.0,29
Standard,50,10780,47.0,47
Standard,50,10858,78.0,78
Standard,50,10919,61.0,61
Standard,50,10989,70.0,70
Standard,50,11076,87.0,87
Standard,50,11125,49.0,49
Standard,50,11225,100.0,100
Standard,50,11294,69.0,69
Standard,50,11307,13.0,13
Standard,50,11374,67.0,67
Standard,50,11478,104.0,104
Standard,50,11572,94.0,94
Standard,50,11616,44.0,44
Standard,50,11712,96.0,96
Standard,50,11767,55.0,55
Standard,50,11785,18.0,18
Standard,50,11810,25.0,25
Standard,50,11855,45.0,45
Standard,50,11860,5.0,5
Standard,50,11904,44.0,44
Standard,50,11909,5.0,5
Standard,50,11916,7.0,7
Standard,50,11974,58.0,58
Standard,50,12011,37.0,37
Standard,50,12092,81.0,81
Standard,50,12120,28.0,28
Standard,50,12166,46.0,46
Standard,50,12227,61.0,61
Standard,50,12287,60.0,60
Standard,50,12352,65.0,65
Standard,50,12397,45.0,45
Standard,50,12501,104.0,104
Standard,50,12557,56.0,56
Standard,50,12613,56.0,56
Standard,50,12708,95.0,95
Standard,50,12783,75.0,75
Standard,50,12843,60.0,60
Standard,50,12938,95.0,95
Standard,50,13013,75.0,75
Standard,50,13061,48.0,48
Standard,50,13154,93.0,93
Standard,50,13324,170.0,170
Standard,50,13406,82.0,82
Standard,50,13433,27.0,27
Standard,50,13453,20.0,20
Standard,50,13462,9.0,9
Standard,50,13592,130.0,130
Standard,50,13654,62.0,62
Standard,50,13723,69.0,69
Standard,50,13775,52.0,52
Standard,50,13836,61.0,61
Standard,50,13946,110.0,110
Standard,50,13959,13.0,13
Standard,50,14035,76.0,76
Standard,50,14061,26.0,26
Standard,50,14115,54.0,54
Standard,50,14225,110.0,110
Standard,50,14253,28.0,28
Standard,50,14323,70.0,70
Standard,50,14364,41.0,41
Standard,50,14427,63.0,63
Standard,50,14505,78.0,78
Standard,50,14582,77.0,77
Standard,50,14634,52.0,52
Standard,50,14727,93.0,93
Standard,50,14887,160.0,160
Standard,50,14942,55.0,55
Standard,50,15019,77.0,77
Standard,50,15044,25.0,25
Standard,50,15108,64.0,64
Standard,50,15241,133.0,133
Standard,50,15391,150.0,150
Standard,50,15461,70.0,70
Standard,50,15594,133.0,133
Standard,50,15673,79.0,79
Standard,50,15764,91.0,91
Standard,50,15844,80.0,80
Standard,50,15946,102.0,102
Standard,50,16041,95.0,95
Standard,50,16123,82.0,82
Standard,50,16183,60.0,60
Standard,50,16265,82.0,82
Standard,50,16357,92.0,92
Standard,50,16447,90.0,90
Standard,50,16509,62.0,62
Standard,50,16643,134.0,134
Standard,50,16713,70.0,70
Standard,50,16806,93.0,93
Standard,50,16899,93.0,93
Standard,50,16959,60.0,60
Standard,50,17099,140.0,140
Standard,50,17235,136.0,136
Standard,50,17388,153.0,153
Standard,50,17509,121.0,121
Standard,50,17635,126.0,126
Standard,50,17748,113.0,113
Standard,50,17913,165.0,165
Standard,50,18085,172.0,172
Standard,50,18173,88.0,88
Standard,50,18242,69.0,69
Standard,50,18308,66.0,66
Standard,50,18421,113.0,113
Standard,50,18525,104.0,104
Standard,50,18638,113.0,113
Standard,50,18733,95.0,95
Standard,50,18804,71.0,71
Standard,50,19048,244.0,244
Standard,50,19174,126.0,126
Standard,50,19316,142.0,142
Standard,50,19404,88.0,88
Standard,50,19617,213.0,213
Standard,50,19695,78.0,78
Standard,50,19785,90.0,90
Standard,50,19900,115.0,115
Standard,50,19940,40.0,40
Standard,50,19966,26.0,26
Standard,50,20165,199.0,199
Standard,50,20369,204.0,204
Standard,50,20538,169.0,169
Standard,50,20763,225.0,225
Standard,50,20994,231.0,231
Standard,50,21123,129.0,129
Standard,50,21424,301.0,301
Standard,50,21634,210.0,210
Standard,50,21808,174.0,174
Standard,50,21887,79.0,79
Standard,50,22150,263.0,263
Standard,50,22496,346.0,346
Standard,50,22776,280.0,280
Standard,50,23494,718.0,718
Standard,50,23694,200.0,200
Standard,50,24166,472.0,472
Standard,50,25166,1000.0,1000
Standard,50,26166,1000.0,1000
Standard,50,27166,1000.0,1000
Standard,50,27983,817.0,817
Standard,50,28983,1000.0,1000
Standard,50,29983,1000.0,1000
Standard,50,30983,1000.0,1000
Standard,50,31983,1000.0,1000
Standard,50,32983,1000.0,1000
Standard,50,33743,760.0,760
Standard,50,33844,101.0,101
Standard,50,34033,189.0,189
Standard,50,34439,406.0,406
Standard,50,34484,45.0,45
Standard,50,35484,1000.0,1000
Standard,50,36484,1000.0,1000
Standard,50,36963,479.0,479
Standard,50,37963,1000.0,1000
Standard,50,38482,519.0,519
Standard,50,39482,1000.0,1000
Standard,50,40482,1000.0,1000
Standard,50,41482,1000.0,1000
Standard,50,42027,545.0,545
Standard,50,43027,1000.0,1000
Standard,50,44027,1000.0,1000
Standard,50,45027,1000.0,1000
Standard,50,46027,1000.0,1000
Standard,50,47027,1000.0,1000
Standard,50,48027,1000.0,1000
Standard,50,49027,1000.0,1000
Standard,50,50027,1000.0,1000
Standard,50,51027,1000.0,1000
Standard,50,52027,1000.0,1000
Standard,50,53027,1000.0,1000
Standard,50,54027,1000.0,1000
Standard,50,55027,1000.0,1000
Standard,50,56027,1000.0,1000
Standard,50,57027,1000.0,1000
Standard,50,58027,1000.0,1000
Standard,50,59027,1000.0,1000
Standard,50,60027,1000.0,1000
Standard,50,61027,1000.0,1000
Standard,50,62027,1000.0,1000
Standard,50,63027,1000.0,1000
Standard,50,64027,1000.0,1000
Standard,50,65027,1000.0,1000
Standard,50,66027,1000.0,1000
Standard,50,67027,1000.0,1000
Standard,50,68027,1000.0,1000
Standard,50,69027,1000.0,1000
Standard,50,70027,1000.0,1000
Standard,50,71027,1000.0,1000
Standard,50,72027,1000.0,1000
Standard,50,73027,1000.0,1000
Standard,50,74027,1000.0,1000
Standard,50,75027,1000.0,1000
Standard,50,76027,1000.0,1000
Standard,50,77027,1000.0,1000
Standard,50,78027,1000.0,1000
Standard,50,79027,1000.0,1000
Standard,50,80027,1000.0,1000
Standard,50,81027,1000.0,1000
Standard,50,82027,1000.0,1000
Standard,50,83027,1000.0,1000
Standard,50,84027,1000.0,1000
Standard,50,85027,1000.0,1000
Standard,50,86027,1000.0,1000
Standard,50,87027,1000.0,1000
Standard,50,88027,1000.0,1000
Standard,50,89027,1000.0,1000
Standard,50,90027,1000.0,1000
Standard,50,91027,1000.0,1000
Standard,50,92027,1000.0,1000
Standard,50,93027,1000.0,1000
Standard,50,94027,1000.0,1000
Standard,50,95027,1000.0,1000
Standard,50,96027,1000.0,1000
Standard,50,97027,1000.0,1000
Standard,50,98027,1000.0,1000
Standard,50,99027,1000.0,1000
Standard,50,100027,1000.0,1000
Standard,51,4,4.0,4
Standard,51,10,6.0,6
Standard,51,21,11.0,11
Standard,51,28,7.0,7
Standard,51,33,5.0,5
Standard,51,39,6.0,6
Standard,51,43,4.0,4
Standard,51,48,5.0,5
Standard,51,52,4.0,4
Standard,51,57,5.0,5
Standard,51,68,11.0,11
Standard,51,81,13.0,13
Standard,51,85,4.0,4
Standard,51,90,5.0,5
Standard,51,101,11.0,11
Standard,51,106,5.0,5
Standard,51,121,15.0,15
Standard,51,134,13.0,13
Standard,51,139,5.0,5
Standard,51,146,7.0,7
Standard,51,149,3.0,3
Standard,51,159,10.0,10
Standard,51,168,9.0,9
Standard,51,176,8.0,8
Standard,51,182,6.0,6
Standard,51,194,12.0,12
Standard,51,211,17.0,17
Standard,51,221,10.0,10
Standard,51,227,6.0,6
Standard,51,235,8.0,8
Standard,51,245,10.0,10
Standard,51,250,5.0,5
Standard,51,261,11.0,11
Standard,51,264,3.0,3
Standard,51,270,6.0,6
Standard,51,278,8.0,8
Standard,51,285,7.0,7
Standard,51,295,10.0,10
Standard,51,302,7.0,7
Standard,51,305,3.0,3
Standard,51,309,4.0,4
Standard,51,315,6.0,6
Standard,51,320,5.0,5
Standard,51,334,14.0,14
Standard,51,344,10.0,10
Standard,51,350,6.0,6
Standard,51,372,22.0,22
Standard,51,379,7.0,7
Standard,51,387,8.0,8
Standard,51,409,22.0,22
Standard,51,413,4.0,4
Standard,51,439,26.0,26
Standard,51,454,15.0,15
Standard,51,458,4.0,4
Standard,51,461,3.0,3
Standard,51,491,30.0,30
Standard,51,502,11.0,11
Standard,51,524,22.0,22
Standard,51,540,16.0,16
Standard,51,548,8.0,8
Standard,51,563,15.0,15
Standard,51,566,3.0,3
Standard,51,571,5.0,5
Standard,51,578,7.0,7
Standard,51,597,19.0,19
Standard,51,606,9.0,9
Standard,51,618,12.0,12
Standard,51,625,7.0,7
Standard,51,631,6.0,6
Standard,51,644,13.0,13
Standard,51,649,5.0,5
Standard,51,659,10.0,10
Standard,51,675,16.0,16
Standard,51,680,5.0,5
Standard,51,684,4.0,4
Standard,51,701,17.0,17
Standard,51,705,4.0,4
Standard,51,712,7.0,7
Standard,51,717,5.0,5
Standard,51,725,8.0,8
Standard,51,730,5.0,5
Standard,51,754,24.0,24
Standard,51,765,11.0,11
Standard,51,769,4.0,4
Standard,51,777,8.0,8
Standard,51,785,8.0,8
Standard,51,797,12.0,12
Standard,51,812,15.0,15
Standard,51,822,10.0,10
Standard,51,833,11.0,11
Standard,51,843,10.0,10
Standard,51,850,7.0,7
Standard,51,861,11.0,11
Standard,51,865,4.0,4
Standard,51,881,16.0,16
Standard,51,889,8.0,8
Standard,51,893,4.0,4
Standard,51,900,7.0,7
Standard,51,905,5.0,5
Standard,51,911,6.0,6
Standard,51,917,6.0,6
Standard,51,923,6.0,6
Standard,51,934,11.0,11
Standard,51,941,7.0,7
Standard,51,945,4.0,4
Standard,51,955,10.0,10
Standard,51,965,10.0,10
Standard,51,993,28.0,28
Standard,51,1002,9.0,9
Standard,51,1009,7.0,7
Standard,51,1014,5.0,5
Standard,51,1019,5.0,5
Standard,51,1028,9.0,9
Standard,51,1033,5.0,5
Standard,51,1041,8.0,8
Standard,51,1057,16.0,16
Standard,51,1065,8.0,8
Standard,51,1069,4.0,4
Standard,51,1073,4.0,4
Standard,51,1081,8.0,8
Standard,51,1087,6.0,6
Standard,51,1098,11.0,11
Standard,51,1121,23.0,23
Standard,51,1127,6.0,6
Standard,51,1138,11.0,11
Standard,51,1146,8.0,8
Standard,51,1154,8.0,8
Standard,51,1162,8.0,8
Standard,51,1168,6.0,6
Standard,51,1171,3.0,3
Standard,51,1180,9.0,9
Standard,51,1191,11.0,11
Standard,51,1202,11.0,11
Standard,51,1222,20.0,20
Standard,51,1234,12.0,12
Standard,51,1247,13.0,13
Standard,51,1296,49.0,49
Standard,51,1308,12.0,12
Standard,51,1313,5.0,5
Standard,51,1321,8.0,8
Standard,51,1326,5.0,5
Standard,51,1334,8.0,8
Standard,51,1350,16.0,16
Standard,51,1359,9.0,9
Standard,51,1369,10.0,10
Standard,51,1382,13.0,13
Standard,51,1387,5.0,5
Standard,51,1392,5.0,5
Standard,51,1397,5.0,5
Standard,51,1400,3.0,3
Standard,51,1406,6.0,6
Standard,51,1412,6.0,6
Standard,51,1417,5.0,5
Standard,51,1422,5.0,5
Standard,51,1427,5.0,5
Standard,51,1431,4.0,4
Standard,51,1436,5.0,5
Standard,51,1458,22.0,22
Standard,51,1472,14.0,14
Standard,51,1477,5.0,5
Standard,51,1490,13.0,13
Standard,51,1508,18.0,18
Standard,51,1512,4.0,4
Standard,51,1520,8.0,8
Standard,51,1531,11.0,11
Standard,51,1539,8.0,8
Standard,51,1543,4.0,4
Standard,51,1549,6.0,6
Standard,51,1558,9.0,9
Standard,51,1567,9.0,9
Standard,51,1576,9.0,9
Standard,51,1586,10.0,10
Standard,51,1590,4.0,4
Standard,51,1593,3.0,3
Standard,51,1597,4.0,4
Standard,51,1601,4.0,4
Standard,51,1612,11.0,11
Standard,51,1618,6.0,6
Standard,51,1623,5.0,5
Standard,51,1635,12.0,12
Standard,51,1641,6.0,6
Standard,51,1647,6.0,6
Standard,51,1654,7.0,7
Standard,51,1659,5.0,5
Standard,51,1666,7.0,7
Standard,51,1674,8.0,8
Standard,51,1678,4.0,4
Standard,51,1682,4.0,4
Standard,51,1687,5.0,5
Standard,51,1693,6.0,6
Standard,51,1698,5.0,5
Standard,51,1706,8.0,8
Standard,51,1711,5.0,5
Standard,51,1718,7.0,7
Standard,51,1724,6.0,6
Standard,51,1728,4.0,4
Standard,51,1739,11.0,11
Standard,51,1752,13.0,13
Standard,51,1756,4.0,4
Standard,51,1768,12.0,12
Standard,51,1773,5.0,5
Standard,51,1786,13.0,13
Standard,51,1793,7.0,7
Standard,51,1801,8.0,8
Standard,51,1806,5.0,5
Standard,51,1811,5.0,5
Standard,51,1816,5.0,5
Standard,51,1822,6.0,6
Standard,51,1828,6.0,6
Standard,51,1833,5.0,5
Standard,51,1839,6.0,6
Standard,51,1845,6.0,6
Standard,51,1851,6.0,6
Standard,51,1857,6.0,6
Standard,51,1861,4.0,4
Standard,51,1865,4.0,4
Standard,51,1878,13.0,13
Standard,51,1885,7.0,7
Standard,51,1890,5.0,5
Standard,51,1895,5.0,5
Standard,51,1899,4.0,4
Standard,51,1908,9.0,9
Standard,51,1922,14.0,14
Standard,51,1929,7.0,7
Standard,51,1933,4.0,4
Standard,51,1938,5.0,5
Standard,51,1942,4.0,4
Standard,51,1948,6.0,6
Standard,51,1954,6.0,6
Standard,51,1959,5.0,5
Standard,51,1964,5.0,5
Standard,51,1971,7.0,7
Standard,51,1978,7.0,7
Standard,51,1986,8.0,8
Standard,51,1999,13.0,13
Standard,51,2003,4.0,4
Standard,51,2010,7.0,7
Standard,51,2016,6.0,6
Standard,51,2033,17.0,17
Standard,51,2038,5.0,5
Standard,51,2043,5.0,5
Standard,51,2049,6.0,6
Standard,51,2059,10.0,10
Standard,51,2071,12.0,12
Standard,51,2089,18.0,18
Standard,51,2094,5.0,5
Standard,51,2108,14.0,14
Standard,51,2117,9.0,9
Standard,51,2139,22.0,22
Standard,51,2144,5.0,5
Standard,51,2151,7.0,7
Standard,51,2175,24.0,24
Standard,51,2188,13.0,13
Standard,51,2193,5.0,5
Standard,51,2200,7.0,7
Standard,51,2228,28.0,28
Standard,51,2233,5.0,5
Standard,51,2238,5.0,5
Standard,51,2266,28.0,28
Standard,51,2282,16.0,16
Standard,51,2287,5.0,5
Standard,51,2298,11.0,11
Standard,51,2321,23.0,23
Standard,51,2338,17.0,17
Standard,51,2342,4.0,4
Standard,51,2349,7.0,7
Standard,51,2362,13.0,13
Standard,51,2373,11.0,11
Standard,51,2379,6.0,6
Standard,51,2389,10.0,10
Standard,51,2394,5.0,5
Standard,51,2402,8.0,8
Standard,51,2407,5.0,5
Standard,51,2424,17.0,17
Standard,51,2447,23.0,23
Standard,51,2455,8.0,8
Standard,51,2459,4.0,4
Standard,51,2470,11.0,11
Standard,51,2479,9.0,9
Standard,51,2496,17.0,17
Standard,51,2500,4.0,4
Standard,51,2510,10.0,10
Standard,51,2525,15.0,15
Standard,51,2530,5.0,5
Standard,51,2536,6.0,6
Standard,51,2546,10.0,10
Standard,51,2553,7.0,7
Standard,51,2570,17.0,17
Standard,51,2578,8.0,8
Standard,51,2583,5.0,5
Standard,51,2593,10.0,10
Standard,51,2609,16.0,16
Standard,51,2622,13.0,13
Standard,51,2633,11.0,11
Standard,51,2637,4.0,4
Standard,51,2645,8.0,8
Standard,51,2652,7.0,7
Standard,51,2659,7.0,7
Standard,51,2667,8.0,8
Standard,51,2675,8.0,8
Standard,51,2689,14.0,14
Standard,51,2715,26.0,26
Standard,51,2718,3.0,3
Standard,51,2730,12.0,12
Standard,51,2743,13.0,13
Standard,51,2749,6.0,6
Standard,51,2759,10.0,10
Standard,51,2783,24.0,24
Standard,51,2802,19.0,19
Standard,51,2811,9.0,9
Standard,51,2823,12.0,12
Standard,51,2829,6.0,6
Standard,51,2836,7.0,7
Standard,51,2843,7.0,7
Standard,51,2849,6.0,6
Standard,51,2878,29.0,29
Standard,51,2903,25.0,25
Standard,51,2913,10.0,10
Standard,51,2930,17.0,17
Standard,51,2935,5.0,5
Standard,51,2942,7.0,7
Standard,51,2947,5.0,5
Standard,51,2959,12.0,12
Standard,51,2963,4.0,4
Standard,51,2983,20.0,20
Standard,51,2992,9.0,9
Standard,51,3015,23.0,23
Standard,51,3038,23.0,23
Standard,51,3049,11.0,11
Standard,51,3057,8.0,8
Standard,51,3061,4.0,4
Standard,51,3074,13.0,13
Standard,51,3079,5.0,5
Standard,51,3106,27.0,27
Standard,51,3115,9.0,9
Standard,51,3123,8.0,8
Standard,51,3133,10.0,10
Standard,51,3138,5.0,5
Standard,51,3160,22.0,22
Standard,51,3167,7.0,7
Standard,51,3177,10.0,10
Standard,51,3194,17.0,17
Standard,51,3200,6.0,6
Standard,51,3205,5.0,5
Standard,51,3212,7.0,7
Standard,51,3220,8.0,8
Standard,51,3227,7.0,7
Standard,51,3235,8.0,8
Standard,51,3242,7.0,7
Standard,51,3248,6.0,6
Standard,51,3267,19.0,19
Standard,51,3304,37.0,37
Standard,51,3311,7.0,7
Standard,51,3322,11.0,11
Standard,51,3337,15.0,15
Standard,51,3343,6.0,6
Standard,51,3353,10.0,10
Standard,51,3360,7.0,7
Standard,51,3363,3.0,3
Standard,51,3371,8.0,8
Standard,51,3384,13.0,13
Standard,51,3393,9.0,9
Standard,51,3398,5.0,5
Standard,51,3415,17.0,17
Standard,51,3429,14.0,14
Standard,51,3446,17.0,17
Standard,51,3455,9.0,9
Standard,51,3461,6.0,6
Standard,51,3472,11.0,11
Standard,51,3487,15.0,15
Standard,51,3491,4.0,4
Standard,51,3497,6.0,6
Standard,51,3508,11.0,11
Standard,51,3513,5.0,5
Standard,51,3520,7.0,7
Standard,51,3529,9.0,9
Standard,51,3534,5.0,5
Standard,51,3540,6.0,6
Standard,51,3545,5.0,5
Standard,51,3565,20.0,20
Standard,51,3577,12.0,12
Standard,51,3583,6.0,6
Standard,51,3599,16.0,16
Standard,51,3609,10.0,10
Standard,51,3624,15.0,15
Standard,51,3637,13.0,13
Standard,51,3644,7.0,7
Standard,51,3658,14.0,14
Standard,51,3662,4.0,4
Standard,51,3667,5.0,5
Standard,51,3684,17.0,17
Standard,51,3689,5.0,5
Standard,51,3696,7.0,7
Standard,51,3702,6.0,6
Standard,51,3721,19.0,19
Standard,51,3729,8.0,8
Standard,51,3733,4.0,4
Standard,51,3740,7.0,7
Standard,51,3758,18.0,18
Standard,51,3792,34.0,34
Standard,51,3803,11.0,11
Standard,51,3821,18.0,18
Standard,51,3825,4.0,4
Standard,51,3835,10.0,10
Standard,51,3848,13.0,13
Standard,51,3861,13.0,13
Standard,51,3874,13.0,13
Standard,51,3882,8.0,8
Standard,51,3908,26.0,26
Standard,51,3920,12.0,12
Standard,51,3925,5.0,5
Standard,51,3934,9.0,9
Standard,51,3942,8.0,8
Standard,51,3950,8.0,8
Standard,51,3956,6.0,6
Standard,51,3970,14.0,14
Standard,51,3973,3.0,3
Standard,51,3983,10.0,10
Standard,51,3987,4.0,4
Standard,51,3995,8.0,8
Standard,51,4004,9.0,9
Standard,51,4010,6.0,6
Standard,51,4017,7.0,7
Standard,51,4025,8.0,8
Standard,51,4029,4.0,4
Standard,51,4037,8.0,8
Standard,51,4043,6.0,6
Standard,51,4052,9.0,9
Standard,51,4057,5.0,5
Standard,51,4061,4.0,4
Standard,51,4080,19.0,19
Standard,51,4084,4.0,4
Standard,51,4113,29.0,29
Standard,51,4125,12.0,12
Standard,51,4147,22.0,22
Standard,51,4154,7.0,7
Standard,51,4165,11.0,11
Standard,51,4212,47.0,47
Standard,51,4224,12.0,12
Standard,51,4238,14.0,14
Standard,51,4246,8.0,8
Standard,51,4257,11.0,11
Standard,51,4263,6.0,6
Standard,51,4267,4.0,4
Standard,51,4284,17.0,17
Standard,51,4291,7.0,7
Standard,51,4329,38.0,38
Standard,51,4341,12.0,12
Standard,51,4355,14.0,14
Standard,51,4366,11.0,11
Standard,51,4377,11.0,11
Standard,51,4401,24.0,24
Standard,51,4408,7.0,7
Standard,51,4431,23.0,23
Standard,51,4441,10.0,10
Standard,51,4448,7.0,7
Standard,51,4460,12.0,12
Standard,51,4473,13.0,13
Standard,51,4480,7.0,7
Standard,51,4492,12.0,12
Standard,51,4507,15.0,15
Standard,51,4520,13.0,13
Standard,51,4532,12.0,12
Standard,51,4547,15.0,15
Standard,51,4592,45.0,45
Standard,51,4615,23.0,23
Standard,51,4621,6.0,6
Standard,51,4643,22.0,22
Standard,51,4647,4.0,4
Standard,51,4658,11.0,11
Standard,51,4693,35.0,35
Standard,51,4700,7.0,7
Standard,51,4723,23.0,23
Standard,51,4729,6.0,6
Standard,51,4740,11.0,11
Standard,51,4751,11.0,11
Standard,51,4762,11.0,11
Standard,51,4790,28.0,28
Standard,51,4813,23.0,23
Standard,51,4837,24.0,24
Standard,51,4851,14.0,14
Standard,51,4856,5.0,5
Standard,51,4864,8.0,8
Standard,51,4895,31.0,31
Standard,51,4901,6.0,6
Standard,51,4927,26.0,26
Standard,51,4938,11.0,11
Standard,51,4953,15.0,15
Standard,51,4965,12.0,12
Standard,51,4982,17.0,17
Standard,51,4990,8.0,8
Standard,51,4999,9.0,9
Standard,51,5007,8.0,8
Standard,51,5012,5.0,5
Standard,51,5050,38.0,38
Standard,51,5059,9.0,9
Standard,51,5062,3.0,3
Standard,51,5070,8.0,8
Standard,51,5080,10.0,10
Standard,51,5094,14.0,14
Standard,51,5108,14.0,14
Standard,51,5112,4.0,4
Standard,51,5120,8.0,8
Standard,51,5140,20.0,20
Standard,51,5174,34.0,34
Standard,51,5204,30.0,30
Standard,51,5211,7.0,7
Standard,51,5216,5.0,5
Standard,51,5230,14.0,14
Standard,51,5242,12.0,12
Standard,51,5253,11.0,11
Standard,51,5280,27.0,27
Standard,51,5289,9.0,9
Standard,51,5332,43.0,43
Standard,51,5358,26.0,26
Standard,51,5368,10.0,10
Standard,51,5388,20.0,20
Standard,51,5393,5.0,5
Standard,51,5405,12.0,12
Standard,51,5453,48.0,48
Standard,51,5467,14.0,14
Standard,51,5485,18.0,18
Standard,51,5515,30.0,30
Standard,51,5541,26.0,26
Standard,51,5599,58.0,58
Standard,51,5610,11.0,11
Standard,51,5621,11.0,11
Standard,51,5626,5.0,5
Standard,51,5647,21.0,21
Standard,51,5657,10.0,10
Standard,51,5669,12.0,12
Standard,51,5673,4.0,4
Standard,51,5689,16.0,16
Standard,51,5711,22.0,22
Standard,51,5725,14.0,14
Standard,51,5756,31.0,31
Standard,51,5782,26.0,26
Standard,51,5790,8.0,8
Standard,51,5798,8.0,8
Standard,51,5809,11.0,11
Standard,51,5815,6.0,6
Standard,51,5853,38.0,38
Standard,51,5864,11.0,11
Standard,51,5868,4.0,4
Standard,51,5873,5.0,5
Standard,51,5890,17.0,17
Standard,51,5896,6.0,6
Standard,51,5902,6.0,6
Standard,51,5906,4.0,4
Standard,51,5930,24.0,24
Standard,51,5936,6.0,6
Standard,51,5957,21.0,21
Standard,51,5976,19.0,19
Standard,51,5983,7.0,7
Standard,51,5993,10.0,10
Standard,51,5997,4.0,4
Standard,51,6018,21.0,21
Standard,51,6045,27.0,27
Standard,51,6051,6.0,6
Standard,51,6059,8.0,8
Standard,51,6066,7.0,7
Standard,51,6086,20.0,20
Standard,51,6091,5.0,5
Standard,51,6105,14.0,14
Standard,51,6127,22.0,22
Standard,51,6138,11.0,11
Standard,51,6154,16.0,16
Standard,51,6164,10.0,10
Standard,51,6189,25.0,25
Standard,51,6233,44.0,44
Standard,51,6240,7.0,7
Standard,51,6288,48.0,48
Standard,51,6328,40.0,40
Standard,51,6354,26.0,26
Standard,51,6375,21.0,21
Standard,51,6419,44.0,44
Standard,51,6423,4.0,4
Standard,51,6432,9.0,9
Standard,51,6444,12.0,12
Standard,51,6452,8.0,8
Standard,51,6523,71.0,71
Standard,51,6542,19.0,19
Standard,51,6584,42.0,42
Standard,51,6626,42.0,42
Standard,51,6652,26.0,26
Standard,51,6665,13.0,13
Standard,51,6685,20.0,20
Standard,51,6729,44.0,44
Standard,51,6782,53.0,53
Standard,51,6790,8.0,8
Standard,51,6808,18.0,18
Standard,51,6847,39.0,39
Standard,51,6877,30.0,30
Standard,51,6930,53.0,53
Standard,51,6961,31.0,31
Standard,51,6987,26.0,26
Standard,51,6997,10.0,10
Standard,51,7026,29.0,29
Standard,51,7046,20.0,20
Standard,51,7065,19.0,19
Standard,51,7080,15.0,15
Standard,51,7095,15.0,15
Standard,51,7099,4.0,4
Standard,51,7123,24.0,24
Standard,51,7150,27.0,27
Standard,51,7160,10.0,10
Standard,51,7173,13.0,13
Standard,51,7188,15.0,15
Standard,51,7226,38.0,38
Standard,51,7232,6.0,6
Standard,51,7269,37.0,37
Standard,51,7295,26.0,26
Standard,51,7306,11.0,11
Standard,51,7354,48.0,48
Standard,51,7366,12.0,12
Standard,51,7374,8.0,8
Standard,51,7414,40.0,40
Standard,51,7435,21.0,21
Standard,51,7495,60.0,60
Standard,51,7562,67.0,67
Standard,51,7570,8.0,8
Standard,51,7630,60.0,60
Standard,51,7638,8.0,8
Standard,51,7695,57.0,57
Standard,51,7708,13.0,13
Standard,51,7735,27.0,27
Standard,51,7765,30.0,30
Standard,51,7781,16.0,16
Standard,51,7802,21.0,21
Standard,51,7825,23.0,23
Standard,51,7829,4.0,4
Standard,51,7847,18.0,18
Standard,51,7875,28.0,28
Standard,51,7925,50.0,50
Standard,51,7932,7.0,7
Standard,51,7939,7.0,7
Standard,51,7961,22.0,22
Standard,51,8002,41.0,41
Standard,51,8044,42.0,42
Standard,51,8066,22.0,22
Standard,51,8114,48.0,48
Standard,51,8126,12.0,12
Standard,51,8171,45.0,45
Standard,51,8181,10.0,10
Standard,51,8230,49.0,49
Standard,51,8247,17.0,17
Standard,51,8266,19.0,19
Standard,51,8289,23.0,23
Standard,51,8323,34.0,34
Standard,51,8339,16.0,16
Standard,51,8389,50.0,50
Standard,51,8461,72.0,72
Standard,51,8504,43.0,43
Standard,51,8511,7.0,7
Standard,51,8530,19.0,19
Standard,51,8550,20.0,20
Standard,51,8591,41.0,41
Standard,51,8596,5.0,5
Standard,51,8631,35.0,35
Standard,51,8666,35.0,35
Standard,51,8681,15.0,15
Standard,51,8749,68.0,68
Standard,51,8774,25.0,25
Standard,51,8820,46.0,46
Standard,51,8867,47.0,47
Standard,51,8935,68.0,68
Standard,51,8965,30.0,30
Standard,51,9002,37.0,37
Standard,51,9044,42.0,42
Standard,51,9095,51.0,51
Standard,51,9118,23.0,23
Standard,51,9168,50.0,50
Standard,51,9180,12.0,12
Standard,51,9220,40.0,40
Standard,51,9231,11.0,11
Standard,51,9257,26.0,26
Standard,51,9271,14.0,14
Standard,51,9331,60.0,60
Standard,51,9370,39.0,39
Standard,51,9434,64.0,64
Standard,51,9472,38.0,38
Standard,51,9567,95.0,95
Standard,51,9596,29.0,29
Standard,51,9626,30.0,30
Standard,51,9666,40.0,40
Standard,51,9689,23.0,23
Standard,51,9745,56.0,56
Standard,51,9764,19.0,19
Standard,51,9813,49.0,49
Standard,51,9867,54.0,54
Standard,51,9932,65.0,65
Standard,51,9957,25.0,25
Standard,51,10011,54.0,54
Standard,51,10020,9.0,9
Standard,51,10025,5.0,5
Standard,51,10127,102.0,102
Standard,51,10227,100.0,100
Standard,51,10324,97.0,97
Standard,51,10401,77.0,77
Standard,51,10453,52.0,52
Standard,51,10531,78.0,78
Standard,51,10582,51.0,51
Standard,51,10659,77.0,77
Standard,51,10714,55.0,55
Standard,51,10785,71.0,71
Standard,51,10833,48.0,48
Standard,51,10881,48.0,48
Standard,51,10943,62.0,62
Standard,51,10965,22.0,22
Standard,51,10997,32.0,32
Standard,51,11036,39.0,39
Standard,51,11081,45.0,45
Standard,51,11101,20.0,20
Standard,51,11140,39.0,39
Standard,51,11186,46.0,46
Standard,51,11304,118.0,118
Standard,51,11349,45.0,45
Standard,51,11401,52.0,52
Standard,51,11447,46.0,46
Standard,51,11503,56.0,56
Standard,51,11639,136.0,136
Standard,51,11683,44.0,44
Standard,51,11717,34.0,34
Standard,51,11766,49.0,49
Standard,51,11881,115.0,115
Standard,51,11956,75.0,75
Standard,51,12012,56.0,56
Standard,51,12089,77.0,77
Standard,51,12149,60.0,60
Standard,51,12177,28.0,28
Standard,51,12260,83.0,83
Standard,51,12329,69.0,69
Standard,51,12579,250.0,250
Standard,51,12642,63.0,63
Standard,51,12654,12.0,12
Standard,51,12794,140.0,140
Standard,51,12872,78.0,78
Standard,51,12931,59.0,59
Standard,51,13013,82.0,82
Standard,51,13034,21.0,21
Standard,51,13118,84.0,84
Standard,51,13196,78.0,78
Standard,51,13220,24.0,24
Standard,51,13321,101.0,101
Standard,51,13402,81.0,81
Standard,51,13444,42.0,42
Standard,51,13528,84.0,84
Standard,51,13626,98.0,98
Standard,51,13723,97.0,97
Standard,51,13815,92.0,92
Standard,51,13867,52.0,52
Standard,51,13912,45.0,45
Standard,51,13923,11.0,11
Standard,51,13966,43.0,43
Standard,51,14088,122.0,122
Standard,51,14120,32.0,32
Standard,51,14178,58.0,58
Standard,51,14274,96.0,96
Standard,51,14330,56.0,56
Standard,51,14475,145.0,145
Standard,51,14572,97.0,97
Standard,51,14630,58.0,58
Standard,51,14681,51.0,51
Standard,51,14733,52.0,52
Standard,51,14909,176.0,176
Standard,51,14994,85.0,85
Standard,51,15038,44.0,44
Standard,51,15144,106.0,106
Standard,51,15263,119.0,119
Standard,51,15333,70.0,70
Standard,51,15409,76.0,76
Standard,51,15502,93.0,93
Standard,51,15612,110.0,110
Standard,51,15755,143.0,143
Standard,51,15804,49.0,49
Standard,51,15923,119.0,119
Standard,51,16022,99.0,99
Standard,51,16107,85.0,85
Standard,51,16186,79.0,79
Standard,51,16282,96.0,96
Standard,51,16347,65.0,65
Standard,51,16482,135.0,135
Standard,51,16606,124.0,124
Standard,51,16729,123.0,123
Standard,51,16863,134.0,134
Standard,51,17003,140.0,140
Standard,51,17066,63.0,63
Standard,51,17283,217.0,217
Standard,51,17329,46.0,46
Standard,51,17454,125.0,125
Standard,51,17529,75.0,75
Standard,51,17635,106.0,106
Standard,51,17738,103.0,103
Standard,51,17855,117.0,117
Standard,51,17955,100.0,100
Standard,51,18081,126.0,126
Standard,51,18251,170.0,170
Standard,51,18374,123.0,123
Standard,51,18611,237.0,237
Standard,51,18717,106.0,106
Standard,51,18819,102.0,102
Standard,51,18951,132.0,132
Standard,51,19226,275.0,275
Standard,51,19337,111.0,111
Standard,51,19455,118.0,118
Standard,51,19528,73.0,73
Standard,51,19631,103.0,103
Standard,51,19689,58.0,58
Standard,51,19799,110.0,110
Standard,51,19915,116.0,116
Standard,51,20004,89.0,89
Standard,51,20164,160.0,160
Standard,51,20425,261.0,261
Standard,51,20507,82.0,82
Standard,51,20656,149.0,149
Standard,51,20789,133.0,133
Standard,51,21024,235.0,235
Standard,51,21408,384.0,384
Standard,51,21571,163.0,163
Standard,51,21699,128.0,128
Standard,51,22120,421.0,421
Standard,51,22440,320.0,320
Standard,51,22775,335.0,335
Standard,51,23074,299.0,299
Standard,51,23312,238.0,238
Standard,51,23361,49.0,49
Standard,51,23596,235.0,235
Standard,51,24373,777.0,777
Standard,51,25006,633.0,633
Standard,51,26006,1000.0,1000
Standard,51,26515,509.0,509
Standard,51,27515,1000.0,1000
Standard,51,28415,900.0,900
Standard,51,29415,1000.0,1000
Standard,51,30415,1000.0,1000
Standard,51,31415,1000.0,1000
Standard,51,32415,1000.0,1000
Standard,51,33415,1000.0,1000
Standard,51,34415,1000.0,1000
Standard,51,35415,1000.0,1000
Standard,51,36415,1000.0,1000
Standard,51,37415,1000.0,1000
Standard,51,38192,777.0,777
Standard,51,38838,646.0,646
Standard,51,39279,441.0,441
Standard,51,39680,401.0,401
Standard,51,40680,1000.0,1000
Standard,51,41680,1000.0,1000
Standard,51,42680,1000.0,1000
Standard,51,43680,1000.0,1000
Standard,51,44680,1000.0,1000
Standard,51,45680,1000.0,1000
Standard,51,46680,1000.0,1000
Standard,51,47680,1000.0,1000
Standard,51,48680,1000.0,1000
Standard,51,49680,1000.0,1000
Standard,51,50680,1000.0,1000
Standard,51,51680,1000.0,1000
Standard,51,52680,1000.0,1000
Standard,51,53680,1000.0,1000
Standard,51,54680,1000.0,1000
Standard,51,55680,1000.0,1000
Standard,51,56680,1000.0,1000
Standard,51,57680,1000.0,1000
Standard,51,58680,1000.0,1000
Standard,51,59680,1000.0,1000
Standard,51,60680,1000.0,1000
Standard,51,61680,1000.0,1000
Standard,51,62680,1000.0,1000
Standard,51,63680,1000.0,1000
Standard,51,64680,1000.0,1000
Standard,51,65680,1000.0,1000
Standard,51,66680,1000.0,1000
Standard,51,67022,342.0,342
Standard,51,68022,1000.0,1000
Standard,51,69022,1000.0,1000
Standard,51,70022,1000.0,1000
Standard,51,71022,1000.0,1000
Standard,51,72022,1000.0,1000
Standard,51,73022,1000.0,1000
Standard,51,74022,1000.0,1000
Standard,51,75022,1000.0,1000
Standard,51,76022,1000.0,1000
Standard,51,77022,1000.0,1000
Standard,51,78022,1000.0,1000
Standard,51,79022,1000.0,1000
Standard,51,80022,1000.0,1000
Standard,51,81022,1000.0,1000
Standard,51,82022,1000.0,1000
Standard,51,83022,1000.0,1000
Standard,51,84022,1000.0,1000
Standard,51,85022,1000.0,1000
Standard,51,86022,1000.0,1000
Standard,51,87022,1000.0,1000
Standard,51,88022,1000.0,1000
Standard,51,89022,1000.0,1000
Standard,51,90022,1000.0,1000
Standard,51,91022,1000.0,1000
Standard,51,92022,1000.0,1000
Standard,51,93022,1000.0,1000
Standard,51,94022,1000.0,1000
Standard,51,95022,1000.0,1000
Standard,51,96022,1000.0,1000
Standard,51,97022,1000.0,1000
Standard,51,98022,1000.0,1000
Standard,51,99022,1000.0,1000
Standard,51,100022,1000.0,1000
Custom,42,8,4.892126,8
Custom,42,13,1.132736,5
Custom,42,19,2.777623,6
Custom,42,23,-7.520027,4
Custom,42,33,6.459807,10
Custom,42,39,0.135511,6
Custom,42,48,5.511091,9
Custom,42,55,2.504653,7
Custom,42,67,8.720588,12
Custom,42,72,0.037094,5
Custom,42,78,1.718427,6
Custom,42,82,-4.00714,4
Custom,42,89,-4.94828,7
Custom,42,96,1.602824,7
Custom,42,101,0.311887,5
Custom,42,105,-14.279939,4
Custom,42,115,1.619578,10
Custom,42,120,-2.391511,5
Custom,42,125,-3.037262,5
Custom,42,135,4.463273,10
Custom,42,146,4.38953,11
Custom,42,155,-2.948709,9
Custom,42,165,1.304827,10
Custom,42,175,1.475174,10
Custom,42,186,7.454829,11
Custom,42,199,7.155393,13
Custom,42,204,0.798799,5
Custom,42,216,5.460293,12
Custom,42,231,8.101432,15
Custom,42,242,7.477195,11
Custom,42,248,2.058401,6
Custom,42,253,-4.433843,5
Custom,42,265,6.922364,12
Custom,42,270,-3.007606,5
Custom,42,275,-2.230273,5
Custom,42,295,9.971426,20
Custom,42,301,0.14867,6
Custom,42,305,-1.910857,4
Custom,42,316,4.034084,11
Custom,42,326,5.325453,10
Custom,42,335,2.324115,9
Custom,42,341,-3.490567,6
Custom,42,344,-7.923443,3
Custom,42,347,-5.742008,3
Custom,42,351,-3.570303,4
Custom,42,358,-0.338185,7
Custom,42,366,4.68912,8
Custom,42,370,-3.074687,4
Custom,42,396,12.782849,26
Custom,42,401,1.126164,5
Custom,42,408,3.302544,7
Custom,42,419,6.034961,11
Custom,42,431,1.948435,12
Custom,42,438,-1.57764,7
Custom,42,442,-6.131025,4
Custom,42,450,1.916551,8
Custom,42,460,7.657277,10
Custom,42,463,-8.257169,3
Custom,42,468,0.73327,5
Custom,42,476,1.531253,8
Custom,42,480,-3.348856,4
Custom,42,485,-1.246879,5
Custom,42,492,-5.456522,7
Custom,42,514,13.589895,22
Custom,42,520,2.129718,6
Custom,42,528,4.407015,8
Custom,42,532,-3.892813,4
Custom,42,540,4.47108,8
Custom,42,549,5.108045,9
Custom,42,554,-1.697906,5
Custom,42,559,-1.444925,5
Custom,42,574,6.589783,15
Custom,42,590,3.338866,16
Custom,42,596,-2.051757,6
Custom,42,602,2.232984,6
Custom,42,609,2.475665,7
Custom,42,615,0.577669,6
Custom,42,622,-0.915659,7
Custom,42,627,-8.904167,5
Custom,42,635,4.074153,8
Custom,42,647,4.998457,12
Custom,42,653,1.688628,6
Custom,42,658,-5.651254,5
Custom,42,664,1.902415,6
Custom,42,680,9.101489,16
Custom,42,688,1.861353,8
Custom,42,694,-4.802335,6
Custom,42,703,5.43002,9
Custom,42,708,-0.336638,5
Custom,42,715,-1.156538,7
Custom,42,720,0.644269,5
Custom,42,726,1.267706,6
Custom,42,740,1.463719,14
Custom,42,747,-3.843857,7
Custom,42,754,-2.741403,7
Custom,42,759,-2.707889,5
Custom,42,776,10.246814,17
Custom,42,781,-0.172394,5
Custom,42,790,1.340361,9
Custom,42,798,3.817123,8
Custom,42,802,-6.037074,4
Custom,42,808,2.583991,6
Custom,42,813,0.565862,5
Custom,42,818,-2.053714,5
Custom,42,826,-1.192884,8
Custom,42,837,0.149415,11
Custom,42,842,-4.608796,5
Custom,42,847,-0.394385,5
Custom,42,858,4.377211,11
Custom,42,874,10.036659,16
Custom,42,878,-5.029783,4
Custom,42,903,14.06787,25
Custom,42,910,-0.580929,7
Custom,42,916,1.34666,6
Custom,42,931,5.760283,15
Custom,42,941,-6.867274,10
Custom,42,945,-3.156163,4
Custom,42,950,1.226798,5
Custom,42,955,-3.839567,5
Custom,42,965,1.806531,10
Custom,42,970,0.39795,5
Custom,42,975,0.159992,5
Custom,42,981,-6.485202,6
Custom,42,986,-0.492709,5
Custom,42,991,-0.200994,5
Custom,42,995,-5.505145,4
Custom,42,1000,-2.235234,5
Custom,42,1008,4.256962,8
Custom,42,1013,-4.455527,5
Custom,42,1016,-6.636057,3
Custom,42,1020,-6.889488,4
Custom,42,1023,-8.757714,3
Custom,42,1028,-0.006468,5
Custom,42,1038,4.839717,10
Custom,42,1045,1.468303,7
Custom,42,1050,-3.608725,5
Custom,42,1056,2.115052,6
Custom,42,1066,5.610306,10
Custom,42,1072,1.873016,6
Custom,42,1078,-0.468286,6
Custom,42,1084,-3.37633,6
Custom,42,1092,-4.129685,8
Custom,42,1107,7.234165,15
Custom,42,1114,3.130033,7
Custom,42,1122,4.13611,8
Custom,42,1130,4.379072,8
Custom,42,1134,-7.871192,4
Custom,42,1138,-4.9239,4
Custom,42,1145,-3.077318,7
Custom,42,1150,0.342666,5
Custom,42,1159,-14.560465,9
Custom,42,1166,-3.692764,7
Custom,42,1179,3.575455,13
Custom,42,1184,-3.175963,5
Custom,42,1191,0.602199,7
Custom,42,1209,6.30875,18
Custom,42,1216,-3.371905,7
Custom,42,1233,11.507921,17
Custom,42,1252,6.898927,19
Custom,42,1263,5.04954,11
Custom,42,1270,1.612394,7
Custom,42,1276,-3.560869,6
Custom,42,1283,1.18578,7
Custom,42,1289,2.058025,6
Custom,42,1296,-9.007214,7
Custom,42,1302,1.182275,6
Custom,42,1308,-0.143657,6
Custom,42,1316,0.406467,8
Custom,42,1324,2.684411,8
Custom,42,1331,-5.455248,7
Custom,42,1338,2.617538,7
Custom,42,1349,7.700934,11
Custom,42,1356,0.862619,7
Custom,42,1364,3.1464,8
Custom,42,1373,2.132851,9
Custom,42,1378,-3.92243,5
Custom,42,1384,-0.045369,6
Custom,42,1390,1.651457,6
Custom,42,1393,-5.414331,3
Custom,42,1405,2.977532,12
Custom,42,1411,0.55152,6
Custom,42,1418,3.603315,7
Custom,42,1432,10.129919,14
Custom,42,1445,3.339844,13
Custom,42,1450,-1.278702,5
Custom,42,1455,-10.888444,5
Custom,42,1463,3.771574,8
Custom,42,1478,2.257637,15
Custom,42,1483,-4.409598,5
Custom,42,1489,-4.486813,6
Custom,42,1493,-1.639477,4
Custom,42,1498,0.690314,5
Custom,42,1508,1.12915,10
Custom,42,1513,-2.554252,5
Custom,42,1519,-1.441517,6
Custom,42,1524,-4.306883,5
Custom,42,1530,-6.762257,6
Custom,42,1537,-2.238568,7
Custom,42,1547,-1.114797,10
Custom,42,1555,-1.030246,8
Custom,42,1564,6.297911,9
Custom,42,1571,-4.373104,7
Custom,42,1580,3.909252,9
Custom,42,1587,-1.928412,7
Custom,42,1592,-1.302744,5
Custom,42,1599,1.037914,7
Custom,42,1606,1.219149,7
Custom,42,1612,2.444911,6
Custom,42,1620,-4.929309,8
Custom,42,1625,-6.540302,5
Custom,42,1633,-3.443311,8
Custom,42,1637,-4.427182,4
Custom,42,1644,2.17468,7
Custom,42,1654,-1.384994,10
Custom,42,1660,1.913011,6
Custom,42,1668,-0.876425,8
Custom,42,1672,-5.813311,4
Custom,42,1687,10.861874,15
Custom,42,1701,7.220653,14
Custom,42,1706,-9.931701,5
Custom,42,1714,2.516651,8
Custom,42,1723,2.391043,9
Custom,42,1727,-7.214179,4
Custom,42,1740,8.491803,13
Custom,42,1747,-2.048483,7
Custom,42,1754,2.730276,7
Custom,42,1759,-3.141302,5
Custom,42,1765,-3.707653,6
Custom,42,1772,3.528074,7
Custom,42,1778,0.141173,6
Custom,42,1782,-10.878615,4
Custom,42,1792,5.180556,10
Custom,42,1798,0.522491,6
Custom,42,1812,10.397496,14
Custom,42,1825,9.444042,13
Custom,42,1829,-2.536805,4
Custom,42,1833,-10.81994,4
Custom,42,1838,-5.956867,5
Custom,42,1843,-0.922601,5
Custom,42,1848,-0.179997,5
Custom,42,1854,1.45024,6
Custom,42,1862,-1.876324,8
Custom,42,1872,2.271174,10
Custom,42,1876,-3.654959,4
Custom,42,1879,-14.977727,3
Custom,42,1885,-2.990411,6
Custom,42,1905,12.936349,20
Custom,42,1912,-2.240339,7
Custom,42,1927,7.929097,15
Custom,42,1940,-5.101186,13
Custom,42,1950,0.774886,10
Custom,42,1956,-2.311402,6
Custom,42,1961,-1.036105,5
Custom,42,1978,1.068278,17
Custom,42,1984,1.638871,6
Custom,42,1999,-0.214928,15
Custom,42,2006,1.1898,7
Custom,42,2011,-1.157838,5
Custom,42,2018,-2.930099,7
Custom,42,2025,3.420537,7
Custom,42,2031,-2.53834,6
Custom,42,2041,4.974235,10
Custom,42,2050,-0.535092,9
Custom,42,2068,2.775061,18
Custom,42,2074,-2.046926,6
Custom,42,2081,1.305529,7
Custom,42,2085,-0.980621,4
Custom,42,2094,0.204098,9
Custom,42,2106,8.045253,12
Custom,42,2117,6.868338,11
Custom,42,2122,0.319206,5
Custom,42,2139,3.689714,17
Custom,42,2149,4.831426,10
Custom,42,2156,1.490446,7
Custom,42,2164,-1.735018,8
Custom,42,2184,5.539928,20
Custom,42,2197,10.410502,13
Custom,42,2206,-1.498984,9
Custom,42,2211,-0.714915,5
Custom,42,2218,2.883745,7
Custom,42,2238,8.927103,20
Custom,42,2274,22.56909,36
Custom,42,2293,14.97669,19
Custom,42,2296,-5.49471,3
Custom,42,2304,3.567118,8
Custom,42,2310,-3.254986,6
Custom,42,2323,6.533143,13
Custom,42,2332,0.856509,9
Custom,42,2346,9.048775,14
Custom,42,2367,9.692137,21
Custom,42,2392,19.490137,25
Custom,42,2399,2.811613,7
Custom,42,2412,6.937949,13
Custom,42,2425,7.352438,13
Custom,42,2443,12.105878,18
Custom,42,2469,13.14793,26
Custom,42,2476,2.219871,7
Custom,42,2488,2.604945,12
Custom,42,2497,2.439098,9
Custom,42,2511,5.418125,14
Custom,42,2527,11.807488,16
Custom,42,2536,6.321026,9
Custom,42,2543,2.116361,7
Custom,42,2563,14.895973,20
Custom,42,2570,1.281985,7
Custom,42,2579,2.475909,9
Custom,42,2593,6.337625,14
Custom,42,2598,-1.632178,5
Custom,42,2607,5.888171,9
Custom,42,2627,14.801321,20
Custom,42,2637,5.683449,10
Custom,42,2646,4.08719,9
Custom,42,2657,6.608503,11
Custom,42,2670,6.663132,13
Custom,42,2684,4.398555,14
Custom,42,2689,-1.313503,5
Custom,42,2694,0.170421,5
Custom,42,2716,10.213239,22
Custom,42,2727,7.022331,11
Custom,42,2737,4.093188,10
Custom,42,2747,1.567152,10
Custom,42,2764,9.344032,17
Custom,42,2774,6.780388,10
Custom,42,2781,2.109836,7
Custom,42,2792,4.901976,11
Custom,42,2806,9.478337,14
Custom,42,2814,0.292929,8
Custom,42,2818,-1.712237,4
Custom,42,2828,5.534409,10
Custom,42,2852,14.119703,24
Custom,42,2859,3.167724,7
Custom,42,2872,9.108957,13
Custom,42,2875,-7.132078,3
Custom,42,2892,13.783382,17
Custom,42,2896,-6.307634,4
Custom,42,2901,-4.668674,5
Custom,42,2912,5.526682,11
Custom,42,2918,0.539335,6
Custom,42,2923,-1.370492,5
Custom,42,2929,-1.478165,6
Custom,42,2941,8.493181,12
Custom,42,2955,8.789827,14
Custom,42,2974,11.345611,19
Custom,42,2980,0.823712,6
Custom,42,2986,0.003092,6
Custom,42,2997,6.830393,11
Custom,42,3009,6.6788,12
Custom,42,3019,5.936427,10
Custom,42,3028,3.98642,9
Custom,42,3041,9.987206,13
Custom,42,3047,1.527337,6
Custom,42,3061,6.538601,14
Custom,42,3072,6.708814,11
Custom,42,3077,-1.763617,5
Custom,42,3082,-3.969071,5
Custom,42,3090,-1.449855,8
Custom,42,3118,15.155009,28
Custom,42,3122,-3.298007,4
Custom,42,3128,-6.247214,6
Custom,42,3145,10.343374,17
Custom,42,3160,5.707177,15
Custom,42,3165,-2.922546,5
Custom,42,3170,0.502645,5
Custom,42,3181,7.808683,11
Custom,42,3195,-0.920707,14
Custom,42,3210,11.346946,15
Custom,42,3217,1.376393,7
Custom,42,3228,3.998354,11
Custom,42,3237,5.108419,9
Custom,42,3272,24.637011,35
Custom,42,3278,-1.39482,6
Custom,42,3295,6.993545,17
Custom,42,3302,3.709919,7
Custom,42,3314,4.422737,12
Custom,42,3331,14.31188,17
Custom,42,3338,-5.393908,7
Custom,42,3344,1.746467,6
Custom,42,3352,4.547763,8
Custom,42,3368,9.411331,16
Custom,42,3387,9.548625,19
Custom,42,3394,3.566344,7
Custom,42,3409,10.415553,15
Custom,42,3414,-0.234334,5
Custom,42,3443,20.454803,29
Custom,42,3463,16.120256,20
Custom,42,3476,3.80323,13
Custom,42,3490,7.446774,14
Custom,42,3509,12.098736,19
Custom,42,3518,3.50841,9
Custom,42,3531,7.346793,13
Custom,42,3535,-2.286154,4
Custom,42,3545,4.284977,10
Custom,42,3550,1.095762,5
Custom,42,3553,-5.07059,3
Custom,42,3559,1.342007,6
Custom,42,3574,1.998374,15
Custom,42,3589,11.872944,15
Custom,42,3596,0.551661,7
Custom,42,3611,6.059226,15
Custom,42,3633,10.012755,22
Custom,42,3650,8.946415,17
Custom,42,3656,-0.319276,6
Custom,42,3663,3.314644,7
Custom,42,3668,-2.308396,5
Custom,42,3680,8.809568,12
Custom,42,3693,8.158066,13
Custom,42,3704,4.198776,11
Custom,42,3735,12.045295,31
Custom,42,3749,8.375669,14
Custom,42,3758,4.42461,9
Custom,42,3764,-0.709901,6
Custom,42,3775,6.302466,11
Custom,42,3794,3.402981,19
Custom,42,3798,-3.428768,4
Custom,42,3819,13.160423,21
Custom,42,3823,-5.076173,4
Custom,42,3834,8.248812,11
Custom,42,3853,15.157625,19
Custom,42,3860,-0.1717,7
Custom,42,3868,3.677029,8
Custom,42,3878,3.677447,10
Custom,42,3882,-2.270284,4
Custom,42,3900,10.889042,18
Custom,42,3905,-1.342867,5
Custom,42,3910,-1.98191,5
Custom,42,3926,12.214044,16
Custom,42,3938,7.270627,12
Custom,42,3946,2.714808,8
Custom,42,3957,-1.834392,11
Custom,42,3965,-0.475158,8
Custom,42,3981,8.247175,16
Custom,42,4014,25.851515,33
Custom,42,4018,-4.303745,4
Custom,42,4022,-5.530809,4
Custom,42,4038,11.477856,16
Custom,42,4046,0.938699,8
Custom,42,4062,8.476864,16
Custom,42,4067,-0.888691,5
Custom,42,4081,3.34904,14
Custom,42,4091,5.274327,10
Custom,42,4097,2.733565,6
Custom,42,4137,30.398395,40
Custom,42,4147,7.753112,10
Custom,42,4151,-2.367855,4
Custom,42,4162,7.989311,11
Custom,42,4178,5.778063,16
Custom,42,4208,19.075301,30
Custom,42,4220,3.213751,12
Custom,42,4226,2.002282,6
Custom,42,4233,1.97728,7
Custom,42,4239,-2.281904,6
Custom,42,4243,-1.591274,4
Custom,42,4285,27.355663,42
Custom,42,4292,3.508901,7
Custom,42,4331,27.247968,39
Custom,42,4350,14.363318,19
Custom,42,4365,8.92734,15
Custom,42,4387,16.466177,22
Custom,42,4415,16.445519,28
Custom,42,4430,5.211642,15
Custom,42,4436,1.44505,6
Custom,42,4447,6.719914,11
Custom,42,4454,2.833617,7
Custom,42,4463,5.680052,9
Custom,42,4469,-0.735784,6
Custom,42,4476,1.811119,7
Custom,42,4489,5.205696,13
Custom,42,4524,29.17052,35
Custom,42,4530,2.721359,6
Custom,42,4548,4.791784,18
Custom,42,4577,20.813409,29
Custom,42,4595,11.308902,18
Custom,42,4604,5.88484,9
Custom,42,4619,10.291239,15
Custom,42,4637,8.981805,18
Custom,42,4662,16.631969,25
Custom,42,4677,9.157294,15
Custom,42,4710,23.236892,33
Custom,42,4729,11.45948,19
Custom,42,4737,4.382649,8
Custom,42,4754,12.168913,17
Custom,42,4762,1.977338,8
Custom,42,4771,3.532038,9
Custom,42,4785,10.322019,14
Custom,42,4795,3.939147,10
Custom,42,4815,8.923482,20
Custom,42,4828,7.870383,13
Custom,42,4846,9.456333,18
Custom,42,4865,16.245501,19
Custom,42,4907,33.904294,42
Custom,42,4919,6.845945,12
Custom,42,4930,8.56308,11
Custom,42,4941,0.82573,11
Custom,42,4947,0.681742,6
Custom,42,4959,8.085431,12
Custom,42,4974,11.480324,15
Custom,42,4981,3.227228,7
Custom,42,4994,8.799793,13
Custom,42,5024,17.857731,30
Custom,42,5074,33.579705,50
Custom,42,5089,10.905465,15
Custom,42,5101,4.718228,12
Custom,42,5130,16.947187,29
Custom,42,5140,6.337757,10
Custom,42,5146,1.09903,6
Custom,42,5163,9.909887,17
Custom,42,5170,3.679128,7
Custom,42,5175,-0.744508,5
Custom,42,5184,5.469751,9
Custom,42,5204,10.999489,20
Custom,42,5220,11.062496,16
Custom,42,5230,5.002898,10
Custom,42,5252,13.427659,22
Custom,42,5260,3.640676,8
Custom,42,5269,3.624542,9
Custom,42,5279,7.012142,10
Custom,42,5287,4.930298,8
Custom,42,5298,4.289464,11
Custom,42,5319,15.954392,21
Custom,42,5335,7.556003,16
Custom,42,5356,13.082687,21
Custom,42,5377,12.166305,21
Custom,42,5397,9.934482,20
Custom,42,5404,1.798509,7
Custom,42,5437,21.223474,33
Custom,42,5446,4.470517,9
Custom,42,5451,-1.298939,5
Custom,42,5475,13.946599,24
Custom,42,5490,11.131817,15
Custom,42,5497,3.671954,7
Custom,42,5504,4.35332,7
Custom,42,5510,0.771702,6
Custom,42,5525,8.862216,15
Custom,42,5531,2.579183,6
Custom,42,5536,-1.277776,5
Custom,42,5552,9.576271,16
Custom,42,5566,6.288713,14
Custom,42,5573,3.231114,7
Custom,42,5587,5.71426,14
Custom,42,5605,14.579797,18
Custom,42,5635,19.072274,30
Custom,42,5654,11.849139,19
Custom,42,5673,14.326487,19
Custom,42,5695,17.396062,22
Custom,42,5737,15.535878,42
Custom,42,5753,7.438244,16
Custom,42,5762,6.54528,9
Custom,42,5776,8.152853,14
Custom,42,5783,2.738721,7
Custom,42,5820,27.062921,37
Custom,42,5831,7.340028,11
Custom,42,5837,2.049988,6
Custom,42,5846,5.090053,9
Custom,42,5856,6.761525,10
Custom,42,5872,5.935216,16
Custom,42,5889,12.087785,17
Custom,42,5920,22.491284,31
Custom,42,5933,8.3254,13
Custom,42,5948,9.278646,15
Custom,42,5959,8.724593,11
Custom,42,5971,9.098686,12
Custom,42,5991,10.98186,20
Custom,42,6000,1.74853,9
Custom,42,6011,6.776556,11
Custom,42,6014,-3.537932,3
Custom,42,6024,6.990347,10
Custom,42,6036,7.997748,12
Custom,42,6049,10.308391,13
Custom,42,6067,14.136813,18
Custom,42,6087,10.097637,20
Custom,42,6103,5.843738,16
Custom,42,6127,12.392717,24
Custom,42,6201,46.023944,74
Custom,42,6230,20.657399,29
Custom,42,6243,8.795526,13
Custom,42,6284,25.966901,41
Custom,42,6292,-0.427889,8
Custom,42,6345,39.976246,53
Custom,42,6376,21.516818,31
Custom,42,6396,14.153334,20
Custom,42,6402,2.216329,6
Custom,42,6412,7.313114,10
Custom,42,6427,7.238816,15
Custom,42,6471,27.440124,44
Custom,42,6506,25.172194,35
Custom,42,6519,9.258391,13
Custom,42,6547,20.480585,28
Custom,42,6559,6.528878,12
Custom,42,6576,14.266813,17
Custom,42,6588,7.230236,12
Custom,42,6603,11.783968,15
Custom,42,6654,20.56676,51
Custom,42,6667,7.39297,13
Custom,42,6688,12.557965,21
Custom,42,6702,11.277741,14
Custom,42,6741,29.575981,39
Custom,42,6753,5.706685,12
Custom,42,6772,13.719426,19
Custom,42,6795,16.027351,23
Custom,42,6806,4.043333,11
Custom,42,6811,-0.275644,5
Custom,42,6837,16.285008,26
Custom,42,6856,12.204127,19
Custom,42,6865,6.420215,9
Custom,42,6874,6.044632,9
Custom,42,6914,30.332575,40
Custom,42,6931,13.265872,17
Custom,42,6946,12.254939,15
Custom,42,6994,36.052875,48
Custom,42,7021,20.562779,27
Custom,42,7038,11.643019,17
Custom,42,7057,15.94149,19
Custom,42,7080,14.877302,23
Custom,42,7097,13.972989,17
Custom,42,7112,9.464304,15
Custom,42,7147,25.612705,35
Custom,42,7202,42.814401,55
Custom,42,7214,8.655289,12
Custom,42,7240,19.214642,26
Custom,42,7255,9.758182,15
Custom,42,7300,34.035744,45
Custom,42,7316,13.322563,16
Custom,42,7345,21.260626,29
Custom,42,7362,13.53648,17
Custom,42,7390,17.691495,28
Custom,42,7398,4.274344,8
Custom,42,7418,9.912109,20
Custom,42,7441,14.788696,23
Custom,42,7470,19.928356,29
Custom,42,7478,5.024676,8
Custom,42,7511,21.441827,33
Custom,42,7526,9.230344,15
Custom,42,7541,12.405014,15
Custom,42,7560,11.595058,19
Custom,42,7624,34.052889,64
Custom,42,7639,11.516132,15
Custom,42,7657,11.383985,18
Custom,42,7691,24.455357,34
Custom,42,7746,37.274135,55
Custom,42,7801,40.24213,55
Custom,42,7812,8.101034,11
Custom,42,7830,13.467464,18
Custom,42,7864,16.864174,34
Custom,42,7869,1.383691,5
Custom,42,7887,14.70431,18
Custom,42,7903,9.431309,16
Custom,42,7935,25.415245,32
Custom,42,7943,3.734077,8
Custom,42,7963,12.073412,20
Custom,42,7976,9.363724,13
Custom,42,7985,5.347921,9
Custom,42,7998,9.634625,13
Custom,42,8003,0.857845,5
Custom,42,8014,7.008381,11
Custom,42,8041,16.438148,27
Custom,42,8055,6.385011,14
Custom,42,8116,43.368526,61
Custom,42,8131,11.138811,15
Custom,42,8150,12.208064,19
Custom,42,8180,13.258255,30
Custom,42,8210,22.522864,30
Custom,42,8228,14.99679,18
Custom,42,8239,7.143683,11
Custom,42,8253,8.589127,14
Custom,42,8269,11.402755,16
Custom,42,8283,9.672214,14
Custom,42,8332,33.984784,49
Custom,42,8364,23.208918,32
Custom,42,8377,6.006664,13
Custom,42,8386,3.678642,9
Custom,42,8429,35.80272,43
Custom,42,8470,32.547066,41
Custom,42,8495,19.429226,25
Custom,42,8502,2.653797,7
Custom,42,8507,0.541683,5
Custom,42,8526,12.603397,19
Custom,42,8539,7.577749,13
Custom,42,8559,9.383798,20
Custom,42,8632,61.402929,73
Custom,42,8688,32.342159,56
Custom,42,8713,17.978544,25
Custom,42,8808,74.56461,95
Custom,42,8842,23.206921,34
Custom,42,8897,37.373056,55
Custom,42,8947,37.277876,50
Custom,42,8973,20.173111,26
Custom,42,9009,29.939243,36
Custom,42,9034,17.95622,25
Custom,42,9086,39.671159,52
Custom,42,9105,10.617469,19
Custom,42,9127,18.517102,22
Custom,42,9192,49.507289,65
Custom,42,9243,39.381433,51
Custom,42,9265,17.744185,22
Custom,42,9317,40.046929,52
Custom,42,9351,22.756214,34
Custom,42,9363,7.963106,12
Custom,42,9381,14.347019,18
Custom,42,9421,26.962435,40
Custom,42,9452,22.633092,31
Custom,42,9556,74.308019,104
Custom,42,9594,24.636687,38
Custom,42,9621,18.285954,27
Custom,42,9657,27.498944,36
Custom,42,9706,31.266534,49
Custom,42,9728,15.709892,22
Custom,42,9746,12.063735,18
Custom,42,9779,18.188476,33
Custom,42,9857,63.821527,78
Custom,42,9883,17.325851,26
Custom,42,9919,29.382959,36
Custom,42,9937,13.056694,18
Custom,42,9951,7.028645,14
Custom,42,9974,18.313717,23
Custom,42,10002,17.397357,28
Custom,42,10042,26.228261,40
Custom,42,10076,23.99022,34
Custom,42,10141,52.203766,65
Custom,42,10204,50.101197,63
Custom,42,10264,40.836556,60
Custom,42,10329,34.932842,65
Custom,42,10379,38.366279,50
Custom,42,10428,34.980056,49
Custom,42,10455,16.339424,27
Custom,42,10547,56.894219,92
Custom,42,10576,21.069498,29
Custom,42,10613,26.881332,37
Custom,42,10703,71.424431,90
Custom,42,10740,28.20662,37
Custom,42,10836,67.05203,96
Custom,42,10891,39.263536,55
Custom,42,10951,47.798637,60
Custom,42,11011,41.554853,60
Custom,42,11037,20.302843,26
Custom,42,11100,47.717557,63
Custom,42,11107,2.36515,7
Custom,42,11145,28.526045,38
Custom,42,11199,29.407069,54
Custom,42,11237,23.439514,38
Custom,42,11277,29.798742,40
Custom,42,11326,32.501421,49
Custom,42,11382,41.169832,56
Custom,42,11456,47.70083,74
Custom,42,11572,92.091677,116
Custom,42,11617,31.100756,45
Custom,42,11664,33.422316,47
Custom,42,11730,49.469273,66
Custom,42,11759,21.578707,29
Custom,42,11788,19.569602,29
Custom,42,11831,23.094288,43
Custom,42,11877,24.059607,46
Custom,42,11929,38.032866,52
Custom,42,11979,35.869798,50
Custom,42,11986,2.258872,7
Custom,42,12020,26.358822,34
Custom,42,12026,2.242862,6
Custom,42,12073,29.258253,47
Custom,42,12135,40.247431,62
Custom,42,12184,41.609471,49
Custom,42,12267,59.170302,83
Custom,42,12313,31.381858,46
Custom,42,12381,56.991463,68
Custom,42,12455,60.088527,74
Custom,42,12519,46.428608,64
Custom,42,12587,48.342391,68
Custom,42,12640,27.854084,53
Custom,42,12685,34.730769,45
Custom,42,12782,71.798675,97
Custom,42,12857,52.730617,75
Custom,42,12911,37.071448,54
Custom,42,13015,73.961703,104
Custom,42,13105,54.121714,90
Custom,42,13143,26.422539,38
Custom,42,13186,33.387248,43
Custom,42,13216,24.3572,30
Custom,42,13244,18.443952,28
Custom,42,13357,88.93539,113
Custom,42,13381,13.737126,24
Custom,42,13400,15.705858,19
Custom,42,13462,40.181223,62
Custom,42,13543,62.914409,81
Custom,42,13554,7.115816,11
Custom,42,13588,22.284666,34
Custom,42,13639,40.787505,51
Custom,42,13713,55.121587,74
Custom,42,13796,51.257731,83
Custom,42,13833,22.346453,37
Custom,42,13898,49.76028,65
Custom,42,13916,12.954207,18
Custom,42,13940,18.129039,24
Custom,42,14022,60.364865,82
Custom,42,14118,70.672088,96
Custom,42,14160,29.607912,42
Custom,42,14244,49.871064,84
Custom,42,14291,35.598636,47
Custom,42,14321,23.772048,30
Custom,42,14373,35.79594,52
Custom,42,14437,45.410026,64
Custom,42,14518,59.137285,81
Custom,42,14585,51.478158,67
Custom,42,14681,82.137959,96
Custom,42,14801,83.09427,120
Custom,42,14885,53.816543,84
Custom,42,14945,40.556799,60
Custom,42,15044,72.448415,99
Custom,42,15125,62.529805,81
Custom,42,15238,90.086604,113
Custom,42,15287,37.983022,49
Custom,42,15341,29.176614,54
Custom,42,15370,19.124852,29
Custom,42,15456,55.995336,86
Custom,42,15536,45.763123,80
Custom,42,15603,45.031655,67
Custom,42,15710,82.530538,107
Custom,42,15825,82.133089,115
Custom,42,15889,51.121376,64
Custom,42,15942,28.595025,53
Custom,42,16036,67.158228,94
Custom,42,16102,47.66018,66
Custom,42,16113,7.291343,11
Custom,42,16222,80.387057,109
Custom,42,16291,38.724721,69
Custom,42,16347,36.069608,56
Custom,42,16436,53.221778,89
Custom,42,16498,42.409749,62
Custom,42,16571,57.176476,73
Custom,42,16642,46.95164,71
Custom,42,16717,46.733941,75
Custom,42,16765,32.883166,48
Custom,42,16850,58.14918,85
Custom,42,16936,65.717019,86
Custom,42,17030,69.801662,94
Custom,42,17088,37.56174,58
Custom,42,17175,53.866048,87
Custom,42,17234,45.644469,59
Custom,42,17304,47.103778,70
Custom,42,17420,82.34828,116
Custom,42,17562,114.449111,142
Custom,42,17630,45.081995,68
Custom,42,17699,47.68125,69
Custom,42,17786,59.782785,87
Custom,42,17867,62.864385,81
Custom,42,17925,46.688416,58
Custom,42,18027,74.884203,102
Custom,42,18195,122.127368,168
Custom,42,18333,103.785888,138
Custom,42,18410,60.669422,77
Custom,42,18492,64.569375,82
Custom,42,18633,106.634942,141
Custom,42,18697,44.743103,64
Custom,42,18776,57.754412,79
Custom,42,18868,65.030017,92
Custom,42,19029,120.717571,161
Custom,42,19110,47.812545,81
Custom,42,19180,50.605192,70
Custom,42,19251,49.981348,71
Custom,42,19354,79.965132,103
Custom,42,19457,73.25309,103
Custom,42,19525,45.33844,68
Custom,42,19662,106.355286,137
Custom,42,19746,62.052422,84
Custom,42,19898,127.464421,152
Custom,42,20053,117.565141,155
Custom,42,20178,93.464657,125
Custom,42,20285,76.516417,107
Custom,42,20387,70.551338,102
Custom,42,20491,70.155805,104
Custom,42,20599,77.28206,108
Custom,42,20687,60.300277,88
Custom,42,20915,173.551746,228
Custom,42,21116,156.17528,201
Custom,42,21230,89.21044,114
Custom,42,21337,80.171532,107
Custom,42,21467,102.438703,130
Custom,42,21592,88.786469,125
Custom,42,21740,106.778052,148
Custom,42,21874,95.619158,134
Custom,42,22031,112.54222,157
Custom,42,22250,171.699045,219
Custom,42,22398,113.22794,148
Custom,42,22559,117.26078,161
Custom,42,22737,135.038526,178
Custom,42,22925,142.341325,188
Custom,42,23317,305.432346,392
Custom,42,23478,123.845705,161
Custom,42,23643,130.218807,165
Custom,42,23736,68.661709,93
Custom,42,23841,81.858406,105
Custom,42,24018,142.886127,177
Custom,42,24229,166.483445,211
Custom,42,24372,114.000622,143
Custom,42,24550,130.456297,178
Custom,42,25236,541.771082,686
Custom,42,26095,688.2343,859
Custom,42,27095,810.864815,1000
Custom,42,28095,814.842222,1000
Custom,42,29095,822.283896,1000
Custom,42,30095,844.600068,1000
Custom,42,31095,852.683039,1000
Custom,42,32095,870.944614,1000
Custom,42,33095,884.460719,1000
Custom,42,34095,893.470674,1000
Custom,42,35095,902.319907,1000
Custom,42,36095,910.283825,1000
Custom,42,37095,916.558903,1000
Custom,42,38095,923.947047,1000
Custom,42,39095,920.777272,1000
Custom,42,40095,933.385842,1000
Custom,42,41095,930.768186,1000
Custom,42,42095,945.641882,1000
Custom,42,43095,949.308169,1000
Custom,42,44095,951.711406,1000
Custom,42,45095,950.897592,1000
Custom,42,46095,958.295512,1000
Custom,42,47095,961.432265,1000
Custom,42,48095,966.952171,1000
Custom,42,49095,960.170055,1000
Custom,42,50095,967.951339,1000
Custom,42,51095,967.012579,1000
Custom,42,52095,971.277777,1000
Custom,42,53095,974.12669,1000
Custom,42,54095,976.194881,1000
Custom,42,55095,976.054008,1000
Custom,42,56095,980.520697,1000
Custom,42,57095,978.470427,1000
Custom,42,58095,982.04718,1000
Custom,42,59095,982.020918,1000
Custom,42,60095,983.583916,1000
Custom,42,61095,984.608368,1000
Custom,42,62095,985.655966,1000
Custom,42,62343,240.600803,248
Custom,42,63343,985.250944,1000
Custom,42,64343,985.065645,1000
Custom,42,65343,986.705903,1000
Custom,42,66343,986.302573,1000
Custom,42,67343,987.705039,1000
Custom,42,68343,987.926341,1000
Custom,42,69343,988.270032,1000
Custom,42,70343,990.077794,1000
Custom,42,71343,989.542708,1000
Custom,42,72343,990.449734,1000
Custom,42,73343,991.573052,1000
Custom,42,74343,992.12361,1000
Custom,42,75343,992.529009,1000
Custom,42,76343,991.908947,1000
Custom,42,77343,993.333558,1000
Custom,42,78343,994.009885,1000
Custom,42,79343,994.537123,1000
Custom,42,80343,994.617183,1000
Custom,42,81343,995.418191,1000
Custom,42,82343,995.18707,1000
Custom,42,83343,995.596798,1000
Custom,42,84343,995.998177,1000
Custom,42,85343,995.867308,1000
Custom,42,86343,996.325222,1000
Custom,42,87343,996.623259,1000
Custom,42,88343,996.710968,1000
Custom,42,89343,996.926298,1000
Custom,42,90343,997.246823,1000
Custom,42,91343,997.244018,1000
Custom,42,92343,997.554027,1000
Custom,42,93343,997.498724,1000
Custom,42,94343,997.653408,1000
Custom,42,95343,998.036644,1000
Custom,42,96343,997.773974,1000
Custom,42,97343,998.185258,1000
Custom,42,98343,997.94717,1000
Custom,42,99343,998.420538,1000
Custom,42,100343,998.100036,1000
Custom,43,8,-3.639776,8
Custom,43,11,-9.486127,3
Custom,43,28,4.705437,17
Custom,43,34,1.015346,6
Custom,43,46,5.934922,12
Custom,43,52,-2.89894,6
Custom,43,59,3.238504,7
Custom,43,65,-1.654139,6
Custom,43,69,-5.122481,4
Custom,43,84,8.391637,15
Custom,43,94,6.586395,10
Custom,43,99,0.297165,5
Custom,43,107,1.790269,8
Custom,43,124,11.090747,17
Custom,43,135,7.621198,11
Custom,43,157,6.409151,22
Custom,43,164,-0.544056,7
Custom,43,171,3.469755,7
Custom,43,184,8.225057,13
Custom,43,196,1.989842,12
Custom,43,201,-1.392256,5
Custom,43,216,9.504466,15
Custom,43,223,2.363158,7
Custom,43,229,1.930053,6
Custom,43,236,3.466258,7
Custom,43,240,-15.207189,4
Custom,43,245,-4.391263,5
Custom,43,249,-4.769929,4
Custom,43,253,-2.203624,4
Custom,43,256,-5.60162,3
Custom,43,267,1.26626,11
Custom,43,285,12.365412,18
Custom,43,293,3.448137,8
Custom,43,303,3.909734,10
Custom,43,308,-7.804062,5
Custom,43,315,-2.499663,7
Custom,43,323,2.24055,8
Custom,43,332,2.789412,9
Custom,43,340,3.187831,8
Custom,43,357,11.147153,17
Custom,43,361,-4.546266,4
Custom,43,368,2.53671,7
Custom,43,374,2.831449,6
Custom,43,382,3.008173,8
Custom,43,385,-10.035549,3
Custom,43,391,-4.611386,6
Custom,43,400,2.191287,9
Custom,43,407,4.119009,7
Custom,43,418,8.578846,11
Custom,43,422,-5.024552,4
Custom,43,427,-4.947526,5
Custom,43,433,-2.114061,6
Custom,43,446,-2.630919,13
Custom,43,451,-5.635149,5
Custom,43,457,-1.326403,6
Custom,43,469,1.160235,12
Custom,43,475,2.395551,6
Custom,43,479,-2.163845,4
Custom,43,489,4.519399,10
Custom,43,501,4.996675,12
Custom,43,516,0.509625,15
Custom,43,526,5.145576,10
Custom,43,535,4.308295,9
Custom,43,541,1.812584,6
Custom,43,545,-2.394395,4
Custom,43,550,-6.134236,5
Custom,43,555,-0.702853,5
Custom,43,565,4.456292,10
Custom,43,571,-2.977131,6
Custom,43,575,-5.9873,4
Custom,43,579,-1.600841,4
Custom,43,589,-4.099422,10
Custom,43,593,-4.360664,4
Custom,43,604,6.111346,11
Custom,43,655,33.24656,51
Custom,43,659,-11.49094,4
Custom,43,669,3.115983,10
Custom,43,676,0.20756,7
Custom,43,683,-0.456487,7
Custom,43,687,-0.84594,4
Custom,43,694,-5.728664,7
Custom,43,698,-7.003525,4
Custom,43,703,0.959776,5
Custom,43,714,-4.870774,11
Custom,43,719,-5.364641,5
Custom,43,730,-7.781913,11
Custom,43,738,1.291291,8
Custom,43,743,0.153203,5
Custom,43,749,-1.209798,6
Custom,43,759,5.500256,10
Custom,43,768,1.279443,9
Custom,43,774,1.847076,6
Custom,43,777,-5.264461,3
Custom,43,782,-3.388539,5
Custom,43,795,0.552271,13
Custom,43,799,-5.326421,4
Custom,43,806,1.485405,7
Custom,43,821,10.663206,15
Custom,43,829,3.45003,8
Custom,43,834,-1.460333,5
Custom,43,841,3.909997,7
Custom,43,861,15.305977,20
Custom,43,868,2.114621,7
Custom,43,877,3.038764,9
Custom,43,881,-12.321251,4
Custom,43,887,0.52559,6
Custom,43,894,1.836973,7
Custom,43,904,1.724726,10
Custom,43,910,2.086754,6
Custom,43,915,-1.098177,5
Custom,43,926,8.412825,11
Custom,43,936,1.372852,10
Custom,43,945,-7.371953,9
Custom,43,949,-5.855987,4
Custom,43,954,-0.832845,5
Custom,43,961,1.194254,7
Custom,43,968,-2.720577,7
Custom,43,974,-0.335513,6
Custom,43,979,-3.931325,5
Custom,43,987,2.980114,8
Custom,43,995,1.478688,8
Custom,43,1000,-5.756738,5
Custom,43,1017,9.495724,17
Custom,43,1029,7.294965,12
Custom,43,1033,-4.361451,4
Custom,43,1039,-2.989703,6
Custom,43,1044,-0.510188,5
Custom,43,1050,2.48931,6
Custom,43,1055,-2.565807,5
Custom,43,1064,0.596927,9
Custom,43,1068,-8.133887,4
Custom,43,1072,-2.327261,4
Custom,43,1077,-0.513485,5
Custom,43,1086,-2.944676,9
Custom,43,1089,-5.568945,3
Custom,43,1101,6.574206,12
Custom,43,1107,0.956378,6
Custom,43,1111,-1.808763,4
Custom,43,1126,4.306181,15
Custom,43,1133,3.020032,7
Custom,43,1141,-3.280096,8
Custom,43,1149,2.230348,8
Custom,43,1157,1.8386,8
Custom,43,1167,5.152318,10
Custom,43,1174,-0.88543,7
Custom,43,1180,0.524825,6
Custom,43,1184,-9.386779,4
Custom,43,1192,2.862993,8
Custom,43,1197,-1.146974,5
Custom,43,1210,8.393349,13
Custom,43,1214,-1.220722,4
Custom,43,1234,6.551914,20
Custom,43,1240,-6.274247,6
Custom,43,1246,2.409159,6
Custom,43,1253,3.900003,7
Custom,43,1256,-6.989766,3
Custom,43,1262,-3.056647,6
Custom,43,1265,-4.348791,3
Custom,43,1269,-2.753152,4
Custom,43,1282,6.111958,13
Custom,43,1292,6.151746,10
Custom,43,1296,-1.239942,4
Custom,43,1306,-3.322513,10
Custom,43,1317,5.707191,11
Custom,43,1322,-5.012741,5
Custom,43,1333,-1.125451,11
Custom,43,1338,-3.204531,5
Custom,43,1348,-3.188149,10
Custom,43,1362,3.059645,14
Custom,43,1369,2.036568,7
Custom,43,1374,-2.51144,5
Custom,43,1389,1.69637,15
Custom,43,1397,-0.100021,8
Custom,43,1404,-2.321435,7
Custom,43,1418,8.963381,14
Custom,43,1427,4.089002,9
Custom,43,1435,-2.45203,8
Custom,43,1442,0.846606,7
Custom,43,1452,4.030358,10
Custom,43,1461,6.408394,9
Custom,43,1465,-1.445731,4
Custom,43,1469,-5.539075,4
Custom,43,1473,-4.251997,4
Custom,43,1477,-2.147057,4
Custom,43,1485,3.344421,8
Custom,43,1493,4.78128,8
Custom,43,1502,3.891987,9
Custom,43,1508,-1.215911,6
Custom,43,1513,-5.378073,5
Custom,43,1520,1.571906,7
Custom,43,1530,5.282207,10
Custom,43,1537,-1.252108,7
Custom,43,1542,0.628018,5
Custom,43,1551,6.234223,9
Custom,43,1559,-6.229022,8
Custom,43,1564,-2.484376,5
Custom,43,1571,-0.28863,7
Custom,43,1575,-8.963733,4
Custom,43,1584,5.64314,9
Custom,43,1590,1.414472,6
Custom,43,1596,-2.201923,6
Custom,43,1608,6.532346,12
Custom,43,1614,-2.056394,6
Custom,43,1619,-2.346017,5
Custom,43,1628,3.830598,9
Custom,43,1636,1.494443,8
Custom,43,1642,-0.499087,6
Custom,43,1650,4.762619,8
Custom,43,1662,0.234316,12
Custom,43,1669,2.45952,7
Custom,43,1687,8.775801,18
Custom,43,1694,3.74597,7
Custom,43,1703,1.931929,9
Custom,43,1709,0.033253,6
Custom,43,1728,5.926228,19
Custom,43,1734,2.261081,6
Custom,43,1741,3.546038,7
Custom,43,1756,-1.826864,15
Custom,43,1761,-0.152628,5
Custom,43,1770,-14.241517,9
Custom,43,1780,3.103749,10
Custom,43,1797,5.926763,17
Custom,43,1800,-8.098927,3
Custom,43,1811,4.166781,11
Custom,43,1816,-1.532378,5
Custom,43,1827,5.398804,11
Custom,43,1833,-0.478561,6
Custom,43,1841,2.335713,8
Custom,43,1848,1.851417,7
Custom,43,1852,-0.551612,4
Custom,43,1857,-6.507154,5
Custom,43,1864,-3.597624,7
Custom,43,1876,-4.204283,12
Custom,43,1885,4.810714,9
Custom,43,1902,10.088616,17
Custom,43,1906,-2.995127,4
Custom,43,1913,-7.468078,7
Custom,43,1919,0.370802,6
Custom,43,1928,3.638525,9
Custom,43,1940,7.128986,12
Custom,43,1946,1.468956,6
Custom,43,1958,0.543876,12
Custom,43,1966,1.675339,8
Custom,43,1985,10.461235,19
Custom,43,1989,-7.100476,4
Custom,43,1993,-6.001392,4
Custom,43,1998,-1.094944,5
Custom,43,2008,1.544274,10
Custom,43,2012,-5.189623,4
Custom,43,2020,2.029699,8
Custom,43,2027,2.69644,7
Custom,43,2032,-2.102065,5
Custom,43,2040,-7.37477,8
Custom,43,2058,9.555504,18
Custom,43,2065,-1.314915,7
Custom,43,2074,2.402585,9
Custom,43,2081,2.021073,7
Custom,43,2087,1.858813,6
Custom,43,2092,-1.853098,5
Custom,43,2100,4.049808,8
Custom,43,2109,4.069592,9
Custom,43,2117,-0.104797,8
Custom,43,2124,-0.060586,7
Custom,43,2134,6.550626,10
Custom,43,2147,7.9146,13
Custom,43,2156,5.164339,9
Custom,43,2161,0.529422,5
Custom,43,2167,1.211281,6
Custom,43,2183,13.389421,16
Custom,43,2189,2.904863,6
Custom,43,2200,7.462647,11
Custom,43,2208,4.681831,8
Custom,43,2226,11.305339,18
Custom,43,2231,-1.43018,5
Custom,43,2236,-6.060151,5
Custom,43,2244,3.739607,8
Custom,43,2252,1.757427,8
Custom,43,2262,-0.946441,10
Custom,43,2268,-0.114123,6
Custom,43,2288,9.455455,20
Custom,43,2294,1.925428,6
Custom,43,2306,4.298783,12
Custom,43,2323,12.215753,17
Custom,43,2335,6.668261,12
Custom,43,2341,1.495908,6
Custom,43,2353,6.899337,12
Custom,43,2370,4.880704,17
Custom,43,2377,-0.300285,7
Custom,43,2383,1.212856,6
Custom,43,2390,1.923775,7
Custom,43,2396,2.81987,6
Custom,43,2424,21.484363,28
Custom,43,2429,0.751995,5
Custom,43,2433,-2.871242,4
Custom,43,2441,-0.464998,8
Custom,43,2454,4.25234,13
Custom,43,2462,-1.013225,8
Custom,43,2468,1.924566,6
Custom,43,2471,-5.901166,3
Custom,43,2482,7.058788,11
Custom,43,2498,7.055099,16
Custom,43,2532,23.365631,34
Custom,43,2550,10.746302,18
Custom,43,2555,1.145556,5
Custom,43,2560,-2.408769,5
Custom,43,2577,1.520941,17
Custom,43,2589,0.378151,12
Custom,43,2603,7.304098,14
Custom,43,2615,1.153454,12
Custom,43,2619,-5.079462,4
Custom,43,2636,5.794478,17
Custom,43,2659,14.248808,23
Custom,43,2684,15.658803,25
Custom,43,2702,9.284135,18
Custom,43,2707,-3.626603,5
Custom,43,2716,3.040551,9
Custom,43,2721,-4.720281,5
Custom,43,2733,8.67368,12
Custom,43,2742,4.775344,9
Custom,43,2746,-0.446882,4
Custom,43,2752,0.840675,6
Custom,43,2763,7.406232,11
Custom,43,2782,10.034791,19
Custom,43,2785,-6.864723,3
Custom,43,2796,6.238863,11
Custom,43,2806,5.753752,10
Custom,43,2817,8.022495,11
Custom,43,2823,0.147759,6
Custom,43,2829,2.464315,6
Custom,43,2837,3.847206,8
Custom,43,2842,0.900808,5
Custom,43,2855,4.570227,13
Custom,43,2874,12.665059,19
Custom,43,2891,14.096528,17
Custom,43,2898,2.798569,7
Custom,43,2917,7.97295,19
Custom,43,2925,5.12506,8
Custom,43,2930,-1.96691,5
Custom,43,2941,3.009216,11
Custom,43,2954,9.322561,13
Custom,43,2965,7.364917,11
Custom,43,2976,7.84441,11
Custom,43,2985,5.121963,9
Custom,43,2990,-5.796478,5
Custom,43,2994,-1.826871,4
Custom,43,3002,-1.144929,8
Custom,43,3007,-4.041951,5
Custom,43,3012,-5.316426,5
Custom,43,3017,-0.554505,5
Custom,43,3024,1.015931,7
Custom,43,3031,2.969292,7
Custom,43,3043,7.978381,12
Custom,43,3054,7.2279,11
Custom,43,3064,2.123366,10
Custom,43,3071,3.177295,7
Custom,43,3086,9.15088,15
Custom,43,3102,11.258926,16
Custom,43,3115,2.477202,13
Custom,43,3121,2.361905,6
Custom,43,3131,6.368717,10
Custom,43,3143,6.417368,12
Custom,43,3155,6.973387,12
Custom,43,3167,5.060816,12
Custom,43,3176,6.318614,9
Custom,43,3190,9.747991,14
Custom,43,3208,8.86185,18
Custom,43,3218,3.650776,10
Custom,43,3244,17.090516,26
Custom,43,3251,-2.233812,7
Custom,43,3262,1.151992,11
Custom,43,3271,-0.55208,9
Custom,43,3275,-3.502405,4
Custom,43,3289,10.073242,14
Custom,43,3300,-2.059811,11
Custom,43,3310,5.007643,10
Custom,43,3318,3.702111,8
Custom,43,3330,8.074665,12
Custom,43,3356,16.317568,26
Custom,43,3365,0.934427,9
Custom,43,3392,22.282122,27
Custom,43,3398,-2.962437,6
Custom,43,3403,0.748357,5
Custom,43,3415,6.692858,12
Custom,43,3418,-3.601416,3
Custom,43,3422,-1.155556,4
Custom,43,3433,6.035766,11
Custom,43,3446,4.157715,13
Custom,43,3455,4.714387,9
Custom,43,3466,1.035948,11
Custom,43,3475,1.899,9
Custom,43,3480,-0.696033,5
Custom,43,3495,9.112479,15
Custom,43,3501,-2.983235,6
Custom,43,3513,7.954851,12
Custom,43,3517,-1.179761,4
Custom,43,3526,5.419009,9
Custom,43,3532,-2.14584,6
Custom,43,3553,13.064875,21
Custom,43,3565,5.50003,12
Custom,43,3595,12.92531,30
Custom,43,3602,2.750466,7
Custom,43,3625,14.249802,23
Custom,43,3651,15.948263,26
Custom,43,3659,3.124031,8
Custom,43,3678,13.035693,19
Custom,43,3683,-1.13768,5
Custom,43,3687,-6.477773,4
Custom,43,3693,2.155632,6
Custom,43,3701,3.530192,8
Custom,43,3707,-4.508846,6
Custom,43,3717,4.423187,10
Custom,43,3722,-2.664563,5
Custom,43,3733,6.264821,11
Custom,43,3741,2.431942,8
Custom,43,3763,11.432585,22
Custom,43,3768,0.544286,5
Custom,43,3779,4.65535,11
Custom,43,3792,3.715283,13
Custom,43,3800,4.043349,8
Custom,43,3808,1.408141,8
Custom,43,3812,-5.719874,4
Custom,43,3836,15.271206,24
Custom,43,3846,6.238224,10
Custom,43,3865,15.711357,19
Custom,43,3875,7.497369,10
Custom,43,3886,-4.033115,11
Custom,43,3898,9.196679,12
Custom,43,3913,10.153203,15
Custom,43,3935,16.310259,22
Custom,43,3940,-1.697026,5
Custom,43,3955,11.640966,15
Custom,43,3990,20.901073,35
Custom,43,4007,4.642731,17
Custom,43,4013,1.398948,6
Custom,43,4024,0.982998,11
Custom,43,4031,3.742702,7
Custom,43,4037,3.14291,6
Custom,43,4053,8.854841,16
Custom,43,4071,9.685788,18
Custom,43,4079,2.507942,8
Custom,43,4089,4.27383,10
Custom,43,4098,4.162469,9
Custom,43,4110,9.304704,12
Custom,43,4115,-0.035446,5
Custom,43,4131,11.529372,16
Custom,43,4149,11.187916,18
Custom,43,4161,7.492922,12
Custom,43,4166,-0.541177,5
Custom,43,4187,16.449947,21
Custom,43,4193,-5.181926,6
Custom,43,4202,2.881411,9
Custom,43,4210,4.485831,8
Custom,43,4221,5.382842,11
Custom,43,4237,9.54355,16
Custom,43,4254,12.934546,17
Custom,43,4262,4.95513,8
Custom,43,4286,16.584829,24
Custom,43,4298,5.678876,12
Custom,43,4314,10.932086,16
Custom,43,4322,2.494503,8
Custom,43,4364,29.973705,42
Custom,43,4374,4.160467,10
Custom,43,4401,20.403782,27
Custom,43,4406,0.406021,5
Custom,43,4414,3.553348,8
Custom,43,4421,-0.253732,7
Custom,43,4428,3.456918,7
Custom,43,4442,7.004916,14
Custom,43,4469,18.062221,27
Custom,43,4484,8.167164,15
Custom,43,4517,25.503168,33
Custom,43,4540,17.057275,23
Custom,43,4545,-0.687924,5
Custom,43,4571,18.566773,26
Custom,43,4589,6.804827,18
Custom,43,4595,2.002905,6
Custom,43,4628,24.426889,33
Custom,43,4633,0.491152,5
Custom,43,4640,3.284453,7
Custom,43,4650,5.751184,10
Custom,43,4656,1.18433,6
Custom,43,4667,5.945487,11
Custom,43,4735,45.056591,68
Custom,43,4758,17.891026,23
Custom,43,4769,7.602293,11
Custom,43,4786,12.521627,17
Custom,43,4800,10.33557,14
Custom,43,4828,12.310837,28
Custom,43,4845,9.007393,17
Custom,43,4855,-2.976708,10
Custom,43,4875,14.478473,20
Custom,43,4901,15.09818,26
Custom,43,4937,27.515019,36
Custom,43,4977,31.395694,40
Custom,43,4989,8.770437,12
Custom,43,4997,4.643536,8
Custom,43,5027,20.440274,30
Custom,43,5051,18.890738,24
Custom,43,5058,2.038845,7
Custom,43,5079,13.290231,21
Custom,43,5086,3.912573,7
Custom,43,5093,1.774027,7
Custom,43,5115,16.196558,22
Custom,43,5135,11.524719,20
Custom,43,5143,3.681267,8
Custom,43,5161,6.245818,18
Custom,43,5198,24.846158,37
Custom,43,5213,11.246914,15
Custom,43,5218,0.576209,5
Custom,43,5227,4.387839,9
Custom,43,5238,2.279673,11
Custom,43,5266,21.994983,28
Custom,43,5277,7.917135,11
Custom,43,5282,0.110087,5
Custom,43,5289,0.357212,7
Custom,43,5297,-0.106821,8
Custom,43,5330,25.141104,33
Custom,43,5344,9.821249,14
Custom,43,5372,21.825766,28
Custom,43,5405,21.826267,33
Custom,43,5432,18.92234,27
Custom,43,5437,0.552295,5
Custom,43,5449,8.880424,12
Custom,43,5463,9.027174,14
Custom,43,5479,6.095744,16
Custom,43,5500,15.676743,21
Custom,43,5533,20.92278,33
Custom,43,5541,2.584621,8
Custom,43,5562,13.357433,21
Custom,43,5570,-4.138011,8
Custom,43,5591,17.562359,21
Custom,43,5607,12.53711,16
Custom,43,5617,6.449947,10
Custom,43,5659,29.300846,42
Custom,43,5667,2.059123,8
Custom,43,5677,5.292927,10
Custom,43,5693,8.10408,16
Custom,43,5708,10.954784,15
Custom,43,5715,3.143825,7
Custom,43,5734,13.511458,19
Custom,43,5742,4.512866,8
Custom,43,5746,-0.995524,4
Custom,43,5769,18.130547,23
Custom,43,5783,8.071081,14
Custom,43,5804,15.196217,21
Custom,43,5811,2.227928,7
Custom,43,5829,13.327277,18
Custom,43,5837,4.776664,8
Custom,43,5850,8.11923,13
Custom,43,5864,10.570792,14
Custom,43,5873,4.109796,9
Custom,43,5893,12.778632,20
Custom,43,5912,15.997397,19
Custom,43,5921,5.184061,9
Custom,43,5927,2.295733,6
Custom,43,5935,3.113913,8
Custom,43,5959,16.967896,24
Custom,43,5973,8.612615,14
Custom,43,5998,17.919792,25
Custom,43,6040,23.855088,42
Custom,43,6048,3.997062,8
Custom,43,6059,4.747334,11
Custom,43,6064,-0.642714,5
Custom,43,6069,-1.07716,5
Custom,43,6078,5.125489,9
Custom,43,6095,11.615137,17
Custom,43,6126,20.358684,31
Custom,43,6148,16.019278,22
Custom,43,6157,4.877187,9
Custom,43,6186,19.217067,29
Custom,43,6206,14.234987,20
Custom,43,6233,20.793534,27
Custom,43,6257,16.922377,24
Custom,43,6262,0.62439,5
Custom,43,6283,14.867427,21
Custom,43,6307,19.469487,24
Custom,43,6313,1.322094,6
Custom,43,6323,6.41437,10
Custom,43,6330,0.6695,7
Custom,43,6336,1.874478,6
Custom,43,6371,24.807063,35
Custom,43,6393,12.763871,22
Custom,43,6408,11.196464,15
Custom,43,6414,-2.623051,6
Custom,43,6435,13.868482,21
Custom,43,6440,0.540818,5
Custom,43,6449,2.104611,9
Custom,43,6454,1.310245,5
Custom,43,6463,5.509436,9
Custom,43,6500,23.954549,37
Custom,43,6510,5.646151,10
Custom,43,6565,36.885228,55
Custom,43,6577,8.849831,12
Custom,43,6588,7.411032,11
Custom,43,6608,15.393524,20
Custom,43,6613,-2.224209,5
Custom,43,6660,35.035249,47
Custom,43,6680,14.274966,20
Custom,43,6699,15.363643,19
Custom,43,6720,14.598543,21
Custom,43,6725,0.570476,5
Custom,43,6742,12.295384,17
Custom,43,6769,20.23943,27
Custom,43,6814,35.89429,45
Custom,43,6824,6.716725,10
Custom,43,6842,13.827346,18
Custom,43,6889,37.062064,47
Custom,43,6899,5.75644,10
Custom,43,6924,21.241546,25
Custom,43,6929,-1.289424,5
Custom,43,6941,9.712115,12
Custom,43,6971,21.960326,30
Custom,43,6996,15.934549,25
Custom,43,7004,4.367054,8
Custom,43,7009,0.777504,5
Custom,43,7026,12.89588,17
Custom,43,7046,14.268077,20
Custom,43,7061,11.5171,15
Custom,43,7098,28.100109,37
Custom,43,7151,40.261709,53
Custom,43,7171,13.080558,20
Custom,43,7180,6.242613,9
Custom,43,7191,6.497374,11
Custom,43,7230,20.374834,39
Custom,43,7239,3.545899,9
Custom,43,7245,1.818737,6
Custom,43,7278,22.666871,33
Custom,43,7315,23.003918,37
Custom,43,7324,3.514158,9
Custom,43,7343,14.80047,19
Custom,43,7394,33.41452,51
Custom,43,7405,7.893301,11
Custom,43,7436,20.826425,31
Custom,43,7474,29.111859,38
Custom,43,7480,0.416472,6
Custom,43,7496,11.650595,16
Custom,43,7508,8.11435,12
Custom,43,7537,21.383976,29
Custom,43,7562,18.756144,25
Custom,43,7573,4.870789,11
Custom,43,7587,10.959408,14
Custom,43,7631,29.713097,44
Custom,43,7653,13.455837,22
Custom,43,7658,0.034165,5
Custom,43,7670,7.483597,12
Custom,43,7691,14.659729,21
Custom,43,7742,38.362239,51
Custom,43,7791,35.487939,49
Custom,43,7807,6.292724,16
Custom,43,7818,8.960316,11
Custom,43,7825,3.049127,7
Custom,43,7829,-1.936977,4
Custom,43,7872,32.341198,43
Custom,43,7878,1.808898,6
Custom,43,7902,13.360849,24
Custom,43,7915,8.891682,13
Custom,43,7938,13.171834,23
Custom,43,7943,1.201481,5
Custom,43,7949,1.45456,6
Custom,43,8026,59.390172,77
Custom,43,8038,6.839857,12
Custom,43,8047,4.411536,9
Custom,43,8056,6.103118,9
Custom,43,8106,34.972464,50
Custom,43,8114,0.079947,8
Custom,43,8132,11.550385,18
Custom,43,8155,12.557528,23
Custom,43,8183,21.071516,28
Custom,43,8194,4.15836,11
Custom,43,8217,16.388364,23
Custom,43,8284,46.764206,67
Custom,43,8307,19.073538,23
Custom,43,8356,40.313471,49
Custom,43,8417,45.842951,61
Custom,43,8430,8.602085,13
Custom,43,8542,88.652227,112
Custom,43,8583,13.997837,41
Custom,43,8667,66.135464,84
Custom,43,8702,26.226933,35
Custom,43,8712,5.891859,10
Custom,43,8774,41.661636,62
Custom,43,8802,20.514585,28
Custom,43,8816,10.10828,14
Custom,43,8876,42.829795,60
Custom,43,8933,36.386456,57
Custom,43,8965,20.077219,32
Custom,43,9006,33.121946,41
Custom,43,9052,29.751158,46
Custom,43,9059,2.177943,7
Custom,43,9085,18.832662,26
Custom,43,9104,13.367345,19
Custom,43,9113,4.124958,9
Custom,43,9120,2.952576,7
Custom,43,9211,67.445338,91
Custom,43,9225,9.042035,14
Custom,43,9302,57.600397,77
Custom,43,9317,3.694414,15
Custom,43,9355,30.788834,38
Custom,43,9372,11.202459,17
Custom,43,9433,47.301758,61
Custom,43,9545,82.288418,112
Custom,43,9571,20.527535,26
Custom,43,9599,20.724653,28
Custom,43,9668,47.54865,69
Custom,43,9732,42.157103,64
Custom,43,9743,6.52727,11
Custom,43,9790,38.287312,47
Custom,43,9836,28.953319,46
Custom,43,9875,23.71829,39
Custom,43,9974,74.269334,99
Custom,43,10007,28.011372,33
Custom,43,10048,28.031175,41
Custom,43,10115,47.045473,67
Custom,43,10141,14.420908,26
Custom,43,10197,40.786723,56
Custom,43,10238,29.261395,41
Custom,43,10285,34.691259,47
Custom,43,10317,25.047365,32
Custom,43,10413,68.447367,96
Custom,43,10435,13.423213,22
Custom,43,10478,8.301415,43
Custom,43,10486,4.447378,8
Custom,43,10492,2.472181,6
Custom,43,10505,9.103826,13
Custom,43,10596,69.546358,91
Custom,43,10610,7.509473,14
Custom,43,10659,22.132336,49
Custom,43,10670,8.215208,11
Custom,43,10720,27.45412,50
Custom,43,10804,53.10016,84
Custom,43,10852,28.624297,48
Custom,43,10896,20.031445,44
Custom,43,10916,16.276893,20
Custom,43,10936,12.191713,20
Custom,43,11033,57.745529,97
Custom,43,11066,22.39874,33
Custom,43,11112,26.146636,46
Custom,43,11199,72.873124,87
Custom,43,11263,51.383876,64
Custom,43,11288,19.629329,25
Custom,43,11433,102.301717,145
Custom,43,11528,66.153466,95
Custom,43,11577,34.265781,49
Custom,43,11585,4.89856,8
Custom,43,11614,21.796616,29
Custom,43,11679,51.943966,65
Custom,43,11697,15.809913,18
Custom,43,11752,39.132152,55
Custom,43,11802,28.246093,50
Custom,43,11848,29.82729,46
Custom,43,11854,2.416329,6
Custom,43,11901,34.312775,47
Custom,43,11940,26.431407,39
Custom,43,11996,39.16709,56
Custom,43,12072,56.999583,76
Custom,43,12141,50.493633,69
Custom,43,12146,0.652548,5
Custom,43,12234,42.977737,88
Custom,43,12256,11.281134,22
Custom,43,12368,77.72384,112
Custom,43,12515,110.664277,147
Custom,43,12619,73.131099,104
Custom,43,12764,106.157317,145
Custom,43,12877,85.924127,113
Custom,43,12929,23.919457,52
Custom,43,12992,33.069341,63
Custom,43,13069,54.917102,77
Custom,43,13101,18.810925,32
Custom,43,13192,73.729358,91
Custom,43,13335,115.169407,143
Custom,43,13432,68.624026,97
Custom,43,13511,54.346059,79
Custom,43,13566,36.72655,55
Custom,43,13657,64.677543,91
Custom,43,13742,62.301382,85
Custom,43,13892,110.074731,150
Custom,43,13957,48.928888,65
Custom,43,14030,49.854634,73
Custom,43,14071,21.707674,41
Custom,43,14143,54.962324,72
Custom,43,14242,74.755747,99
Custom,43,14331,66.031073,89
Custom,43,14382,35.757711,51
Custom,43,14514,88.217913,132
Custom,43,14590,54.284145,76
Custom,43,14698,80.224059,108
Custom,43,14798,70.744935,100
Custom,43,14913,89.758604,115
Custom,43,15067,114.679259,154
Custom,43,15128,47.553437,61
Custom,43,15168,29.673274,40
Custom,43,15224,45.585181,56
Custom,43,15272,21.828154,48
Custom,43,15372,71.119124,100
Custom,43,15379,2.063618,7
Custom,43,15528,118.967473,149
Custom,43,15629,77.171573,101
Custom,43,15811,131.799386,182
Custom,43,16068,201.27601,257
Custom,43,16096,19.700598,28
Custom,43,16227,94.691331,131
Custom,43,16356,96.789829,129
Custom,43,16508,115.215628,152
Custom,43,16583,52.628564,75
Custom,43,16710,98.073977,127
Custom,43,16794,56.292417,84
Custom,43,16936,110.357685,142
Custom,43,17014,47.247703,78
Custom,43,17109,68.637093,95
Custom,43,17254,115.41874,145
Custom,43,17384,93.002143,130
Custom,43,17501,75.154209,117
Custom,43,17657,126.326467,156
Custom,43,17771,80.700297,114
Custom,43,18028,192.363415,257
Custom,43,18162,105.304425,134
Custom,43,19020,668.644871,858
Custom,43,19266,194.859139,246
Custom,43,19575,244.263766,309
Custom,43,19813,176.061786,238
Custom,43,19942,97.570127,129
Custom,43,19979,29.20908,37
Custom,43,20484,403.100132,505
Custom,43,21484,794.668807,1000
Custom,43,21723,188.674128,239
Custom,43,22202,379.163271,479
Custom,43,23202,794.248057,1000
Custom,43,24202,815.983871,1000
Custom,43,25202,824.82496,1000
Custom,43,26202,824.063001,1000
Custom,43,27202,857.70365,1000
Custom,43,28202,872.088915,1000
Custom,43,29202,867.1883,1000
Custom,43,30202,888.879513,1000
Custom,43,31202,887.453784,1000
Custom,43,32202,892.950072,1000
Custom,43,33202,904.764077,1000
Custom,43,34202,909.793247,1000
Custom,43,35202,919.550439,1000
Custom,43,36202,931.347936,1000
Custom,43,37202,926.96547,1000
Custom,43,38202,938.54718,1000
Custom,43,39202,937.258276,1000
Custom,43,40202,948.607,1000
Custom,43,41202,946.541127,1000
Custom,43,42179,931.154716,977
Custom,43,43179,955.090098,1000
Custom,43,43686,480.684724,507
Custom,43,44686,955.412803,1000
Custom,43,45686,951.71195,1000
Custom,43,46686,954.965034,1000
Custom,43,47686,955.144195,1000
Custom,43,48686,959.563867,1000
Custom,43,49686,959.688767,1000
Custom,43,50686,963.531987,1000
Custom,43,51686,968.411183,1000
Custom,43,52686,970.690177,1000
Custom,43,53686,973.594342,1000
Custom,43,54686,976.7117,1000
Custom,43,55686,977.047514,1000
Custom,43,56686,979.131775,1000
Custom,43,57686,979.588342,1000
Custom,43,58686,981.069444,1000
Custom,43,59686,983.737438,1000
Custom,43,60686,983.756667,1000
Custom,43,61686,983.49433,1000
Custom,43,62686,985.53007,1000
Custom,43,63686,987.466697,1000
Custom,43,64686,988.452562,1000
Custom,43,65686,988.225673,1000
Custom,43,66686,989.444506,1000
Custom,43,67686,989.798591,1000
Custom,43,68686,989.603329,1000
Custom,43,69686,991.469907,1000
Custom,43,70686,990.774852,1000
Custom,43,71686,992.021386,1000
Custom,43,72686,991.904013,1000
Custom,43,73686,991.900998,1000
Custom,43,74686,992.85412,1000
Custom,43,75686,993.034892,1000
Custom,43,76686,993.86388,1000
Custom,43,77686,993.868793,1000
Custom,43,78686,994.569728,1000
Custom,43,79686,994.921713,1000
Custom,43,80686,995.506415,1000
Custom,43,81686,995.37585,1000
Custom,43,82686,995.762312,1000
Custom,43,83686,995.917678,1000
Custom,43,84686,995.793325,1000
Custom,43,85686,996.278294,1000
Custom,43,86686,995.631691,1000
Custom,43,87686,996.683234,1000
Custom,43,88686,996.56568,1000
Custom,43,89686,996.982236,1000
Custom,43,90686,997.133218,1000
Custom,43,91686,996.988143,1000
Custom,43,92686,997.059347,1000
Custom,43,93686,997.255361,1000
Custom,43,94686,997.759508,1000
Custom,43,95686,997.796536,1000
Custom,43,96686,997.929086,1000
Custom,43,97686,997.680368,1000
Custom,43,98686,997.360872,1000
Custom,43,99686,998.225852,1000
Custom,44,18,7.596225,18
Custom,44,35,12.469248,17
Custom,44,42,-1.707424,7
Custom,44,45,-9.570901,3
Custom,44,52,1.926602,7
Custom,44,56,-4.42461,4
Custom,44,61,-0.861499,5
Custom,44,71,6.056637,10
Custom,44,78,2.98995,7
Custom,44,83,-3.382012,5
Custom,44,93,4.075883,10
Custom,44,100,-3.925327,7
Custom,44,105,-1.548192,5
Custom,44,110,-5.403591,5
Custom,44,117,2.944901,7
Custom,44,126,5.623653,9
Custom,44,132,0.331712,6
Custom,44,139,0.223538,7
Custom,44,145,-1.171712,6
Custom,44,156,7.507319,11
Custom,44,160,-2.929558,4
Custom,44,165,-7.685584,5
Custom,44,170,-4.085188,5
Custom,44,176,1.540192,6
Custom,44,184,-1.047634,8
Custom,44,190,1.353713,6
Custom,44,202,2.511784,12
Custom,44,210,3.006538,8
Custom,44,215,-4.547558,5
Custom,44,226,7.573353,11
Custom,44,236,2.695305,10
Custom,44,242,-0.319448,6
Custom,44,247,-1.153028,5
Custom,44,255,-0.835731,8
Custom,44,272,10.091358,17
Custom,44,277,-5.25213,5
Custom,44,298,7.341941,21
Custom,44,314,0.483368,16
Custom,44,326,6.543161,12
Custom,44,333,0.739102,7
Custom,44,343,4.516007,10
Custom,44,350,2.363135,7
Custom,44,361,4.606311,11
Custom,44,372,3.89539,11
Custom,44,375,-4.625447,3
Custom,44,383,1.870305,8
Custom,44,389,0.37303,6
Custom,44,396,0.317896,7
Custom,44,418,14.235012,22
Custom,44,422,-6.026205,4
Custom,44,427,-4.686367,5
Custom,44,437,5.016014,10
Custom,44,451,8.5421,14
Custom,44,458,3.299771,7
Custom,44,465,1.848247,7
Custom,44,469,-6.724955,4
Custom,44,476,2.024137,7
Custom,44,481,0.920108,5
Custom,44,492,2.818819,11
Custom,44,505,-3.866404,13
Custom,44,511,-1.34564,6
Custom,44,520,-1.046395,9
Custom,44,528,-2.765685,8
Custom,44,534,1.364457,6
Custom,44,543,-12.017441,9
Custom,44,547,-8.925558,4
Custom,44,553,2.441192,6
Custom,44,556,-4.800425,3
Custom,44,564,2.26002,8
Custom,44,577,-11.128582,13
Custom,44,586,4.574395,9
Custom,44,598,5.481525,12
Custom,44,621,16.973668,23
Custom,44,625,-4.237293,4
Custom,44,631,1.421499,6
Custom,44,643,-0.581029,12
Custom,44,648,0.792213,5
Custom,44,656,0.791197,8
Custom,44,660,-2.106733,4
Custom,44,667,0.21116,7
Custom,44,677,0.61044,10
Custom,44,682,-0.067277,5
Custom,44,687,-2.42019,5
Custom,44,696,-4.924087,9
Custom,44,706,3.41448,10
Custom,44,711,-4.233267,5
Custom,44,719,4.707727,8
Custom,44,725,2.067696,6
Custom,44,734,-5.746912,9
Custom,44,739,0.001752,5
Custom,44,746,-10.307712,7
Custom,44,762,5.872125,16
Custom,44,772,3.944533,10
Custom,44,777,-6.902093,5
Custom,44,781,-5.891729,4
Custom,44,785,-4.861338,4
Custom,44,796,0.517727,11
Custom,44,802,2.053919,6
Custom,44,806,-4.539646,4
Custom,44,814,3.40991,8
Custom,44,819,-12.74755,5
Custom,44,829,4.160759,10
Custom,44,849,9.038436,20
Custom,44,856,0.837436,7
Custom,44,862,0.786283,6
Custom,44,867,-7.149803,5
Custom,44,877,5.601969,10
Custom,44,883,1.197211,6
Custom,44,891,-8.78584,8
Custom,44,899,-0.76437,8
Custom,44,910,7.784159,11
Custom,44,918,4.289534,8
Custom,44,934,11.000024,16
Custom,44,941,2.382912,7
Custom,44,945,-12.93645,4
Custom,44,955,-6.98336,10
Custom,44,959,-2.573127,4
Custom,44,964,1.364469,5
Custom,44,969,-2.790214,5
Custom,44,992,0.32995,23
Custom,44,997,-1.162573,5
Custom,44,1029,20.489759,32
Custom,44,1041,-0.674011,12
Custom,44,1053,6.801561,12
Custom,44,1067,2.877173,14
Custom,44,1070,-6.677532,3
Custom,44,1080,6.559357,10
Custom,44,1088,2.470992,8
Custom,44,1093,-4.163714,5
Custom,44,1105,2.326478,12
Custom,44,1111,0.320522,6
Custom,44,1116,-1.542854,5
Custom,44,1121,-2.043869,5
Custom,44,1127,0.066814,6
Custom,44,1133,-5.783934,6
Custom,44,1145,5.770363,12
Custom,44,1151,-1.503389,6
Custom,44,1164,7.293574,13
Custom,44,1172,-1.384606,8
Custom,44,1184,6.182594,12
Custom,44,1191,1.908364,7
Custom,44,1196,-10.362228,5
Custom,44,1201,-2.303918,5
Custom,44,1207,-1.064703,6
Custom,44,1216,-0.686023,9
Custom,44,1224,4.244936,8
Custom,44,1230,0.860512,6
Custom,44,1240,6.908834,10
Custom,44,1252,6.371567,12
Custom,44,1255,-5.934803,3
Custom,44,1267,-2.394339,12
Custom,44,1287,11.521956,20
Custom,44,1292,-0.056018,5
Custom,44,1314,14.645471,22
Custom,44,1320,3.04885,6
Custom,44,1325,-4.60393,5
Custom,44,1333,-2.535483,8
Custom,44,1340,0.040638,7
Custom,44,1346,2.542085,6
Custom,44,1375,15.020426,29
Custom,44,1382,0.75198,7
Custom,44,1388,1.974379,6
Custom,44,1393,-3.817319,5
Custom,44,1413,9.458241,20
Custom,44,1427,6.170866,14
Custom,44,1436,-2.242765,9
Custom,44,1446,-1.11124,10
Custom,44,1458,7.780564,12
Custom,44,1464,1.088761,6
Custom,44,1469,0.683034,5
Custom,44,1478,1.64253,9
Custom,44,1496,9.898087,18
Custom,44,1501,-1.596632,5
Custom,44,1516,7.282176,15
Custom,44,1521,-9.892777,5
Custom,44,1526,-2.476793,5
Custom,44,1543,8.508159,17
Custom,44,1548,0.140804,5
Custom,44,1552,-7.51111,4
Custom,44,1565,9.327889,13
Custom,44,1573,2.363955,8
Custom,44,1579,0.098259,6
Custom,44,1583,-4.198754,4
Custom,44,1594,5.892289,11
Custom,44,1602,-5.128431,8
Custom,44,1607,-0.367074,5
Custom,44,1625,9.150727,18
Custom,44,1631,-1.755225,6
Custom,44,1636,-0.950472,5
Custom,44,1643,1.989978,7
Custom,44,1650,2.660832,7
Custom,44,1656,-0.943776,6
Custom,44,1665,-0.036248,9
Custom,44,1676,6.629539,11
Custom,44,1683,1.659706,7
Custom,44,1695,2.12746,12
Custom,44,1705,5.054092,10
Custom,44,1710,-0.03305,5
Custom,44,1720,1.950664,10
Custom,44,1725,-5.088438,5
Custom,44,1734,1.935218,9
Custom,44,1739,-6.335075,5
Custom,44,1755,9.284161,16
Custom,44,1760,0.168208,5
Custom,44,1768,3.234416,8
Custom,44,1779,-4.717346,11
Custom,44,1783,-1.60621,4
Custom,44,1787,-1.142212,4
Custom,44,1791,-1.699532,4
Custom,44,1807,3.216719,16
Custom,44,1813,1.457564,6
Custom,44,1817,-5.288205,4
Custom,44,1822,-2.882328,5
Custom,44,1829,1.575642,7
Custom,44,1839,1.141095,10
Custom,44,1847,4.244383,8
Custom,44,1855,2.588523,8
Custom,44,1861,-2.835961,6
Custom,44,1869,1.278246,8
Custom,44,1881,6.487855,12
Custom,44,1885,-2.879049,4
Custom,44,1897,5.107603,12
Custom,44,1910,1.845536,13
Custom,44,1926,4.456011,16
Custom,44,1935,3.733054,9
Custom,44,1943,4.126538,8
Custom,44,1951,0.306697,8
Custom,44,1962,-1.041009,11
Custom,44,1969,3.060711,7
Custom,44,1999,20.191507,30
Custom,44,2007,5.160956,8
Custom,44,2014,1.691954,7
Custom,44,2028,9.928578,14
Custom,44,2045,10.683882,17
Custom,44,2052,2.271151,7
Custom,44,2058,1.432997,6
Custom,44,2070,7.766586,12
Custom,44,2076,2.271811,6
Custom,44,2086,6.106946,10
Custom,44,2113,17.113075,27
Custom,44,2118,-0.19132,5
Custom,44,2124,-2.077392,6
Custom,44,2130,1.812115,6
Custom,44,2140,3.668728,10
Custom,44,2151,4.248359,11
Custom,44,2158,-1.270227,7
Custom,44,2170,4.962976,12
Custom,44,2177,-0.263338,7
Custom,44,2188,4.830298,11
Custom,44,2195,3.502857,7
Custom,44,2202,3.501462,7
Custom,44,2206,-0.856525,4
Custom,44,2216,4.530891,10
Custom,44,2224,2.622255,8
Custom,44,2231,2.041227,7
Custom,44,2265,18.748688,34
Custom,44,2271,-3.315317,6
Custom,44,2280,2.977156,9
Custom,44,2291,5.631482,11
Custom,44,2306,8.213625,15
Custom,44,2322,10.278775,16
Custom,44,2331,5.794078,9
Custom,44,2347,11.015181,16
Custom,44,2356,4.2026,9
Custom,44,2373,12.451361,17
Custom,44,2378,-3.425853,5
Custom,44,2385,0.103881,7
Custom,44,2392,2.944038,7
Custom,44,2403,5.987504,11
Custom,44,2409,0.731643,6
Custom,44,2418,4.998056,9
Custom,44,2424,-0.839482,6
Custom,44,2441,12.555787,17
Custom,44,2448,1.252635,7
Custom,44,2459,6.043036,11
Custom,44,2478,6.019907,19
Custom,44,2485,-0.682698,7
Custom,44,2489,-5.200704,4
Custom,44,2494,-0.060086,5
Custom,44,2513,11.945162,19
Custom,44,2521,4.115422,8
Custom,44,2538,13.357164,17
Custom,44,2543,0.758859,5
Custom,44,2554,7.984727,11
Custom,44,2574,14.745311,20
Custom,44,2578,-0.700937,4
Custom,44,2591,7.182515,13
Custom,44,2598,2.765436,7
Custom,44,2605,1.866723,7
Custom,44,2611,1.839227,6
Custom,44,2617,1.013753,6
Custom,44,2631,6.407398,14
Custom,44,2642,8.032796,11
Custom,44,2654,8.963709,12
Custom,44,2664,5.992204,10
Custom,44,2668,-4.952245,4
Custom,44,2672,-1.240213,4
Custom,44,2679,-0.398687,7
Custom,44,2685,1.938924,6
Custom,44,2697,8.885705,12
Custom,44,2702,-0.001544,5
Custom,44,2733,18.600824,31
Custom,44,2749,12.486265,16
Custom,44,2754,-0.602522,5
Custom,44,2764,4.742488,10
Custom,44,2780,8.643531,16
Custom,44,2786,1.172635,6
Custom,44,2817,20.648412,31
Custom,44,2826,2.565363,9
Custom,44,2847,3.075915,21
Custom,44,2855,4.335533,8
Custom,44,2879,14.691692,24
Custom,44,2884,-3.942933,5
Custom,44,2892,0.465436,8
Custom,44,2909,5.085067,17
Custom,44,2916,1.033806,7
Custom,44,2931,9.550947,15
Custom,44,2935,-2.287005,4
Custom,44,2950,7.39833,15
Custom,44,2955,-1.626158,5
Custom,44,2961,1.710539,6
Custom,44,2970,1.68065,9
Custom,44,2982,7.714671,12
Custom,44,2987,0.660678,5
Custom,44,2994,1.504031,7
Custom,44,3013,11.013661,19
Custom,44,3025,9.293004,12
Custom,44,3033,4.234009,8
Custom,44,3041,3.077394,8
Custom,44,3069,14.501292,28
Custom,44,3075,-0.767902,6
Custom,44,3079,-2.428868,4
Custom,44,3090,4.585881,11
Custom,44,3118,18.694297,28
Custom,44,3146,18.815114,28
Custom,44,3159,8.494144,13
Custom,44,3176,8.95517,17
Custom,44,3196,15.548548,20
Custom,44,3206,6.753149,10
Custom,44,3232,12.71403,26
Custom,44,3245,4.612722,13
Custom,44,3256,5.139012,11
Custom,44,3266,-5.665762,10
Custom,44,3273,2.456188,7
Custom,44,3280,-0.859457,7
Custom,44,3310,23.678679,30
Custom,44,3326,10.53808,16
Custom,44,3331,-1.213707,5
Custom,44,3336,-2.34217,5
Custom,44,3341,-3.984015,5
Custom,44,3352,7.413407,11
Custom,44,3357,-1.901085,5
Custom,44,3366,5.619458,9
Custom,44,3373,2.094355,7
Custom,44,3378,-0.131232,5
Custom,44,3388,6.671055,10
Custom,44,3405,4.659171,17
Custom,44,3409,-2.197201,4
Custom,44,3414,-1.847023,5
Custom,44,3424,4.316793,10
Custom,44,3449,3.328704,25
Custom,44,3462,9.849933,13
Custom,44,3473,4.546277,11
Custom,44,3483,3.360158,10
Custom,44,3490,2.472052,7
Custom,44,3497,3.596984,7
Custom,44,3501,-2.159418,4
Custom,44,3507,-3.147284,6
Custom,44,3513,-0.628019,6
Custom,44,3528,2.498055,15
Custom,44,3544,6.95253,16
Custom,44,3551,4.088708,7
Custom,44,3557,-3.135823,6
Custom,44,3561,-4.960468,4
Custom,44,3572,-0.139724,11
Custom,44,3584,3.434254,12
Custom,44,3597,10.301051,13
Custom,44,3610,7.784833,13
Custom,44,3615,-0.351448,5
Custom,44,3627,-2.936091,12
Custom,44,3637,0.677832,10
Custom,44,3642,-2.126818,5
Custom,44,3661,12.638676,19
Custom,44,3670,5.858393,9
Custom,44,3679,-1.978734,9
Custom,44,3686,2.612493,7
Custom,44,3696,7.481916,10
Custom,44,3708,8.013768,12
Custom,44,3724,-2.961236,16
Custom,44,3732,4.020649,8
Custom,44,3760,14.526515,28
Custom,44,3786,15.920665,26
Custom,44,3796,6.2934,10
Custom,44,3818,14.007176,22
Custom,44,3828,4.420595,10
Custom,44,3842,6.350662,14
Custom,44,3861,6.219717,19
Custom,44,3869,2.096647,8
Custom,44,3879,1.675535,10
Custom,44,3895,7.493811,16
Custom,44,3901,2.340689,6
Custom,44,3913,8.180751,12
Custom,44,3923,6.762756,10
Custom,44,3930,1.553101,7
Custom,44,3937,1.20886,7
Custom,44,3941,-3.880494,4
Custom,44,3961,11.06068,20
Custom,44,3983,16.876607,22
Custom,44,3993,6.480188,10
Custom,44,3999,3.110231,6
Custom,44,4020,15.868275,21
Custom,44,4026,-0.51378,6
Custom,44,4045,13.934692,19
Custom,44,4062,8.788268,17
Custom,44,4070,5.048819,8
Custom,44,4087,11.846718,17
Custom,44,4092,-3.480648,5
Custom,44,4111,15.065542,19
Custom,44,4119,2.857205,8
Custom,44,4136,12.222528,17
Custom,44,4165,12.126938,29
Custom,44,4178,8.662908,13
Custom,44,4194,9.797652,16
Custom,44,4203,5.778757,9
Custom,44,4221,15.620808,18
Custom,44,4234,9.407609,13
Custom,44,4262,19.54487,28
Custom,44,4269,3.832987,7
Custom,44,4275,0.596618,6
Custom,44,4306,19.535864,31
Custom,44,4318,8.859197,12
Custom,44,4335,12.33978,17
Custom,44,4340,-0.822169,5
Custom,44,4346,1.954457,6
Custom,44,4365,12.861122,19
Custom,44,4380,10.176965,15
Custom,44,4412,10.947726,32
Custom,44,4420,3.270407,8
Custom,44,4437,8.234031,17
Custom,44,4471,24.892113,34
Custom,44,4482,2.670741,11
Custom,44,4486,-4.71108,4
Custom,44,4499,8.591691,13
Custom,44,4508,3.387567,9
Custom,44,4515,1.410248,7
Custom,44,4531,5.894728,16
Custom,44,4539,5.248922,8
Custom,44,4554,11.576663,15
Custom,44,4598,23.623181,44
Custom,44,4602,-2.584769,4
Custom,44,4613,3.358389,11
Custom,44,4632,13.195559,19
Custom,44,4642,7.826718,10
Custom,44,4658,3.048252,16
Custom,44,4666,3.416551,8
Custom,44,4670,-2.146037,4
Custom,44,4689,12.286747,19
Custom,44,4720,22.441304,31
Custom,44,4730,6.347293,10
Custom,44,4752,16.790631,22
Custom,44,4761,5.842614,9
Custom,44,4769,4.115136,8
Custom,44,4780,6.181263,11
Custom,44,4785,0.021711,5
Custom,44,4793,3.754539,8
Custom,44,4800,3.048091,7
Custom,44,4819,13.394569,19
Custom,44,4829,2.881634,10
Custom,44,4842,6.637175,13
Custom,44,4867,16.384172,25
Custom,44,4878,6.454404,11
Custom,44,4929,39.169544,51
Custom,44,4948,11.655104,19
Custom,44,4956,1.911375,8
Custom,44,4977,16.251506,21
Custom,44,4988,4.404494,11
Custom,44,4993,-1.042364,5
Custom,44,5009,3.673793,16
Custom,44,5016,3.640863,7
Custom,44,5029,3.432828,13
Custom,44,5042,10.789185,13
Custom,44,5075,26.239012,33
Custom,44,5089,11.76541,14
Custom,44,5113,15.6507,24
Custom,44,5123,7.297311,10
Custom,44,5139,7.776371,16
Custom,44,5162,15.555639,23
Custom,44,5182,13.005573,20
Custom,44,5192,6.059526,10
Custom,44,5197,1.029299,5
Custom,44,5232,26.577995,35
Custom,44,5248,10.913825,16
Custom,44,5255,3.360563,7
Custom,44,5269,10.616241,14
Custom,44,5274,0.330238,5
Custom,44,5286,7.093934,12
Custom,44,5290,-6.208385,4
Custom,44,5300,7.942966,10
Custom,44,5326,20.863182,26
Custom,44,5345,12.484664,19
Custom,44,5351,2.172008,6
Custom,44,5363,8.785802,12
Custom,44,5377,9.853768,14
Custom,44,5394,12.674546,17
Custom,44,5408,9.633495,14
Custom,44,5417,-1.868128,9
Custom,44,5438,16.027401,21
Custom,44,5448,4.83419,10
Custom,44,5479,20.450125,31
Custom,44,5486,3.808154,7
Custom,44,5494,4.098208,8
Custom,44,5507,10.061006,13
Custom,44,5525,13.297772,18
Custom,44,5531,-2.235304,6
Custom,44,5536,-0.548555,5
Custom,44,5568,24.429616,32
Custom,44,5576,4.134124,8
Custom,44,5598,15.884638,22
Custom,44,5620,15.474553,22
Custom,44,5646,16.973278,26
Custom,44,5661,10.188648,15
Custom,44,5671,4.269593,10
Custom,44,5680,5.364499,9
Custom,44,5690,4.249202,10
Custom,44,5704,9.396169,14
Custom,44,5714,6.031331,10
Custom,44,5720,-1.353378,6
Custom,44,5745,17.091355,25
Custom,44,5751,1.657498,6
Custom,44,5760,4.2452,9
Custom,44,5773,8.994069,13
Custom,44,5810,24.543223,37
Custom,44,5825,9.212017,15
Custom,44,5848,15.528553,23
Custom,44,5856,4.732776,8
Custom,44,5897,29.750166,41
Custom,44,5911,10.487385,14
Custom,44,5949,19.885973,38
Custom,44,5961,6.837755,12
Custom,44,5991,16.332226,30
Custom,44,5998,1.361564,7
Custom,44,6026,17.513079,28
Custom,44,6045,10.754498,19
Custom,44,6051,1.251149,6
Custom,44,6059,3.87903,8
Custom,44,6075,11.728644,16
Custom,44,6085,3.768023,10
Custom,44,6113,16.221561,28
Custom,44,6140,13.77122,27
Custom,44,6148,4.747202,8
Custom,44,6180,21.147584,32
Custom,44,6197,11.426719,17
Custom,44,6241,30.230086,44
Custom,44,6249,4.450686,8
Custom,44,6268,15.25841,19
Custom,44,6304,28.883764,36
Custom,44,6379,53.894907,75
Custom,44,6409,19.59155,30
Custom,44,6432,16.98974,23
Custom,44,6450,13.35191,18
Custom,44,6466,11.387276,16
Custom,44,6471,-0.278878,5
Custom,44,6483,7.592734,12
Custom,44,6495,8.22059,12
Custom,44,6517,10.882546,22
Custom,44,6527,6.434667,10
Custom,44,6545,14.700885,18
Custom,44,6567,19.124808,22
Custom,44,6603,22.626309,36
Custom,44,6626,14.134858,23
Custom,44,6633,0.713454,7
Custom,44,6638,-0.497832,5
Custom,44,6644,1.443631,6
Custom,44,6694,16.916752,50
Custom,44,6706,7.72693,12
Custom,44,6718,9.329981,12
Custom,44,6744,16.446082,26
Custom,44,6758,10.489669,14
Custom,44,6773,11.928299,15
Custom,44,6782,5.504995,9
Custom,44,6794,6.926273,12
Custom,44,6832,25.085976,38
Custom,44,6860,21.438998,28
Custom,44,6874,8.863628,14
Custom,44,6911,14.707076,37
Custom,44,6924,9.979416,13
Custom,44,6955,24.377312,31
Custom,44,6977,14.523898,22
Custom,44,7022,18.65576,45
Custom,44,7034,7.860445,12
Custom,44,7091,28.966754,57
Custom,44,7117,17.265166,26
Custom,44,7167,37.234109,50
Custom,44,7176,4.314386,9
Custom,44,7220,26.768813,44
Custom,44,7248,20.772113,28
Custom,44,7268,13.877197,20
Custom,44,7283,9.314695,15
Custom,44,7346,45.943713,63
Custom,44,7413,39.76179,67
Custom,44,7421,1.046822,8
Custom,44,7428,3.253612,7
Custom,44,7436,3.453763,8
Custom,44,7447,5.911164,11
Custom,44,7467,11.964401,20
Custom,44,7488,10.238308,21
Custom,44,7512,13.268881,24
Custom,44,7528,6.386151,16
Custom,44,7553,19.878556,25
Custom,44,7574,14.100761,21
Custom,44,7582,3.780295,8
Custom,44,7593,2.430174,11
Custom,44,7605,6.942708,12
Custom,44,7626,13.803412,21
Custom,44,7652,21.14191,26
Custom,44,7657,0.617196,5
Custom,44,7689,24.762823,32
Custom,44,7709,11.997178,20
Custom,44,7728,12.313996,19
Custom,44,7757,20.113788,29
Custom,44,7782,14.629868,25
Custom,44,7809,19.640322,27
Custom,44,7833,18.856708,24
Custom,44,7876,31.909825,43
Custom,44,7928,31.235804,52
Custom,44,7968,23.797768,40
Custom,44,8041,51.65022,73
Custom,44,8052,8.141696,11
Custom,44,8102,28.984962,50
Custom,44,8122,16.343324,20
Custom,44,8163,26.593456,41
Custom,44,8180,13.800418,17
Custom,44,8203,17.617075,23
Custom,44,8256,33.503389,53
Custom,44,8279,16.263132,23
Custom,44,8298,14.136747,19
Custom,44,8353,34.483311,55
Custom,44,8396,30.57661,43
Custom,44,8441,32.844642,45
Custom,44,8501,40.609009,60
Custom,44,8515,9.799358,14
Custom,44,8531,8.04387,16
Custom,44,8550,6.293771,19
Custom,44,8557,2.964196,7
Custom,44,8570,6.586272,13
Custom,44,8578,2.535337,8
Custom,44,8598,14.25961,20
Custom,44,8611,9.186873,13
Custom,44,8634,17.645342,23
Custom,44,8659,19.489942,25
Custom,44,8696,25.811253,37
Custom,44,8706,6.596528,10
Custom,44,8771,43.950905,65
Custom,44,8804,19.171449,33
Custom,44,8859,38.177836,55
Custom,44,8871,6.839302,12
Custom,44,8899,19.664355,28
Custom,44,8904,-0.030861,5
Custom,44,8935,24.30879,31
Custom,44,8978,32.176469,43
Custom,44,9013,27.463135,35
Custom,44,9078,54.280117,65
Custom,44,9122,30.92104,44
Custom,44,9148,17.244275,26
Custom,44,9158,6.101781,10
Custom,44,9233,56.116335,75
Custom,44,9281,34.198738,48
Custom,44,9295,0.764851,14
Custom,44,9334,26.793376,39
Custom,44,9387,29.31685,53
Custom,44,9444,41.10961,57
Custom,44,9450,1.816992,6
Custom,44,9468,12.478769,18
Custom,44,9530,33.114694,62
Custom,44,9571,31.411764,41
Custom,44,9593,11.236164,22
Custom,44,9606,8.204776,13
Custom,44,9652,28.660319,46
Custom,44,9680,19.156029,28
Custom,44,9716,23.841142,36
Custom,44,9771,42.142052,55
Custom,44,9852,54.123668,81
Custom,44,9908,41.267269,56
Custom,44,9924,10.550861,16
Custom,44,9954,21.604781,30
Custom,44,9961,3.48296,7
Custom,44,9970,4.636353,9
Custom,44,10060,52.025615,90
Custom,44,10070,5.995865,10
Custom,44,10116,25.600689,46
Custom,44,10164,32.604052,48
Custom,44,10218,30.826534,54
Custom,44,10261,20.192897,43
Custom,44,10334,54.549758,73
Custom,44,10375,28.925282,41
Custom,44,10404,23.93225,29
Custom,44,10462,43.749211,58
Custom,44,10469,3.069398,7
Custom,44,10535,48.536785,66
Custom,44,10545,6.054436,10
Custom,44,10603,44.060152,58
Custom,44,10628,17.080211,25
Custom,44,10674,33.523239,46
Custom,44,10710,27.18278,36
Custom,44,10720,4.027786,10
Custom,44,10762,28.228865,42
Custom,44,10819,34.937724,57
Custom,44,10876,40.719668,57
Custom,44,10970,71.432818,94
Custom,44,11046,61.147749,76
Custom,44,11101,39.747767,55
Custom,44,11145,33.001305,44
Custom,44,11199,42.794461,54
Custom,44,11250,36.486009,51
Custom,44,11304,36.711847,54
Custom,44,11326,18.271238,22
Custom,44,11333,3.644593,7
Custom,44,11371,26.952268,38
Custom,44,11396,19.753411,25
Custom,44,11429,22.398316,33
Custom,44,11436,3.744027,7
Custom,44,11507,55.655623,71
Custom,44,11559,35.226288,52
Custom,44,11640,60.938967,81
Custom,44,11666,17.815006,26
Custom,44,11726,46.142705,60
Custom,44,11749,16.613962,23
Custom,44,11816,43.60802,67
Custom,44,11855,16.257629,39
Custom,44,11899,25.37459,44
Custom,44,11944,30.069401,45
Custom,44,11993,38.200374,49
Custom,44,12057,46.156738,64
Custom,44,12126,53.304101,69
Custom,44,12175,27.715232,49
Custom,44,12227,37.342642,52
Custom,44,12263,23.51779,36
Custom,44,12319,45.367063,56
Custom,44,12380,41.408306,61
Custom,44,12490,82.501899,110
Custom,44,12545,35.169151,55
Custom,44,12598,35.334622,53
Custom,44,12642,25.956283,44
Custom,44,12693,41.073161,51
Custom,44,12751,43.297767,58
Custom,44,12820,55.187227,69
Custom,44,12833,5.930953,13
Custom,44,12901,50.819081,68
Custom,44,12935,22.577121,34
Custom,44,12999,46.901362,64
Custom,44,13077,55.045615,78
Custom,44,13162,62.672803,85
Custom,44,13198,27.313474,36
Custom,44,13280,54.625884,82
Custom,44,13324,34.566928,44
Custom,44,13364,25.648792,40
Custom,44,13464,69.674649,100
Custom,44,13525,36.248641,61
Custom,44,13582,40.011017,57
Custom,44,13631,38.661158,49
Custom,44,13692,39.647662,61
Custom,44,13751,42.004193,59
Custom,44,13796,33.030815,45
Custom,44,13849,38.61598,53
Custom,44,13979,88.119328,130
Custom,44,14046,52.594257,67
Custom,44,14098,40.505376,52
Custom,44,14147,33.051373,49
Custom,44,14236,60.483874,89
Custom,44,14277,36.197949,41
Custom,44,14301,16.21493,24
Custom,44,14333,23.48878,32
Custom,44,14437,73.194986,104
Custom,44,14485,32.715612,48
Custom,44,14540,41.521819,55
Custom,44,14597,45.105112,57
Custom,44,14687,69.049569,90
Custom,44,14753,44.556337,66
Custom,44,14829,62.508014,76
Custom,44,14883,40.193693,54
Custom,44,14945,44.957722,62
Custom,44,15025,60.464705,80
Custom,44,15043,14.179986,18
Custom,44,15067,17.723811,24
Custom,44,15075,5.403861,8
Custom,44,15162,67.310647,87
Custom,44,15243,62.261545,81
Custom,44,15327,65.909809,84
Custom,44,15380,40.71767,53
Custom,44,15454,49.617348,74
Custom,44,15501,34.806961,47
Custom,44,15553,32.316687,52
Custom,44,15617,48.324542,64
Custom,44,15717,76.231301,100
Custom,44,15784,51.931383,67
Custom,44,15834,32.383532,50
Custom,44,15912,57.670751,78
Custom,44,16001,66.335274,89
Custom,44,16046,20.481067,45
Custom,44,16104,46.278383,58
Custom,44,16138,26.960758,34
Custom,44,16241,73.122324,103
Custom,44,16329,70.318126,88
Custom,44,16374,28.798106,45
Custom,44,16466,63.216457,92
Custom,44,16515,33.391263,49
Custom,44,16599,64.589089,84
Custom,44,16669,50.631294,70
Custom,44,16770,82.19609,101
Custom,44,16891,92.17146,121
Custom,44,17014,96.738968,123
Custom,44,17104,66.604647,90
Custom,44,17166,38.455378,62
Custom,44,17313,111.94408,147
Custom,44,17438,87.89136,125
Custom,44,17549,79.819038,111
Custom,44,17628,60.031115,79
Custom,44,17773,98.730731,145
Custom,44,17839,49.653109,66
Custom,44,17894,39.218496,55
Custom,44,18011,83.077415,117
Custom,44,18120,69.246879,109
Custom,44,18210,66.900759,90
Custom,44,18323,82.416124,113
Custom,44,18437,83.061276,114
Custom,44,18646,159.585429,209
Custom,44,18870,177.034562,224
Custom,44,18940,42.898394,70
Custom,44,19013,51.165578,73
Custom,44,19099,61.04767,86
Custom,44,19176,52.361781,77
Custom,44,19249,45.310001,73
Custom,44,19354,80.181752,105
Custom,44,19435,56.820258,81
Custom,44,19546,81.476011,111
Custom,44,19614,52.007922,68
Custom,44,19762,112.071917,148
Custom,44,19877,80.655898,115
Custom,44,19976,68.805285,99
Custom,44,20061,67.645825,85
Custom,44,20171,84.40729,110
Custom,44,20270,72.995914,99
Custom,44,20360,65.502659,90
Custom,44,20619,208.339149,259
Custom,44,20722,82.338137,103
Custom,44,20848,90.139414,126
Custom,44,20896,36.773851,48
Custom,44,20994,79.999049,98
Custom,44,21138,101.525699,144
Custom,44,21265,94.930879,127
Custom,44,21453,145.464481,188
Custom,44,21577,87.201294,124
Custom,44,21711,98.325664,134
Custom,44,21806,73.446937,95
Custom,44,22000,150.590592,194
Custom,44,22098,63.623243,98
Custom,44,22359,210.471318,261
Custom,44,22449,68.566966,90
Custom,44,22565,88.174492,116
Custom,44,22870,242.621873,305
Custom,44,23008,112.636446,138
Custom,44,23217,165.335524,209
Custom,44,23363,112.909307,146
Custom,44,23540,130.295566,177
Custom,44,23677,101.786333,137
Custom,44,23956,220.202061,279
Custom,44,24129,138.985847,173
Custom,44,24482,285.758089,353
Custom,44,24828,278.042316,346
Custom,44,25037,163.233957,209
Custom,44,25259,172.483518,222
Custom,44,25346,67.563503,87
Custom,44,25598,196.186209,252
Custom,44,25977,306.780691,379
Custom,44,26379,324.947612,402
Custom,44,26896,412.618634,517
Custom,44,27896,814.094413,1000
Custom,44,28610,585.115872,714
Custom,44,29610,826.311747,1000
Custom,44,30610,835.876499,1000
Custom,44,31610,866.594492,1000
Custom,44,32610,865.619134,1000
Custom,44,33610,894.881631,1000
Custom,44,34610,890.697267,1000
Custom,44,35610,905.064181,1000
Custom,44,36610,903.301621,1000
Custom,44,37610,926.457475,1000
Custom,44,38610,926.386917,1000
Custom,44,39610,931.927709,1000
Custom,44,40610,932.692478,1000
Custom,44,41610,943.185529,1000
Custom,44,42610,940.196798,1000
Custom,44,43610,943.889803,1000
Custom,44,44610,952.710746,1000
Custom,44,45610,957.869231,1000
Custom,44,46610,960.033475,1000
Custom,44,47610,965.216057,1000
Custom,44,48610,960.934681,1000
Custom,44,49610,967.098207,1000
Custom,44,50610,969.205868,1000
Custom,44,51610,970.2572,1000
Custom,44,52610,974.082555,1000
Custom,44,53610,973.761656,1000
Custom,44,54610,976.039782,1000
Custom,44,55610,977.213964,1000
Custom,44,56610,977.822347,1000
Custom,44,57610,980.598409,1000
Custom,44,58610,982.659543,1000
Custom,44,59610,982.247157,1000
Custom,44,60610,984.411193,1000
Custom,44,61610,984.291063,1000
Custom,44,62610,985.882633,1000
Custom,44,63610,985.798764,1000
Custom,44,64610,988.252758,1000
Custom,44,65610,988.353693,1000
Custom,44,66610,988.669999,1000
Custom,44,67610,989.335752,1000
Custom,44,68610,990.593651,1000
Custom,44,69610,990.827022,1000
Custom,44,70610,991.546116,1000
Custom,44,71610,992.060328,1000
Custom,44,72610,992.831336,1000
Custom,44,73610,992.756251,1000
Custom,44,74610,993.075908,1000
Custom,44,75610,993.02066,1000
Custom,44,76610,993.387324,1000
Custom,44,77610,994.11145,1000
Custom,44,78610,994.951267,1000
Custom,44,79610,995.012933,1000
Custom,44,80610,995.112627,1000
Custom,44,81610,995.07491,1000
Custom,44,82610,995.952387,1000
Custom,44,83610,996.000438,1000
Custom,44,84610,996.229935,1000
Custom,44,85610,996.543445,1000
Custom,44,86610,996.741577,1000
Custom,44,87610,996.657,1000
Custom,44,88610,997.063393,1000
Custom,44,89610,997.417471,1000
Custom,44,90610,997.39009,1000
Custom,44,91610,997.711287,1000
Custom,44,92610,997.407992,1000
Custom,44,93610,997.924691,1000
Custom,44,94610,997.75637,1000
Custom,44,95610,998.026561,1000
Custom,44,96610,998.131597,1000
Custom,44,97610,998.268001,1000
Custom,44,98610,998.130195,1000
Custom,44,99610,998.491577,1000
Custom,45,6,-0.002947,6
Custom,45,13,2.645209,7
Custom,45,18,-0.351031,5
Custom,45,26,2.575857,8
Custom,45,30,-6.005602,4
Custom,45,38,2.239244,8
Custom,45,45,-0.552051,7
Custom,45,53,4.803393,8
Custom,45,64,5.442432,11
Custom,45,72,-5.968231,8
Custom,45,79,-1.115334,7
Custom,45,96,10.356893,17
Custom,45,102,-1.253226,6
Custom,45,111,5.137049,9
Custom,45,118,0.794975,7
Custom,45,122,-6.061375,4
Custom,45,130,4.410474,8
Custom,45,142,4.918585,12
Custom,45,148,-4.029571,6
Custom,45,165,6.307847,17
Custom,45,172,-1.550532,7
Custom,45,178,1.695131,6
Custom,45,188,7.384069,10
Custom,45,192,-3.677465,4
Custom,45,199,3.703428,7
Custom,45,203,-2.339288,4
Custom,45,211,-1.452859,8
Custom,45,217,-0.854183,6
Custom,45,240,13.304053,23
Custom,45,244,-2.854805,4
Custom,45,249,0.144487,5
Custom,45,254,1.00148,5
Custom,45,262,1.71368,8
Custom,45,267,-3.231511,5
Custom,45,276,-1.143545,9
Custom,45,282,0.369161,6
Custom,45,286,-2.085389,4
Custom,45,298,3.861291,12
Custom,45,302,-2.454712,4
Custom,45,310,5.330338,8
Custom,45,316,2.406657,6
Custom,45,323,-0.767678,7
Custom,45,327,-1.613096,4
Custom,45,337,1.39,10
Custom,45,343,-3.417769,6
Custom,45,348,-0.849747,5
Custom,45,351,-6.106754,3
Custom,45,362,5.199838,11
Custom,45,379,12.494383,17
Custom,45,388,-2.642046,9
Custom,45,411,14.83949,23
Custom,45,418,0.8372,7
Custom,45,423,0.911904,5
Custom,45,428,-7.194473,5
Custom,45,432,-9.554884,4
Custom,45,439,-3.703875,7
Custom,45,450,4.831545,11
Custom,45,457,-13.168257,7
Custom,45,462,-11.205797,5
Custom,45,467,-5.289782,5
Custom,45,474,-2.33287,7
Custom,45,484,3.743976,10
Custom,45,502,6.223962,18
Custom,45,511,0.910325,9
Custom,45,515,-4.084716,4
Custom,45,528,7.383188,13
Custom,45,533,-1.516473,5
Custom,45,541,4.175021,8
Custom,45,549,4.026061,8
Custom,45,554,-1.684332,5
Custom,45,557,-4.457153,3
Custom,45,562,-0.806298,5
Custom,45,567,-0.838176,5
Custom,45,571,-10.837904,4
Custom,45,579,-5.145119,8
Custom,45,599,6.467475,20
Custom,45,604,-0.735374,5
Custom,45,608,-1.14271,4
Custom,45,618,-2.347745,10
Custom,45,629,4.7885,11
Custom,45,654,13.074719,25
Custom,45,658,-1.413003,4
Custom,45,663,-0.805727,5
Custom,45,667,-5.665003,4
Custom,45,673,1.532947,6
Custom,45,692,13.655783,19
Custom,45,704,0.810028,12
Custom,45,712,0.878757,8
Custom,45,716,-2.622412,4
Custom,45,724,4.057657,8
Custom,45,728,-1.242137,4
Custom,45,742,7.020814,14
Custom,45,747,-2.843495,5
Custom,45,758,5.00637,11
Custom,45,763,-3.170071,5
Custom,45,772,-0.629277,9
Custom,45,780,1.445261,8
Custom,45,790,-1.738064,10
Custom,45,806,3.273639,16
Custom,45,813,2.705504,7
Custom,45,823,7.134027,10
Custom,45,831,5.053602,8
Custom,45,835,-6.313511,4
Custom,45,848,5.568038,13
Custom,45,853,0.117513,5
Custom,45,865,3.187697,12
Custom,45,873,1.163125,8
Custom,45,886,2.019581,13
Custom,45,889,-3.734787,3
Custom,45,893,-2.680348,4
Custom,45,901,3.885841,8
Custom,45,905,-1.670652,4
Custom,45,911,0.617224,6
Custom,45,917,-0.649214,6
Custom,45,926,-5.493818,9
Custom,45,929,-5.563998,3
Custom,45,936,-0.912385,7
Custom,45,947,-6.091262,11
Custom,45,956,0.511947,9
Custom,45,963,-1.354797,7
Custom,45,970,-4.376041,7
Custom,45,979,1.830386,9
Custom,45,993,3.157563,14
Custom,45,1009,12.292649,16
Custom,45,1016,1.759209,7
Custom,45,1025,-2.441814,9
Custom,45,1031,0.705917,6
Custom,45,1038,-1.855662,7
Custom,45,1045,0.459762,7
Custom,45,1052,-4.337857,7
Custom,45,1059,-1.354896,7
Custom,45,1065,0.401264,6
Custom,45,1070,-0.78585,5
Custom,45,1074,-8.684976,4
Custom,45,1079,-0.388111,5
Custom,45,1114,25.029939,35
Custom,45,1119,-1.807182,5
Custom,45,1134,9.176818,15
Custom,45,1140,0.636989,6
Custom,45,1144,-4.648398,4
Custom,45,1163,1.559044,19
Custom,45,1168,-0.160778,5
Custom,45,1175,2.033211,7
Custom,45,1187,-0.371631,12
Custom,45,1190,-4.533109,3
Custom,45,1195,-1.883283,5
Custom,45,1204,4.308062,9
Custom,45,1214,5.192766,10
Custom,45,1219,-1.350441,5
Custom,45,1224,-5.730508,5
Custom,45,1232,-0.262189,8
Custom,45,1235,-6.926263,3
Custom,45,1242,-3.538758,7
Custom,45,1256,1.450975,14
Custom,45,1260,-3.804642,4
Custom,45,1265,-2.062632,5
Custom,45,1272,-2.822497,7
Custom,45,1277,-5.258857,5
Custom,45,1284,1.248125,7
Custom,45,1288,-2.250961,4
Custom,45,1300,7.853523,12
Custom,45,1309,5.070321,9
Custom,45,1316,-2.590097,7
Custom,45,1321,0.353633,5
Custom,45,1326,0.383203,5
Custom,45,1331,-2.270493,5
Custom,45,1340,5.108535,9
Custom,45,1354,1.730044,14
Custom,45,1380,1.467464,26
Custom,45,1385,-0.498797,5
Custom,45,1390,1.138299,5
Custom,45,1407,8.424279,17
Custom,45,1414,-1.798101,7
Custom,45,1420,-2.086848,6
Custom,45,1430,-14.74529,10
Custom,45,1435,-2.099979,5
Custom,45,1445,5.098744,10
Custom,45,1462,6.247836,17
Custom,45,1469,0.554076,7
Custom,45,1478,2.166278,9
Custom,45,1484,1.015693,6
Custom,45,1491,1.957658,7
Custom,45,1501,3.511999,10
Custom,45,1505,-7.762796,4
Custom,45,1511,1.056024,6
Custom,45,1516,-1.144769,5
Custom,45,1526,6.269378,10
Custom,45,1535,1.907739,9
Custom,45,1539,-1.128491,4
Custom,45,1556,12.040359,17
Custom,45,1560,-3.806397,4
Custom,45,1565,1.158899,5
Custom,45,1571,-7.349365,6
Custom,45,1578,-1.032803,7
Custom,45,1585,1.607863,7
Custom,45,1594,4.246768,9
Custom,45,1602,2.133297,8
Custom,45,1606,-3.776515,4
Custom,45,1609,-8.484641,3
Custom,45,1613,-3.876125,4
Custom,45,1620,2.91818,7
Custom,45,1632,9.224786,12
Custom,45,1643,2.480253,11
Custom,45,1646,-4.948392,3
Custom,45,1655,4.374563,9
Custom,45,1670,7.862807,15
Custom,45,1677,0.007215,7
Custom,45,1684,1.779871,7
Custom,45,1694,-3.508482,10
Custom,45,1701,1.985334,7
Custom,45,1710,2.419664,9
Custom,45,1714,-2.438917,4
Custom,45,1724,3.730543,10
Custom,45,1730,-0.173373,6
Custom,45,1733,-6.344487,3
Custom,45,1737,-15.071127,4
Custom,45,1742,-3.788375,5
Custom,45,1748,-0.975756,6
Custom,45,1757,1.098119,9
Custom,45,1764,1.77059,7
Custom,45,1781,5.473098,17
Custom,45,1788,2.003272,7
Custom,45,1795,2.976536,7
Custom,45,1805,7.522676,10
Custom,45,1815,-21.259008,10
Custom,45,1821,-3.165265,6
Custom,45,1828,-6.613869,7
Custom,45,1846,8.888268,18
Custom,45,1853,-5.271222,7
Custom,45,1871,9.946437,18
Custom,45,1876,-4.083981,5
Custom,45,1884,3.942814,8
Custom,45,1890,0.650565,6
Custom,45,1896,-0.345206,6
Custom,45,1901,0.969794,5
Custom,45,1908,2.968083,7
Custom,45,1912,-2.725437,4
Custom,45,1931,13.746322,19
Custom,45,1943,2.763817,12
Custom,45,1953,-2.912138,10
Custom,45,1958,-0.553484,5
Custom,45,1970,6.629417,12
Custom,45,1977,-0.731922,7
Custom,45,1981,-2.826133,4
Custom,45,1986,-3.486146,5
Custom,45,1997,7.716461,11
Custom,45,2004,0.149861,7
Custom,45,2008,-4.542791,4
Custom,45,2029,9.838067,21
Custom,45,2034,-1.372417,5
Custom,45,2037,-5.967696,3
Custom,45,2045,-2.286739,8
Custom,45,2062,4.975346,17
Custom,45,2068,2.212353,6
Custom,45,2090,15.006934,22
Custom,45,2096,2.409637,6
Custom,45,2101,-0.443601,5
Custom,45,2112,7.922509,11
Custom,45,2118,-1.977342,6
Custom,45,2121,-4.153719,3
Custom,45,2133,7.992626,12
Custom,45,2141,4.555799,8
Custom,45,2146,-0.447572,5
Custom,45,2162,6.271759,16
Custom,45,2170,4.685694,8
Custom,45,2173,-5.931449,3
Custom,45,2193,12.320365,20
Custom,45,2209,7.352013,16
Custom,45,2220,5.430525,11
Custom,45,2232,6.955855,12
Custom,45,2250,4.241389,18
Custom,45,2262,6.442569,12
Custom,45,2271,4.506089,9
Custom,45,2288,12.304201,17
Custom,45,2304,11.260607,16
Custom,45,2314,5.970314,10
Custom,45,2322,3.164396,8
Custom,45,2339,3.957151,17
Custom,45,2366,17.12354,27
Custom,45,2382,8.881245,16
Custom,45,2390,1.872135,8
Custom,45,2396,1.758116,6
Custom,45,2404,2.234495,8
Custom,45,2412,4.400015,8
Custom,45,2433,5.341865,21
Custom,45,2444,5.35374,11
Custom,45,2456,0.164663,12
Custom,45,2469,8.884407,13
Custom,45,2478,5.329115,9
Custom,45,2490,2.930141,12
Custom,45,2496,1.785938,6
Custom,45,2509,10.330277,13
Custom,45,2521,8.784532,12
Custom,45,2527,0.894117,6
Custom,45,2531,-4.463138,4
Custom,45,2537,2.898466,6
Custom,45,2555,10.719171,18
Custom,45,2560,-3.215884,5
Custom,45,2573,8.838011,13
Custom,45,2585,8.90458,12
Custom,45,2601,7.576151,16
Custom,45,2606,-3.548601,5
Custom,45,2612,1.492226,6
Custom,45,2625,7.886411,13
Custom,45,2633,-1.106039,8
Custom,45,2647,9.339259,14
Custom,45,2661,7.777074,14
Custom,45,2673,5.770042,12
Custom,45,2688,8.669866,15
Custom,45,2710,16.786047,22
Custom,45,2715,-4.288652,5
Custom,45,2722,3.952903,7
Custom,45,2735,5.796704,13
Custom,45,2755,11.841406,20
Custom,45,2764,4.115476,9
Custom,45,2771,2.635464,7
Custom,45,2785,9.59908,14
Custom,45,2792,4.095331,7
Custom,45,2798,-1.755649,6
Custom,45,2810,6.142947,12
Custom,45,2824,10.820533,14
Custom,45,2842,10.8806,18
Custom,45,2849,3.707675,7
Custom,45,2872,16.622131,23
Custom,45,2879,1.994711,7
Custom,45,2885,1.743447,6
Custom,45,2902,10.406621,17
Custom,45,2920,9.355432,18
Custom,45,2932,5.686297,12
Custom,45,2937,0.442475,5
Custom,45,2954,12.115147,17
Custom,45,2959,-7.1578,5
Custom,45,2965,1.831904,6
Custom,45,2973,4.189935,8
Custom,45,2980,3.415582,7
Custom,45,2989,5.117135,9
Custom,45,2994,-0.039734,5
Custom,45,2999,-1.933734,5
Custom,45,3005,1.871374,6
Custom,45,3019,2.914831,14
Custom,45,3031,8.573638,12
Custom,45,3045,-3.302584,14
Custom,45,3065,12.908803,20
Custom,45,3090,18.33349,25
Custom,45,3096,2.285877,6
Custom,45,3104,4.96604,8
Custom,45,3112,2.148897,8
Custom,45,3132,11.730305,20
Custom,45,3140,1.306806,8
Custom,45,3163,16.551425,23
Custom,45,3168,-0.477963,5
Custom,45,3174,-0.183682,6
Custom,45,3184,4.477688,10
Custom,45,3198,7.852788,14
Custom,45,3209,5.312461,11
Custom,45,3218,4.466624,9
Custom,45,3228,2.926994,10
Custom,45,3242,8.745068,14
Custom,45,3254,7.555538,12
Custom,45,3259,1.390126,5
Custom,45,3265,1.774165,6
Custom,45,3281,9.200446,16
Custom,45,3288,2.467384,7
Custom,45,3293,-0.508003,5
Custom,45,3307,8.832369,14
Custom,45,3315,-0.341085,8
Custom,45,3330,6.552533,15
Custom,45,3340,5.787928,10
Custom,45,3348,-1.364974,8
Custom,45,3354,0.824933,6
Custom,45,3361,1.158931,7
Custom,45,3370,5.0735,9
Custom,45,3378,3.742508,8
Custom,45,3387,6.257117,9
Custom,45,3416,10.989385,29
Custom,45,3421,-0.242385,5
Custom,45,3436,9.872526,15
Custom,45,3441,-0.08609,5
Custom,45,3446,-4.215552,5
Custom,45,3458,7.515206,12
Custom,45,3466,4.179872,8
Custom,45,3481,9.623951,15
Custom,45,3490,3.469468,9
Custom,45,3495,-0.443164,5
Custom,45,3507,6.991194,12
Custom,45,3515,4.727924,8
Custom,45,3531,9.143112,16
Custom,45,3547,12.487695,16
Custom,45,3560,6.254501,13
Custom,45,3566,-2.688087,6
Custom,45,3577,4.116122,11
Custom,45,3585,4.125267,8
Custom,45,3593,3.53053,8
Custom,45,3599,1.444502,6
Custom,45,3606,0.899431,7
Custom,45,3611,-1.960048,5
Custom,45,3620,4.719411,9
Custom,45,3629,5.71295,9
Custom,45,3635,-0.497459,6
Custom,45,3642,1.102985,7
Custom,45,3654,9.267528,12
Custom,45,3671,12.019686,17
Custom,45,3678,1.973165,7
Custom,45,3684,1.858065,6
Custom,45,3690,0.509804,6
Custom,45,3697,1.790458,7
Custom,45,3703,-2.642048,6
Custom,45,3709,2.10508,6
Custom,45,3718,3.869955,9
Custom,45,3727,5.730349,9
Custom,45,3739,6.108851,12
Custom,45,3749,5.943432,10
Custom,45,3756,3.125574,7
Custom,45,3774,10.223272,18
Custom,45,3784,4.084077,10
Custom,45,3796,5.921905,12
Custom,45,3816,10.150208,20
Custom,45,3824,4.302594,8
Custom,45,3837,8.118416,13
Custom,45,3848,6.549582,11
Custom,45,3865,12.324353,17
Custom,45,3872,3.381306,7
Custom,45,3889,11.874479,17
Custom,45,3902,8.880737,13
Custom,45,3909,3.030174,7
Custom,45,3927,14.746601,18
Custom,45,3947,12.171782,20
Custom,45,3952,-2.004617,5
Custom,45,4003,34.231733,51
Custom,45,4012,5.777337,9
Custom,45,4035,11.278006,23
Custom,45,4054,14.784729,19
Custom,45,4062,3.242836,8
Custom,45,4073,6.364323,11
Custom,45,4076,-5.415048,3
Custom,45,4085,4.059371,9
Custom,45,4092,-0.352099,7
Custom,45,4101,3.301963,9
Custom,45,4106,1.495359,5
Custom,45,4123,11.156046,17
Custom,45,4134,1.836152,11
Custom,45,4154,9.43639,20
Custom,45,4185,14.107681,31
Custom,45,4195,7.267363,10
Custom,45,4204,5.316887,9
Custom,45,4223,15.044351,19
Custom,45,4239,11.668286,16
Custom,45,4246,3.595384,7
Custom,45,4273,15.737404,27
Custom,45,4284,9.041226,11
Custom,45,4294,4.381629,10
Custom,45,4312,12.599351,18
Custom,45,4339,19.516123,27
Custom,45,4372,14.36494,33
Custom,45,4403,22.488282,31
Custom,45,4413,5.443487,10
Custom,45,4423,3.931014,10
Custom,45,4451,15.540356,28
Custom,45,4469,14.019569,18
Custom,45,4520,35.464381,51
Custom,45,4539,9.224909,19
Custom,45,4544,0.695151,5
Custom,45,4570,18.199051,26
Custom,45,4581,6.734426,11
Custom,45,4605,17.741826,24
Custom,45,4626,12.554705,21
Custom,45,4646,14.991186,20
Custom,45,4666,11.894345,20
Custom,45,4687,8.843294,21
Custom,45,4696,6.65462,9
Custom,45,4711,11.535111,15
Custom,45,4721,6.093214,10
Custom,45,4753,23.565185,32
Custom,45,4757,-2.81073,4
Custom,45,4766,5.451942,9
Custom,45,4775,-0.306453,9
Custom,45,4783,1.970312,8
Custom,45,4794,7.026142,11
Custom,45,4819,17.049735,25
Custom,45,4826,0.924441,7
Custom,45,4851,16.960784,25
Custom,45,4861,6.509395,10
Custom,45,4899,29.97188,38
Custom,45,4910,5.157189,11
Custom,45,4926,12.538952,16
Custom,45,4935,1.095036,9
Custom,45,4944,4.477435,9
Custom,45,4962,9.194528,18
Custom,45,4968,1.9222,6
Custom,45,4979,5.619231,11
Custom,45,5015,27.800713,36
Custom,45,5025,4.932004,10
Custom,45,5040,8.337379,15
Custom,45,5065,14.38588,25
Custom,45,5074,5.579407,9
Custom,45,5081,2.626955,7
Custom,45,5087,1.722619,6
Custom,45,5105,12.32131,18
Custom,45,5113,3.619792,8
Custom,45,5125,8.314172,12
Custom,45,5133,4.050218,8
Custom,45,5141,1.24755,8
Custom,45,5159,10.740008,18
Custom,45,5166,3.414854,7
Custom,45,5181,8.791431,15
Custom,45,5189,3.883059,8
Custom,45,5209,14.310546,20
Custom,45,5215,2.228737,6
Custom,45,5220,-2.879365,5
Custom,45,5226,0.739245,6
Custom,45,5234,2.469558,8
Custom,45,5252,14.554112,18
Custom,45,5271,9.726535,19
Custom,45,5289,13.188164,18
Custom,45,5316,20.785371,27
Custom,45,5327,5.442598,11
Custom,45,5354,23.491979,27
Custom,45,5409,40.60761,55
Custom,45,5424,10.593413,15
Custom,45,5439,2.59302,15
Custom,45,5472,23.840677,33
Custom,45,5480,4.603675,8
Custom,45,5500,15.012077,20
Custom,45,5529,18.191534,29
Custom,45,5540,2.03424,11
Custom,45,5549,4.793044,9
Custom,45,5565,12.169512,16
Custom,45,5570,0.674625,5
Custom,45,5600,23.078452,30
Custom,45,5614,10.324226,14
Custom,45,5622,2.629055,8
Custom,45,5641,12.849113,19
Custom,45,5652,7.278014,11
Custom,45,5659,0.171059,7
Custom,45,5667,3.062721,8
Custom,45,5686,10.539471,19
Custom,45,5693,2.49294,7
Custom,45,5700,3.88984,7
Custom,45,5716,10.421499,16
Custom,45,5725,4.749674,9
Custom,45,5741,9.762077,16
Custom,45,5750,4.433799,9
Custom,45,5789,28.624442,39
Custom,45,5796,3.190139,7
Custom,45,5814,12.314653,18
Custom,45,5844,22.021909,30
Custom,45,5850,1.779417,6
Custom,45,5893,18.745829,43
Custom,45,5932,27.299328,39
Custom,45,5939,3.568899,7
Custom,45,5949,6.376997,10
Custom,45,5968,13.19961,19
Custom,45,5981,9.109286,13
Custom,45,5992,8.333453,11
Custom,45,6025,24.39412,33
Custom,45,6030,-0.083029,5
Custom,45,6036,1.921881,6
Custom,45,6050,9.649114,14
Custom,45,6056,1.957028,6
Custom,45,6082,16.116116,26
Custom,45,6105,18.306142,23
Custom,45,6123,11.934756,18
Custom,45,6142,9.048169,19
Custom,45,6217,60.680759,75
Custom,45,6232,10.831147,15
Custom,45,6237,-0.823624,5
Custom,45,6253,9.549524,16
Custom,45,6274,18.213618,21
Custom,45,6284,6.565366,10
Custom,45,6300,12.305885,16
Custom,45,6305,0.245488,5
Custom,45,6323,12.160176,18
Custom,45,6341,13.635337,18
Custom,45,6384,21.231739,43
Custom,45,6415,22.372757,31
Custom,45,6428,4.06513,13
Custom,45,6468,31.868518,40
Custom,45,6522,35.94333,54
Custom,45,6531,2.543794,9
Custom,45,6556,20.291124,25
Custom,45,6571,5.265134,15
Custom,45,6579,0.422053,8
Custom,45,6625,19.489638,46
Custom,45,6635,5.498489,10
Custom,45,6667,19.639919,32
Custom,45,6672,-3.649846,5
Custom,45,6710,27.698583,38
Custom,45,6740,21.932708,30
Custom,45,6762,15.594978,22
Custom,45,6786,15.37437,24
Custom,45,6819,24.214048,33
Custom,45,6870,35.715454,51
Custom,45,6881,7.267851,11
Custom,45,6900,13.627403,19
Custom,45,6909,3.563919,9
Custom,45,6939,16.146238,30
Custom,45,6946,3.841477,7
Custom,45,6971,16.029208,25
Custom,45,6992,14.105169,21
Custom,45,7040,31.955269,48
Custom,45,7053,10.050948,13
Custom,45,7086,23.388358,33
Custom,45,7094,4.931913,8
Custom,45,7103,5.955018,9
Custom,45,7129,19.508555,26
Custom,45,7137,2.080334,8
Custom,45,7144,3.561953,7
Custom,45,7190,37.017344,46
Custom,45,7198,4.224502,8
Custom,45,7221,15.94118,23
Custom,45,7272,33.797873,51
Custom,45,7288,11.276766,16
Custom,45,7325,28.409939,37
Custom,45,7406,62.486663,81
Custom,45,7412,1.857727,6
Custom,45,7423,8.239864,11
Custom,45,7440,9.43382,17
Custom,45,7465,14.473008,25
Custom,45,7522,38.540902,57
Custom,45,7529,2.634052,7
Custom,45,7541,6.699445,12
Custom,45,7549,4.682179,8
Custom,45,7577,15.474742,28
Custom,45,7582,1.389975,5
Custom,45,7633,37.195151,51
Custom,45,7666,19.517848,33
Custom,45,7675,1.936906,9
Custom,45,7699,16.338638,24
Custom,45,7741,30.051023,42
Custom,45,7759,10.590142,18
Custom,45,7780,14.851335,21
Custom,45,7788,3.020905,8
Custom,45,7801,8.12628,13
Custom,45,7819,15.734148,18
Custom,45,7855,23.236489,36
Custom,45,7862,2.337942,7
Custom,45,7871,6.184144,9
Custom,45,7876,-0.023525,5
Custom,45,7891,11.65403,15
Custom,45,7898,1.906388,7
Custom,45,7922,11.866278,24
Custom,45,7927,0.692925,5
Custom,45,7982,42.329945,55
Custom,45,8014,25.224618,32
Custom,45,8045,20.192168,31
Custom,45,8066,16.381895,21
Custom,45,8085,11.428624,19
Custom,45,8092,-1.354823,7
Custom,45,8112,17.052541,20
Custom,45,8118,0.072608,6
Custom,45,8133,10.041476,15
Custom,45,8164,19.017768,31
Custom,45,8171,1.788796,7
Custom,45,8184,10.129112,13
Custom,45,8237,35.616394,53
Custom,45,8252,10.69591,15
Custom,45,8289,29.087925,37
Custom,45,8349,40.429582,60
Custom,45,8365,7.585495,16
Custom,45,8409,31.16397,44
Custom,45,8414,0.210701,5
Custom,45,8427,5.977997,13
Custom,45,8465,27.604012,38
Custom,45,8495,21.582044,30
Custom,45,8546,26.561975,51
Custom,45,8604,42.192253,58
Custom,45,8609,1.572665,5
Custom,45,8623,9.444228,14
Custom,45,8661,27.233512,38
Custom,45,8695,21.262234,34
Custom,45,8703,4.715005,8
Custom,45,8728,19.315338,25
Custom,45,8784,41.440495,56
Custom,45,8825,32.781273,41
Custom,45,8835,4.946088,10
Custom,45,8868,21.973994,33
Custom,45,8882,10.39266,14
Custom,45,8897,7.280549,15
Custom,45,8908,7.251728,11
Custom,45,8967,43.576072,59
Custom,45,8978,8.492777,11
Custom,45,9027,34.027207,49
Custom,45,9060,24.283752,33
Custom,45,9071,4.437717,11
Custom,45,9111,26.088398,40
Custom,45,9133,17.845386,22
Custom,45,9154,11.937143,21
Custom,45,9165,5.73274,11
Custom,45,9184,14.703358,19
Custom,45,9193,5.81723,9
Custom,45,9215,14.741385,22
Custom,45,9235,14.322365,20
Custom,45,9278,26.695357,43
Custom,45,9312,25.989599,34
Custom,45,9353,31.620043,41
Custom,45,9413,35.356381,60
Custom,45,9434,15.501849,21
Custom,45,9570,110.346466,136
Custom,45,9654,57.227463,84
Custom,45,9694,26.900435,40
Custom,45,9699,-0.358298,5
Custom,45,9711,9.24904,12
Custom,45,9725,9.483818,14
Custom,45,9767,29.333948,42
Custom,45,9786,14.910158,19
Custom,45,9814,15.742734,28
Custom,45,9838,19.722167,24
Custom,45,9844,3.096274,6
Custom,45,9854,5.429118,10
Custom,45,9871,13.237564,17
Custom,45,9904,26.351876,33
Custom,45,9934,21.362502,30
Custom,45,9975,31.163409,41
Custom,45,10017,32.891324,42
Custom,45,10073,37.029889,56
Custom,45,10121,32.405423,48
Custom,45,10158,29.021773,37
Custom,45,10164,2.469633,6
Custom,45,10197,26.266868,33
Custom,45,10210,7.479144,13
Custom,45,10222,7.938315,12
Custom,45,10268,31.330014,46
Custom,45,10283,8.547986,15
Custom,45,10322,30.925258,39
Custom,45,10379,36.598228,57
Custom,45,10406,19.686501,27
Custom,45,10452,33.617534,46
Custom,45,10464,8.582896,12
Custom,45,10495,17.392181,31
Custom,45,10531,24.679069,36
Custom,45,10549,12.417914,18
Custom,45,10593,31.374452,44
Custom,45,10620,20.00031,27
Custom,45,10652,24.293935,32
Custom,45,10705,32.384941,53
Custom,45,10859,114.294673,154
Custom,45,10907,34.534251,48
Custom,45,10979,56.510169,72
Custom,45,11023,31.543742,44
Custom,45,11075,34.534053,52
Custom,45,11094,15.196317,19
Custom,45,11141,32.415118,47
Custom,45,11202,45.252544,61
Custom,45,11212,5.88218,10
Custom,45,11249,17.194018,37
Custom,45,11263,9.517403,14
Custom,45,11325,48.233978,62
Custom,45,11335,5.199607,10
Custom,45,11346,7.554844,11
Custom,45,11415,49.165864,69
Custom,45,11474,41.662023,59
Custom,45,11518,34.386729,44
Custom,45,11588,44.006881,70
Custom,45,11672,64.132322,84
Custom,45,11681,6.325444,9
Custom,45,11729,34.201406,48
Custom,45,11743,7.262535,14
Custom,45,11773,20.349578,30
Custom,45,11856,55.372816,83
Custom,45,11892,27.444749,36
Custom,45,11922,20.357289,30
Custom,45,11934,9.48572,12
Custom,45,11986,40.233136,52
Custom,45,12047,43.972091,61
Custom,45,12112,51.636094,65
Custom,45,12119,4.373115,7
Custom,45,12133,10.606427,14
Custom,45,12204,52.013499,71
Custom,45,12242,24.514491,38
Custom,45,12285,35.064089,43
Custom,45,12350,51.824688,65
Custom,45,12411,45.169695,61
Custom,45,12478,46.850779,67
Custom,45,12551,59.090988,73
Custom,45,12606,38.055816,55
Custom,45,12654,38.132426,48
Custom,45,12691,28.074555,37
Custom,45,12745,36.283407,54
Custom,45,12798,28.635405,53
Custom,45,12883,61.179058,85
Custom,45,12931,32.730666,48
Custom,45,12982,35.303666,51
Custom,45,13036,38.169644,54
Custom,45,13065,21.165306,29
Custom,45,13127,47.199025,62
Custom,45,13182,33.873667,55
Custom,45,13226,35.100533,44
Custom,45,13294,50.919681,68
Custom,45,13315,12.268195,21
Custom,45,13342,19.222369,27
Custom,45,13362,13.58713,20
Custom,45,13438,47.685574,76
Custom,45,13452,10.380642,14
Custom,45,13525,45.847962,73
Custom,45,13591,49.343842,66
Custom,45,13648,44.371852,57
Custom,45,13719,52.748345,71
Custom,45,13795,60.96243,76
Custom,45,13862,48.938521,67
Custom,45,13942,49.773191,80
Custom,45,14012,58.598662,70
Custom,45,14055,31.420689,43
Custom,45,14096,29.457929,41
Custom,45,14143,35.748305,47
Custom,45,14205,43.312106,62
Custom,45,14299,65.284634,94
Custom,45,14350,26.109354,51
Custom,45,14411,42.497946,61
Custom,45,14460,27.381504,49
Custom,45,14503,31.112783,43
Custom,45,14564,44.233588,61
Custom,45,14657,67.732642,93
Custom,45,14714,34.28617,57
Custom,45,14759,32.755844,45
Custom,45,14816,38.32651,57
Custom,45,14935,80.867204,119
Custom,45,15023,70.347874,88
Custom,45,15095,52.207994,72
Custom,45,15295,144.574969,200
Custom,45,15481,146.633573,186
Custom,45,15527,31.013383,46
Custom,45,15695,121.156861,168
Custom,45,15780,68.073192,85
Custom,45,15865,57.71849,85
Custom,45,15933,51.200196,68
Custom,45,16019,59.379438,86
Custom,45,16076,45.211899,57
Custom,45,16136,39.504788,60
Custom,45,16203,48.682705,67
Custom,45,16295,68.250268,92
Custom,45,16375,58.086187,80
Custom,45,16453,54.958822,78
Custom,45,16517,52.506284,64
Custom,45,16620,75.088492,103
Custom,45,16662,34.113043,42
Custom,45,16727,51.954275,65
Custom,45,16876,109.267339,149
Custom,45,16960,64.762122,84
Custom,45,17039,53.510661,79
Custom,45,17151,79.004412,112
Custom,45,17255,76.41719,104
Custom,45,17326,42.589231,71
Custom,45,17391,43.568489,65
Custom,45,17437,29.739244,46
Custom,45,17520,68.335669,83
Custom,45,17589,54.468332,69
Custom,45,17689,80.254915,100
Custom,45,17774,58.899304,85
Custom,45,17855,52.676692,81
Custom,45,17970,80.591617,115
Custom,45,18020,41.735754,50
Custom,45,18074,32.371262,54
Custom,45,18182,77.084104,108
Custom,45,18263,64.394906,81
Custom,45,18323,39.558074,60
Custom,45,18440,82.162468,117
Custom,45,18510,46.513908,70
Custom,45,18599,64.400957,89
Custom,45,18743,109.728846,144
Custom,45,18771,20.167889,28
Custom,45,18895,94.74798,124
Custom,45,19009,80.074968,114
Custom,45,19115,77.886221,106
Custom,45,19263,115.032374,148
Custom,45,19369,78.90739,106
Custom,45,19489,79.041522,120
Custom,45,19536,36.482132,47
Custom,45,19698,125.363511,162
Custom,45,19892,144.158475,194
Custom,45,19979,58.967543,87
Custom,45,20075,71.638713,96
Custom,45,20163,63.3292,88
Custom,45,20229,48.797295,66
Custom,45,20324,77.33387,95
Custom,45,20427,75.379665,103
Custom,45,20640,162.07479,213
Custom,45,20721,60.324363,81
Custom,45,20917,152.037469,196
Custom,45,21060,106.869668,143
Custom,45,21179,91.45498,119
Custom,45,21287,82.05229,108
Custom,45,21390,76.87182,103
Custom,45,21554,120.936681,164
Custom,45,21639,64.413884,85
Custom,45,21765,87.235709,126
Custom,45,21929,131.958505,164
Custom,45,22035,81.769746,106
Custom,45,22112,50.070294,77
Custom,45,22222,82.777965,110
Custom,45,22334,83.382868,112
Custom,45,22457,95.716016,123
Custom,45,22573,92.297071,116
Custom,45,22852,214.464982,279
Custom,45,22960,79.276441,108
Custom,45,23194,192.469075,234
Custom,45,23263,50.990489,69
Custom,45,23484,183.103918,221
Custom,45,23603,86.031954,119
Custom,45,23943,273.189696,340
Custom,45,24074,101.365177,131
Custom,45,24202,98.56591,128
Custom,45,24402,148.529609,200
Custom,45,24537,101.439189,135
Custom,45,24674,102.285361,137
Custom,45,24891,169.067318,217
Custom,45,25024,104.269034,133
Custom,45,25265,194.813918,241
Custom,45,25520,208.667099,255
Custom,45,25691,133.823583,171
Custom,45,25961,210.683126,270
Custom,45,26431,371.310548,470
Custom,45,26911,390.320916,480
Custom,45,27911,795.528007,1000
Custom,45,28153,197.200833,242
Custom,45,28322,136.259579,169
Custom,45,29322,827.269776,1000
Custom,45,30322,802.623869,1000
Custom,45,31322,833.041726,1000
Custom,45,32322,847.327823,1000
Custom,45,33322,871.654961,1000
Custom,45,34322,876.457609,1000
Custom,45,35322,888.677419,1000
Custom,45,36322,901.11373,1000
Custom,45,37322,902.62779,1000
Custom,45,38322,912.051634,1000
Custom,45,39322,926.392401,1000
Custom,45,40322,929.785647,1000
Custom,45,41322,933.105916,1000
Custom,45,42322,938.143013,1000
Custom,45,43322,942.38517,1000
Custom,45,44322,950.865234,1000
Custom,45,45322,955.756245,1000
Custom,45,46322,956.681766,1000
Custom,45,47322,956.260021,1000
Custom,45,48322,958.699485,1000
Custom,45,49322,963.181624,1000
Custom,45,50322,962.835009,1000
Custom,45,51322,966.141993,1000
Custom,45,52322,969.305576,1000
Custom,45,53322,972.086616,1000
Custom,45,54322,974.245835,1000
Custom,45,55322,974.262105,1000
Custom,45,56322,980.06638,1000
Custom,45,57322,979.068062,1000
Custom,45,58322,980.684014,1000
Custom,45,59322,979.986172,1000
Custom,45,60322,984.145037,1000
Custom,45,61322,983.72509,1000
Custom,45,62322,985.764784,1000
Custom,45,63322,984.925561,1000
Custom,45,64322,986.329402,1000
Custom,45,65322,986.99837,1000
Custom,45,66322,988.579972,1000
Custom,45,67322,988.843228,1000
Custom,45,68322,990.287657,1000
Custom,45,69322,990.154241,1000
Custom,45,70322,991.63832,1000
Custom,45,71322,991.464667,1000
Custom,45,72123,790.925322,801
Custom,45,72440,310.111655,317
Custom,45,73136,686.101809,696
Custom,45,73765,621.065573,629
Custom,45,74765,992.686749,1000
Custom,45,74959,187.663009,194
Custom,45,75959,992.175798,1000
Custom,45,76093,131.677069,134
Custom,45,76431,333.95241,338
Custom,45,76627,191.827122,196
Custom,45,77102,469.834845,475
Custom,45,77457,347.870155,355
Custom,45,77881,418.994449,424
Custom,45,78881,991.689168,1000
Custom,45,79881,992.189461,1000
Custom,45,80881,992.831634,1000
Custom,45,81881,992.297236,1000
Custom,45,82881,993.354224,1000
Custom,45,83881,992.746223,1000
Custom,45,84881,993.728312,1000
Custom,45,85881,993.465477,1000
Custom,45,86881,994.2208,1000
Custom,45,87881,994.401803,1000
Custom,45,88881,995.434549,1000
Custom,45,89881,995.155197,1000
Custom,45,90881,995.50615,1000
Custom,45,91881,995.80357,1000
Custom,45,92881,996.368155,1000
Custom,45,93881,996.797822,1000
Custom,45,94881,996.938267,1000
Custom,45,95881,996.924305,1000
Custom,45,96881,997.113178,1000
Custom,45,97881,997.259505,1000
Custom,45,98881,997.513173,1000
Custom,45,99881,997.573111,1000
Custom,46,7,2.578989,7
Custom,46,14,-2.40766,7
Custom,46,24,4.579022,10
Custom,46,34,5.589223,10
Custom,46,45,3.63256,11
Custom,46,49,-1.468138,4
Custom,46,54,0.565976,5
Custom,46,65,5.702124,11
Custom,46,71,-1.219257,6
Custom,46,81,5.430773,10
Custom,46,90,-0.375888,9
Custom,46,95,-3.358143,5
Custom,46,101,-0.556127,6
Custom,46,106,-3.011366,5
Custom,46,116,-2.258206,10
Custom,46,130,6.93617,14
Custom,46,137,1.823937,7
Custom,46,141,-2.759731,4
Custom,46,145,-1.656909,4
Custom,46,151,-4.893218,6
Custom,46,161,5.5319,10
Custom,46,167,0.420643,6
Custom,46,178,4.504447,11
Custom,46,191,6.665054,13
Custom,46,201,1.723672,10
Custom,46,210,-4.686572,9
Custom,46,219,-6.113132,9
Custom,46,225,-2.409579,6
Custom,46,230,-1.440986,5
Custom,46,233,-4.795004,3
Custom,46,242,4.159827,9
Custom,46,246,-2.737518,4
Custom,46,252,-0.08251,6
Custom,46,265,8.706556,13
Custom,46,273,4.319312,8
Custom,46,277,-8.185926,4
Custom,46,282,-2.109368,5
Custom,46,294,6.851827,12
Custom,46,301,1.937108,7
Custom,46,306,-4.743953,5
Custom,46,319,-0.126106,13
Custom,46,337,8.018346,18
Custom,46,342,-8.567057,5
Custom,46,356,3.438975,14
Custom,46,362,-2.163776,6
Custom,46,369,3.18919,7
Custom,46,377,0.544951,8
Custom,46,385,4.51916,8
Custom,46,395,5.678097,10
Custom,46,402,-1.556519,7
Custom,46,415,5.404396,13
Custom,46,427,7.164631,12
Custom,46,432,-6.973589,5
Custom,46,439,0.124306,7
Custom,46,443,-7.970069,4
Custom,46,453,4.744568,10
Custom,46,459,0.935332,6
Custom,46,468,4.504216,9
Custom,46,485,10.348649,17
Custom,46,489,-7.319183,4
Custom,46,498,5.163481,9
Custom,46,507,-3.149166,9
Custom,46,522,10.516045,15
Custom,46,534,6.526982,12
Custom,46,543,3.957107,9
Custom,46,557,0.725585,14
Custom,46,564,-1.92936,7
Custom,46,572,3.627747,8
Custom,46,576,-4.657546,4
Custom,46,587,-0.999016,11
Custom,46,595,4.95779,8
Custom,46,607,1.561078,12
Custom,46,615,0.672239,8
Custom,46,622,2.63791,7
Custom,46,634,-10.102369,12
Custom,46,641,2.300822,7
Custom,46,645,-4.764543,4
Custom,46,659,0.607373,14
Custom,46,665,2.213332,6
Custom,46,677,-0.211811,12
Custom,46,703,10.629055,26
Custom,46,712,5.610632,9
Custom,46,720,1.206558,8
Custom,46,726,1.265246,6
Custom,46,730,-8.61043,4
Custom,46,737,1.157622,7
Custom,46,749,-4.176521,12
Custom,46,754,-0.252728,5
Custom,46,764,2.592807,10
Custom,46,778,8.547326,14
Custom,46,785,2.003466,7
Custom,46,796,1.106864,11
Custom,46,803,-0.209461,7
Custom,46,810,2.640899,7
Custom,46,816,1.518099,6
Custom,46,821,1.104425,5
Custom,46,826,-2.295502,5
Custom,46,846,-11.800848,20
Custom,46,850,-1.922446,4
Custom,46,865,5.812273,15
Custom,46,874,5.714828,9
Custom,46,880,1.754044,6
Custom,46,904,10.996687,24
Custom,46,909,-1.568583,5
Custom,46,931,10.324618,22
Custom,46,939,2.794621,8
Custom,46,950,8.136667,11
Custom,46,953,-8.973209,3
Custom,46,961,2.937594,8
Custom,46,965,-0.951104,4
Custom,46,974,5.095825,9
Custom,46,978,-5.032593,4
Custom,46,982,-3.620836,4
Custom,46,998,4.706408,16
Custom,46,1007,2.845878,9
Custom,46,1014,3.294746,7
Custom,46,1019,-5.937292,5
Custom,46,1027,4.273886,8
Custom,46,1032,-1.111524,5
Custom,46,1049,-3.000468,17
Custom,46,1055,-0.690981,6
Custom,46,1058,-4.293729,3
Custom,46,1070,5.737422,12
Custom,46,1073,-8.145343,3
Custom,46,1077,-7.807474,4
Custom,46,1085,1.508139,8
Custom,46,1099,-3.264339,14
Custom,46,1114,11.248022,15
Custom,46,1121,1.454031,7
Custom,46,1127,1.519973,6
Custom,46,1141,-6.645763,14
Custom,46,1158,6.8378,17
Custom,46,1164,2.438558,6
Custom,46,1168,-2.787357,4
Custom,46,1186,2.223996,18
Custom,46,1195,3.303283,9
Custom,46,1204,3.64187,9
Custom,46,1210,-1.93472,6
Custom,46,1218,3.002728,8
Custom,46,1230,5.351709,12
Custom,46,1239,3.836679,9
Custom,46,1251,-6.690721,12
Custom,46,1261,4.160787,10
Custom,46,1267,1.91499,6
Custom,46,1286,5.997142,19
Custom,46,1290,-3.084727,4
Custom,46,1297,0.016426,7
Custom,46,1303,-2.23742,6
Custom,46,1315,1.50718,12
Custom,46,1321,-1.003422,6
Custom,46,1329,1.779717,8
Custom,46,1333,-4.299641,4
Custom,46,1340,-2.450572,7
Custom,46,1350,3.962352,10
Custom,46,1361,7.187653,11
Custom,46,1372,7.401096,11
Custom,46,1378,1.291892,6
Custom,46,1382,-3.626423,4
Custom,46,1388,-0.588237,6
Custom,46,1392,-1.306893,4
Custom,46,1397,-3.85719,5
Custom,46,1408,8.830792,11
Custom,46,1426,11.083122,18
Custom,46,1430,-3.463919,4
Custom,46,1444,6.504351,14
Custom,46,1449,-1.307484,5
Custom,46,1453,-5.399698,4
Custom,46,1456,-6.782301,3
Custom,46,1466,3.114351,10
Custom,46,1471,-8.125191,5
Custom,46,1476,-3.974583,5
Custom,46,1494,-1.856865,18
Custom,46,1503,-5.75097,9
Custom,46,1513,4.45805,10
Custom,46,1519,0.760584,6
Custom,46,1529,0.925763,10
Custom,46,1539,1.561125,10
Custom,46,1547,3.677964,8
Custom,46,1551,-1.698316,4
Custom,46,1556,-1.748726,5
Custom,46,1561,-5.270204,5
Custom,46,1575,6.766854,14
Custom,46,1588,-0.266811,13
Custom,46,1599,4.500711,11
Custom,46,1606,0.448631,7
Custom,46,1613,0.037753,7
Custom,46,1624,7.564005,11
Custom,46,1629,-12.254897,5
Custom,46,1636,2.680733,7
Custom,46,1647,6.990271,11
Custom,46,1653,-2.232815,6
Custom,46,1656,-12.384885,3
Custom,46,1661,0.05543,5
Custom,46,1667,-3.929025,6
Custom,46,1672,0.705282,5
Custom,46,1689,11.016797,17
Custom,46,1695,-14.507962,6
Custom,46,1701,-1.649448,6
Custom,46,1709,4.177244,8
Custom,46,1714,-8.270682,5
Custom,46,1719,-10.044508,5
Custom,46,1728,4.356669,9
Custom,46,1738,5.309952,10
Custom,46,1767,13.842122,29
Custom,46,1780,5.220822,13
Custom,46,1784,-3.102863,4
Custom,46,1794,4.659979,10
Custom,46,1805,3.544219,11
Custom,46,1814,4.096386,9
Custom,46,1824,4.494866,10
Custom,46,1838,7.678236,14
Custom,46,1842,-3.655613,4
Custom,46,1849,3.150534,7
Custom,46,1856,0.458241,7
Custom,46,1864,-3.566274,8
Custom,46,1871,-1.968904,7
Custom,46,1874,-5.622796,3
Custom,46,1879,-1.838842,5
Custom,46,1892,8.787615,13
Custom,46,1897,-0.857008,5
Custom,46,1901,-8.390595,4
Custom,46,1908,3.245212,7
Custom,46,1914,1.602018,6
Custom,46,1918,-2.047715,4
Custom,46,1926,0.999963,8
Custom,46,1933,-2.850547,7
Custom,46,1941,3.921771,8
Custom,46,1951,3.850661,10
Custom,46,1962,-1.438269,11
Custom,46,1969,-4.501263,7
Custom,46,1982,9.143815,13
Custom,46,1996,-6.180092,14
Custom,46,2002,2.098494,6
Custom,46,2009,-0.013118,7
Custom,46,2029,13.934209,20
Custom,46,2035,-2.181103,6
Custom,46,2041,0.20558,6
Custom,46,2051,3.415558,10
Custom,46,2056,-4.381891,5
Custom,46,2069,3.739457,13
Custom,46,2078,4.590194,9
Custom,46,2096,12.571195,18
Custom,46,2111,6.587708,15
Custom,46,2119,4.048448,8
Custom,46,2153,24.558166,34
Custom,46,2157,-3.321623,4
Custom,46,2182,11.961108,25
Custom,46,2190,1.552404,8
Custom,46,2195,-4.924342,5
Custom,46,2203,0.712807,8
Custom,46,2215,6.582224,12
Custom,46,2220,-0.380323,5
Custom,46,2226,-0.3109,6
Custom,46,2245,7.383861,19
Custom,46,2249,-5.747798,4
Custom,46,2258,3.377828,9
Custom,46,2262,-1.851221,4
Custom,46,2270,4.632331,8
Custom,46,2288,8.981562,18
Custom,46,2331,23.744783,43
Custom,46,2342,5.003426,11
Custom,46,2354,6.235188,12
Custom,46,2366,7.574491,12
Custom,46,2369,-3.924284,3
Custom,46,2374,-0.189256,5
Custom,46,2381,3.021826,7
Custom,46,2390,4.281948,9
Custom,46,2421,20.852153,31
Custom,46,2440,15.128343,19
Custom,46,2450,4.849159,10
Custom,46,2456,-4.736957,6
Custom,46,2463,2.005532,7
Custom,46,2475,1.057158,12
Custom,46,2484,4.552285,9
Custom,46,2487,-6.549952,3
Custom,46,2499,9.744005,12
Custom,46,2507,2.57483,8
Custom,46,2518,4.096286,11
Custom,46,2530,7.155893,12
Custom,46,2537,0.595944,7
Custom,46,2544,0.918154,7
Custom,46,2557,9.095158,13
Custom,46,2576,10.200559,19
Custom,46,2583,0.662809,7
Custom,46,2588,0.706972,5
Custom,46,2595,2.204672,7
Custom,46,2605,5.142208,10
Custom,46,2636,23.01367,31
Custom,46,2639,-6.869348,3
Custom,46,2654,8.124081,15
Custom,46,2659,-0.053373,5
Custom,46,2679,12.175653,20
Custom,46,2684,0.257841,5
Custom,46,2696,7.076903,12
Custom,46,2727,23.213419,31
Custom,46,2748,9.999333,21
Custom,46,2753,-0.472257,5
Custom,46,2762,4.947026,9
Custom,46,2774,8.532833,12
Custom,46,2779,-2.656153,5
Custom,46,2798,11.638008,19
Custom,46,2804,2.047822,6
Custom,46,2818,7.999007,14
Custom,46,2823,-3.420565,5
Custom,46,2828,-4.413805,5
Custom,46,2841,4.466682,13
Custom,46,2845,-2.192907,4
Custom,46,2853,2.610536,8
Custom,46,2862,3.620119,9
Custom,46,2876,6.17565,14
Custom,46,2881,-0.00096,5
Custom,46,2890,5.194886,9
Custom,46,2910,8.85224,20
Custom,46,2919,3.939823,9
Custom,46,2936,10.435077,17
Custom,46,2941,-1.891119,5
Custom,46,2952,7.430408,11
Custom,46,2961,5.280349,9
Custom,46,2966,-2.588451,5
Custom,46,2971,-0.574584,5
Custom,46,2975,-4.389257,4
Custom,46,2991,9.376556,16
Custom,46,3026,24.945284,35
Custom,46,3033,-3.195322,7
Custom,46,3038,-2.568737,5
Custom,46,3048,5.706871,10
Custom,46,3070,11.803384,22
Custom,46,3082,7.564888,12
Custom,46,3087,-2.54501,5
Custom,46,3091,-4.703388,4
Custom,46,3097,-1.876804,6
Custom,46,3107,5.427683,10
Custom,46,3124,9.918322,17
Custom,46,3136,8.222952,12
Custom,46,3141,-1.580916,5
Custom,46,3150,6.209964,9
Custom,46,3173,17.021465,23
Custom,46,3185,9.117973,12
Custom,46,3191,-1.752689,6
Custom,46,3208,11.732173,17
Custom,46,3215,-1.050388,7
Custom,46,3220,-2.760784,5
Custom,46,3233,2.220208,13
Custom,46,3240,3.690926,7
Custom,46,3252,4.811035,12
Custom,46,3263,3.106644,11
Custom,46,3267,-3.351764,4
Custom,46,3277,5.752267,10
Custom,46,3280,-6.868193,3
Custom,46,3298,10.619817,18
Custom,46,3304,0.719338,6
Custom,46,3312,2.51215,8
Custom,46,3329,9.916197,17
Custom,46,3335,2.138615,6
Custom,46,3345,1.740192,10
Custom,46,3352,3.173562,7
Custom,46,3365,4.807335,13
Custom,46,3371,1.48305,6
Custom,46,3378,3.231974,7
Custom,46,3385,-0.650556,7
Custom,46,3401,11.893218,16
Custom,46,3408,3.962932,7
Custom,46,3423,11.470532,15
Custom,46,3437,5.85562,14
Custom,46,3454,14.383665,17
Custom,46,3469,7.78806,15
Custom,46,3478,-1.748991,9
Custom,46,3483,-5.443368,5
Custom,46,3504,-0.433847,21
Custom,46,3510,-0.713417,6
Custom,46,3542,22.373186,32
Custom,46,3547,-3.619824,5
Custom,46,3559,9.599632,12
Custom,46,3571,9.440249,12
Custom,46,3576,-0.325289,5
Custom,46,3582,-3.044059,6
Custom,46,3600,14.174309,18
Custom,46,3610,3.458961,10
Custom,46,3619,2.577386,9
Custom,46,3628,-2.410023,9
Custom,46,3648,10.122808,20
Custom,46,3675,16.763831,27
Custom,46,3689,7.396054,14
Custom,46,3695,1.322906,6
Custom,46,3699,-0.386233,4
Custom,46,3704,-2.649473,5
Custom,46,3712,3.166854,8
Custom,46,3722,5.56686,10
Custom,46,3728,2.484904,6
Custom,46,3746,14.523943,18
Custom,46,3755,1.330371,9
Custom,46,3764,0.602905,9
Custom,46,3771,3.188627,7
Custom,46,3788,11.796191,17
Custom,46,3800,7.819802,12
Custom,46,3807,-2.538381,7
Custom,46,3826,9.083539,19
Custom,46,3839,4.657121,13
Custom,46,3852,9.385551,13
Custom,46,3860,2.883275,8
Custom,46,3877,6.526245,17
Custom,46,3884,2.577979,7
Custom,46,3914,16.201948,30
Custom,46,3919,0.107275,5
Custom,46,3929,5.945969,10
Custom,46,3939,6.404585,10
Custom,46,3948,4.709697,9
Custom,46,3957,-6.464701,9
Custom,46,3970,8.042632,13
Custom,46,3978,4.5219,8
Custom,46,3985,2.839558,7
Custom,46,3990,-4.723358,5
Custom,46,4010,11.405749,20
Custom,46,4022,2.961851,12
Custom,46,4029,2.397985,7
Custom,46,4035,2.195346,6
Custom,46,4041,1.472073,6
Custom,46,4048,1.664793,7
Custom,46,4065,10.556363,17
Custom,46,4084,13.285248,19
Custom,46,4092,2.713079,8
Custom,46,4098,1.394121,6
Custom,46,4111,8.225634,13
Custom,46,4125,11.208597,14
Custom,46,4129,-1.925991,4
Custom,46,4135,1.414349,6
Custom,46,4163,19.011931,28
Custom,46,4172,3.480019,9
Custom,46,4180,4.674907,8
Custom,46,4189,5.771247,9
Custom,46,4206,12.970904,17
Custom,46,4227,12.415763,21
Custom,46,4236,4.29758,9
Custom,46,4263,20.750305,27
Custom,46,4270,3.33862,7
Custom,46,4279,1.741489,9
Custom,46,4303,15.848948,24
Custom,46,4352,39.431041,49
Custom,46,4358,1.857569,6
Custom,46,4398,26.286322,40
Custom,46,4407,4.849614,9
Custom,46,4420,8.921602,13
Custom,46,4428,4.833203,8
Custom,46,4434,1.780922,6
Custom,46,4467,25.975893,33
Custom,46,4477,8.077183,10
Custom,46,4510,18.47563,33
Custom,46,4541,21.679741,31
Custom,46,4557,4.504713,16
Custom,46,4567,3.437526,10
Custom,46,4575,4.017257,8
Custom,46,4619,26.428237,44
Custom,46,4633,7.48944,14
Custom,46,4639,2.048862,6
Custom,46,4661,12.065916,22
Custom,46,4681,16.737675,20
Custom,46,4686,0.836985,5
Custom,46,4695,2.64924,9
Custom,46,4699,-2.236914,4
Custom,46,4712,6.706064,13
Custom,46,4742,23.846737,30
Custom,46,4763,15.329309,21
Custom,46,4773,4.487455,10
Custom,46,4780,1.7999,7
Custom,46,4809,14.567947,29
Custom,46,4830,11.922496,21
Custom,46,4838,3.057713,8
Custom,46,4849,6.597659,11
Custom,46,4866,8.717998,17
Custom,46,4875,5.956889,9
Custom,46,4883,5.036098,8
Custom,46,4905,11.773643,22
Custom,46,4912,3.827378,7
Custom,46,4920,-1.284268,8
Custom,46,4932,9.696018,12
Custom,46,4940,4.798407,8
Custom,46,4952,7.620288,12
Custom,46,4966,10.677647,14
Custom,46,4977,4.972337,11
Custom,46,5000,18.625745,23
Custom,46,5010,6.058086,10
Custom,46,5026,13.39902,16
Custom,46,5048,11.992868,22
Custom,46,5056,1.079785,8
Custom,46,5069,8.598378,13
Custom,46,5079,6.000748,10
Custom,46,5104,14.300727,25
Custom,46,5110,1.86198,6
Custom,46,5115,-0.241291,5
Custom,46,5135,9.892559,20
Custom,46,5143,4.880335,8
Custom,46,5160,10.324818,17
Custom,46,5177,12.893255,17
Custom,46,5185,4.29508,8
Custom,46,5199,10.748053,14
Custom,46,5210,5.729298,11
Custom,46,5230,12.753098,20
Custom,46,5242,9.428036,12
Custom,46,5255,10.940767,13
Custom,46,5264,4.572698,9
Custom,46,5282,11.787791,18
Custom,46,5291,5.672903,9
Custom,46,5316,17.653519,25
Custom,46,5354,27.63634,38
Custom,46,5371,11.608835,17
Custom,46,5376,0.411935,5
Custom,46,5396,12.622083,20
Custom,46,5421,18.977084,25
Custom,46,5429,2.460326,8
Custom,46,5449,15.8989,20
Custom,46,5455,1.748863,6
Custom,46,5463,2.803881,8
Custom,46,5479,11.954715,16
Custom,46,5489,6.151799,10
Custom,46,5524,27.880089,35
Custom,46,5535,5.192232,11
Custom,46,5541,1.724805,6
Custom,46,5549,0.785792,8
Custom,46,5581,20.220214,32
Custom,46,5587,0.718736,6
Custom,46,5595,3.346492,8
Custom,46,5606,6.319744,11
Custom,46,5633,20.875377,27
Custom,46,5648,5.835877,15
Custom,46,5667,10.653923,19
Custom,46,5674,2.838124,7
Custom,46,5702,21.193787,28
Custom,46,5725,17.109941,23
Custom,46,5731,1.752674,6
Custom,46,5745,6.310734,14
Custom,46,5780,25.099647,35
Custom,46,5786,-1.089329,6
Custom,46,5815,20.541572,29
Custom,46,5856,32.796038,41
Custom,46,5862,0.003841,6
Custom,46,5874,7.382155,12
Custom,46,5904,21.833962,30
Custom,46,5929,22.345129,25
Custom,46,5945,11.911075,16
Custom,46,5958,9.162057,13
Custom,46,5966,4.510973,8
Custom,46,6005,30.560127,39
Custom,46,6021,11.798432,16
Custom,46,6040,13.958328,19
Custom,46,6049,2.738898,9
Custom,46,6062,6.881525,13
Custom,46,6078,11.494435,16
Custom,46,6100,16.697257,22
Custom,46,6113,8.782807,13
Custom,46,6138,17.289823,25
Custom,46,6157,11.755213,19
Custom,46,6167,6.730728,10
Custom,46,6220,34.034434,53
Custom,46,6247,20.507318,27
Custom,46,6289,31.341776,42
Custom,46,6303,8.756729,14
Custom,46,6326,14.558677,23
Custom,46,6344,13.754834,18
Custom,46,6352,4.59478,8
Custom,46,6371,10.586534,19
Custom,46,6404,20.895179,33
Custom,46,6412,5.09932,8
Custom,46,6464,35.058389,52
Custom,46,6502,29.820197,38
Custom,46,6518,9.441084,16
Custom,46,6538,13.159043,20
Custom,46,6545,2.147303,7
Custom,46,6586,26.495636,41
Custom,46,6598,8.563383,12
Custom,46,6632,22.84004,34
Custom,46,6680,30.943154,48
Custom,46,6710,18.204362,30
Custom,46,6749,31.350496,39
Custom,46,6779,21.831228,30
Custom,46,6833,38.589411,54
Custom,46,6863,22.191557,30
Custom,46,6924,44.578025,61
Custom,46,6933,6.343716,9
Custom,46,6983,33.816087,50
Custom,46,6990,3.334224,7
Custom,46,7015,18.520794,25
Custom,46,7038,18.379536,23
Custom,46,7057,13.411959,19
Custom,46,7066,4.575502,9
Custom,46,7098,18.265725,32
Custom,46,7126,15.5949,28
Custom,46,7137,6.74385,11
Custom,46,7159,15.022738,22
Custom,46,7188,22.799,29
Custom,46,7217,18.960036,29
Custom,46,7242,20.077645,25
Custom,46,7252,7.352039,10
Custom,46,7276,15.804448,24
Custom,46,7292,11.256611,16
Custom,46,7308,10.296062,16
Custom,46,7313,-1.350701,5
Custom,46,7321,4.00693,8
Custom,46,7390,52.335121,69
Custom,46,7433,32.173488,43
Custom,46,7448,11.33835,15
Custom,46,7483,27.703867,35
Custom,46,7521,25.487943,38
Custom,46,7540,11.892467,19
Custom,46,7564,13.888953,24
Custom,46,7577,9.601624,13
Custom,46,7598,13.663902,21
Custom,46,7603,0.636263,5
Custom,46,7625,14.953932,22
Custom,46,7677,36.142538,52
Custom,46,7737,44.491721,60
Custom,46,7744,1.593953,7
Custom,46,7751,3.701921,7
Custom,46,7761,6.556687,10
Custom,46,7777,11.737524,16
Custom,46,7817,27.932599,40
Custom,46,7829,7.260317,12
Custom,46,7880,33.871144,51
Custom,46,7887,3.242539,7
Custom,46,7933,34.12879,46
Custom,46,7937,-1.516836,4
Custom,46,8003,46.148878,66
Custom,46,8015,4.436467,12
Custom,46,8034,14.379687,19
Custom,46,8059,16.608832,25
Custom,46,8065,2.185239,6
Custom,46,8093,20.032704,28
Custom,46,8106,4.260155,13
Custom,46,8133,22.489356,27
Custom,46,8181,32.138581,48
Custom,46,8191,5.490397,10
Custom,46,8255,42.13657,64
Custom,46,8298,29.662964,43
Custom,46,8337,27.727907,39
Custom,46,8376,20.829373,39
Custom,46,8405,18.275558,29
Custom,46,8491,59.433009,86
Custom,46,8564,50.889449,73
Custom,46,8601,26.311293,37
Custom,46,8707,67.131672,106
Custom,46,8727,13.574913,20
Custom,46,8880,119.176533,153
Custom,46,8896,11.481846,16
Custom,46,8944,36.45955,48
Custom,46,8949,-1.678812,5
Custom,46,8969,13.917017,20
Custom,46,8979,4.200618,10
Custom,46,9055,51.293951,76
Custom,46,9079,17.022589,24
Custom,46,9092,7.081759,13
Custom,46,9117,15.508437,25
Custom,46,9183,41.580341,66
Custom,46,9282,77.577926,99
Custom,46,9321,27.322072,39
Custom,46,9351,18.668551,30
Custom,46,9500,111.209238,149
Custom,46,9549,31.673749,49
Custom,46,9595,34.543471,46
Custom,46,9622,21.594153,27
Custom,46,9640,7.961621,18
Custom,46,9707,51.609232,67
Custom,46,9729,11.552929,22
Custom,46,9758,18.295734,29
Custom,46,9802,29.321342,44
Custom,46,9889,55.916972,87
Custom,46,9893,-1.196843,4
Custom,46,9916,13.287752,23
Custom,46,9980,50.464838,64
Custom,46,10023,30.834841,43
Custom,46,10036,8.537574,13
Custom,46,10083,37.472009,47
Custom,46,10122,26.916646,39
Custom,46,10132,7.185542,10
Custom,46,10212,65.783092,80
Custom,46,10220,5.39182,8
Custom,46,10272,38.345294,52
Custom,46,10311,30.565527,39
Custom,46,10348,13.109077,37
Custom,46,10401,30.613644,53
Custom,46,10461,46.287678,60
Custom,46,10539,46.274389,78
Custom,46,10590,36.523675,51
Custom,46,10600,6.991087,10
Custom,46,10614,7.65984,14
Custom,46,10687,55.18306,73
Custom,46,10710,18.484212,23
Custom,46,10792,59.765865,82
Custom,46,10838,34.698633,46
Custom,46,10918,52.45032,80
Custom,46,10953,27.04277,35
Custom,46,10980,18.064304,27
Custom,46,11065,55.709729,85
Custom,46,11074,3.970779,9
Custom,46,11178,78.859843,104
Custom,46,11188,5.300176,10
Custom,46,11205,10.245047,17
Custom,46,11278,56.912126,73
Custom,46,11361,62.420928,83
Custom,46,11464,70.529724,103
Custom,46,11542,63.156784,78
Custom,46,11625,57.335453,83
Custom,46,11676,39.430807,51
Custom,46,11727,36.175251,51
Custom,46,11794,49.044164,67
Custom,46,11846,30.763559,52
Custom,46,11918,56.456722,72
Custom,46,11965,36.931787,47
Custom,46,12016,36.626106,51
Custom,46,12036,12.371436,20
Custom,46,12059,16.791628,23
Custom,46,12097,26.291028,38
Custom,46,12157,36.359951,60
Custom,46,12204,24.744464,47
Custom,46,12262,43.225455,58
Custom,46,12278,11.129448,16
Custom,46,12340,40.721268,62
Custom,46,12419,55.552413,79
Custom,46,12493,55.26967,74
Custom,46,12555,44.426314,62
Custom,46,12622,50.067503,67
Custom,46,12748,89.186292,126
Custom,46,12801,36.201837,53
Custom,46,12936,105.61964,135
Custom,46,13033,74.937523,97
Custom,46,13127,67.888962,94
Custom,46,13296,129.385308,169
Custom,46,13403,75.189132,107
Custom,46,13470,47.262629,67
Custom,46,13553,50.720285,83
Custom,46,13605,29.995989,52
Custom,46,13671,40.120314,66
Custom,46,13706,25.666624,35
Custom,46,13729,17.749593,23
Custom,46,13740,6.234399,11
Custom,46,13785,27.356529,45
Custom,46,13906,82.565569,121
Custom,46,14000,63.427105,94
Custom,46,14056,28.505121,56
Custom,46,14285,171.803322,229
Custom,46,14341,29.520067,56
Custom,46,14474,95.96417,133
Custom,46,14539,52.446857,65
Custom,46,14658,82.660465,119
Custom,46,14762,75.633555,104
Custom,46,14846,65.789825,84
Custom,46,14921,55.168367,75
Custom,46,15042,87.84588,121
Custom,46,15146,74.46455,104
Custom,46,15218,54.120852,72
Custom,46,15288,52.22941,70
Custom,46,15387,68.446463,99
Custom,46,15573,134.23027,186
Custom,46,15640,39.286218,67
Custom,46,15786,94.085511,146
Custom,46,15885,66.039696,99
Custom,46,16029,111.960257,144
Custom,46,16071,31.802961,42
Custom,46,16124,31.817809,53
Custom,46,16185,39.622527,61
Custom,46,16328,102.334542,143
Custom,46,16373,35.529057,45
Custom,46,16492,85.394336,119
Custom,46,16825,265.453819,333
Custom,46,16945,92.878472,120
Custom,46,17080,99.683458,135
Custom,46,17234,110.918772,154
Custom,46,17332,71.303468,98
Custom,46,17404,52.771109,72
Custom,46,17617,159.857289,213
Custom,46,17740,93.435496,123
Custom,46,17834,68.743787,94
Custom,46,18014,136.790186,180
Custom,46,18137,91.333224,123
Custom,46,18258,88.551715,121
Custom,46,18386,95.316804,128
Custom,46,18517,93.430876,131
Custom,46,18617,70.29687,100
Custom,46,18758,110.952474,141
Custom,46,18951,148.402628,193
Custom,46,19206,200.933012,255
Custom,46,19404,148.580668,198
Custom,46,19515,86.497655,111
Custom,46,19680,130.327915,165
Custom,46,19877,146.561264,197
Custom,46,20111,179.760397,234
Custom,46,20230,91.886752,119
Custom,46,20279,34.620237,49
Custom,46,20506,162.399093,227
Custom,46,21393,677.928882,887
Custom,46,22066,522.335344,673
Custom,46,22449,293.953419,383
Custom,46,23449,788.199051,1000
Custom,46,24449,804.849503,1000
Custom,46,25449,825.617,1000
Custom,46,26449,819.346593,1000
Custom,46,27449,839.075488,1000
Custom,46,28449,852.685901,1000
Custom,46,29449,866.813738,1000
Custom,46,30449,882.130373,1000
Custom,46,31449,898.938099,1000
Custom,46,32449,907.595421,1000
Custom,46,33449,913.490469,1000
Custom,46,34449,913.583271,1000
Custom,46,35449,922.023364,1000
Custom,46,36449,924.998918,1000
Custom,46,37449,935.140014,1000
Custom,46,38449,941.177976,1000
Custom,46,39449,937.083843,1000
Custom,46,40449,945.629598,1000
Custom,46,41449,949.890791,1000
Custom,46,42449,951.148596,1000
Custom,46,43449,955.95337,1000
Custom,46,44449,962.260987,1000
Custom,46,45449,959.861942,1000
Custom,46,46449,965.469132,1000
Custom,46,47449,965.637336,1000
Custom,46,48449,968.537575,1000
Custom,46,49449,971.538273,1000
Custom,46,50449,971.883669,1000
Custom,46,51449,975.613217,1000
Custom,46,52449,977.142879,1000
Custom,46,53449,978.208086,1000
Custom,46,54449,980.591577,1000
Custom,46,55449,978.694563,1000
Custom,46,56449,981.21509,1000
Custom,46,57449,982.784002,1000
Custom,46,58449,983.934867,1000
Custom,46,59449,983.892923,1000
Custom,46,60449,986.199241,1000
Custom,46,61449,985.755244,1000
Custom,46,62449,987.661449,1000
Custom,46,63449,988.334704,1000
Custom,46,64449,988.173128,1000
Custom,46,65449,989.150982,1000
Custom,46,66449,989.531325,1000
Custom,46,67449,991.024799,1000
Custom,46,68449,991.259005,1000
Custom,46,69449,990.825045,1000
Custom,46,70449,992.268624,1000
Custom,46,71449,992.888354,1000
Custom,46,72449,993.736597,1000
Custom,46,73449,993.82719,1000
Custom,46,74449,994.175109,1000
Custom,46,75449,994.167733,1000
Custom,46,76449,994.882959,1000
Custom,46,77449,994.217023,1000
Custom,46,78449,994.788069,1000
Custom,46,79449,995.156411,1000
Custom,46,80449,995.591429,1000
Custom,46,81449,995.222793,1000
Custom,46,82449,995.839308,1000
Custom,46,83449,996.28205,1000
Custom,46,84449,996.567118,1000
Custom,46,85449,996.431666,1000
Custom,46,86449,996.9982,1000
Custom,46,87449,997.164372,1000
Custom,46,88449,997.22218,1000
Custom,46,89449,997.656746,1000
Custom,46,90449,997.305918,1000
Custom,46,91449,997.662116,1000
Custom,46,92449,997.74672,1000
Custom,46,93449,998.04489,1000
Custom,46,94449,998.053021,1000
Custom,46,95449,997.965583,1000
Custom,46,96449,998.235205,1000
Custom,46,97449,998.332529,1000
Custom,46,98449,998.469086,1000
Custom,46,99449,998.39936,1000
Custom,47,5,-2.744416,5
Custom,47,9,-3.36773,4
Custom,47,14,-2.684004,5
Custom,47,18,-1.484503,4
Custom,47,22,-2.772085,4
Custom,47,26,-5.009282,4
Custom,47,32,0.18326,6
Custom,47,39,0.237607,7
Custom,47,46,2.613857,7
Custom,47,55,-2.875564,9
Custom,47,62,3.240702,7
Custom,47,81,5.625403,19
Custom,47,86,-7.462987,5
Custom,47,95,-1.408297,9
Custom,47,105,3.325132,10
Custom,47,109,-6.666079,4
Custom,47,120,-3.934195,11
Custom,47,129,0.073844,9
Custom,47,133,-12.84388,4
Custom,47,139,0.56056,6
Custom,47,157,6.60076,18
Custom,47,163,1.285383,6
Custom,47,171,-4.73475,8
Custom,47,180,6.105298,9
Custom,47,203,14.794568,23
Custom,47,207,-4.931757,4
Custom,47,212,-3.806967,5
Custom,47,217,-6.378949,5
Custom,47,225,0.129709,8
Custom,47,229,-9.795206,4
Custom,47,242,0.109513,13
Custom,47,251,2.961453,9
Custom,47,258,-3.600976,7
Custom,47,273,11.334632,15
Custom,47,280,2.691057,7
Custom,47,291,6.924223,11
Custom,47,301,5.777089,10
Custom,47,308,2.612489,7
Custom,47,319,3.511167,11
Custom,47,325,1.979075,6
Custom,47,333,3.486256,8
Custom,47,339,-2.853429,6
Custom,47,343,-2.714734,4
Custom,47,355,7.022845,12
Custom,47,368,6.416606,13
Custom,47,378,-1.145401,10
Custom,47,383,-1.29792,5
Custom,47,390,-0.635152,7
Custom,47,396,0.557043,6
Custom,47,404,3.355942,8
Custom,47,411,-2.314206,7
Custom,47,429,11.193889,18
Custom,47,435,1.256385,6
Custom,47,440,-2.118304,5
Custom,47,445,0.273781,5
Custom,47,452,0.088778,7
Custom,47,463,5.974743,11
Custom,47,472,5.386159,9
Custom,47,477,-1.479896,5
Custom,47,487,3.678508,10
Custom,47,510,17.773221,23
Custom,47,514,-3.572521,4
Custom,47,527,7.015898,13
Custom,47,531,-13.262041,4
Custom,47,539,-0.644246,8
Custom,47,545,0.296766,6
Custom,47,549,-3.941388,4
Custom,47,561,4.45479,12
Custom,47,566,1.166536,5
Custom,47,574,4.608586,8
Custom,47,587,2.133802,13
Custom,47,596,3.175832,9
Custom,47,604,1.65999,8
Custom,47,607,-5.598244,3
Custom,47,626,9.452132,19
Custom,47,629,-7.633721,3
Custom,47,634,-11.951071,5
Custom,47,640,-2.850949,6
Custom,47,650,6.09726,10
Custom,47,656,1.302225,6
Custom,47,664,3.790679,8
Custom,47,669,0.473441,5
Custom,47,684,11.057565,15
Custom,47,691,2.203508,7
Custom,47,697,0.767535,6
Custom,47,710,0.387646,13
Custom,47,719,5.094345,9
Custom,47,734,6.158356,15
Custom,47,742,-5.743,8
Custom,47,750,3.867796,8
Custom,47,754,-3.339643,4
Custom,47,759,0.047919,5
Custom,47,775,10.297911,16
Custom,47,785,-2.724434,10
Custom,47,797,2.681306,12
Custom,47,803,1.216622,6
Custom,47,806,-6.56143,3
Custom,47,814,4.734756,8
Custom,47,829,8.073431,15
Custom,47,841,4.782399,12
Custom,47,850,5.472884,9
Custom,47,863,7.980433,13
Custom,47,868,-1.154575,5
Custom,47,880,-0.772238,12
Custom,47,885,-1.343637,5
Custom,47,890,-0.669224,5
Custom,47,898,4.905277,8
Custom,47,904,1.82329,6
Custom,47,919,4.880029,15
Custom,47,936,11.675467,17
Custom,47,943,3.648694,7
Custom,47,949,0.06723,6
Custom,47,953,-2.930852,4
Custom,47,959,2.454259,6
Custom,47,963,-5.476896,4
Custom,47,968,-3.566765,5
Custom,47,978,6.69344,10
Custom,47,984,1.163526,6
Custom,47,991,0.949215,7
Custom,47,998,-6.474336,7
Custom,47,1004,0.162542,6
Custom,47,1008,-5.294515,4
Custom,47,1016,4.005615,8
Custom,47,1022,-7.050345,6
Custom,47,1029,-0.325847,7
Custom,47,1037,2.097627,8
Custom,47,1043,-10.159965,6
Custom,47,1049,0.849745,6
Custom,47,1054,-1.942171,5
Custom,47,1059,-0.234053,5
Custom,47,1070,2.330968,11
Custom,47,1076,-2.077173,6
Custom,47,1083,0.188886,7
Custom,47,1086,-7.091934,3
Custom,47,1091,-0.920176,5
Custom,47,1098,0.479555,7
Custom,47,1105,3.103932,7
Custom,47,1113,1.838591,8
Custom,47,1125,5.652966,12
Custom,47,1129,-6.0989,4
Custom,47,1136,-0.505226,7
Custom,47,1142,1.905783,6
Custom,47,1147,-0.151369,5
Custom,47,1154,-7.656075,7
Custom,47,1160,-3.317275,6
Custom,47,1172,5.052485,12
Custom,47,1177,-15.097862,5
Custom,47,1181,-3.275537,4
Custom,47,1195,4.916047,14
Custom,47,1200,-1.138956,5
Custom,47,1205,-1.985407,5
Custom,47,1212,1.693905,7
Custom,47,1216,-11.176592,4
Custom,47,1220,-2.141843,4
Custom,47,1228,3.440219,8
Custom,47,1239,6.725871,11
Custom,47,1243,-1.398579,4
Custom,47,1252,3.519285,9
Custom,47,1259,-2.751087,7
Custom,47,1266,1.911741,7
Custom,47,1272,-3.85211,6
Custom,47,1276,-5.702938,4
Custom,47,1281,-2.829653,5
Custom,47,1286,-4.051704,5
Custom,47,1301,3.011452,15
Custom,47,1311,-4.612426,10
Custom,47,1316,-1.645991,5
Custom,47,1325,5.696604,9
Custom,47,1336,5.542121,11
Custom,47,1341,-5.254421,5
Custom,47,1347,-2.785126,6
Custom,47,1353,2.439681,6
Custom,47,1365,-1.262167,12
Custom,47,1371,0.210788,6
Custom,47,1380,1.051705,9
Custom,47,1390,4.417727,10
Custom,47,1393,-5.216959,3
Custom,47,1399,-4.480696,6
Custom,47,1415,9.510012,16
Custom,47,1421,-3.606039,6
Custom,47,1430,3.077321,9
Custom,47,1437,2.527522,7
Custom,47,1445,1.817046,8
Custom,47,1450,-2.758681,5
Custom,47,1457,1.934046,7
Custom,47,1466,5.60083,9
Custom,47,1473,0.766732,7
Custom,47,1481,5.293933,8
Custom,47,1495,5.693679,14
Custom,47,1503,2.124966,8
Custom,47,1508,-1.206297,5
Custom,47,1524,2.585596,16
Custom,47,1539,4.476444,15
Custom,47,1553,9.733851,14
Custom,47,1558,0.171821,5
Custom,47,1564,-0.039013,6
Custom,47,1571,-0.834095,7
Custom,47,1591,14.071975,20
Custom,47,1598,3.450325,7
Custom,47,1606,3.690846,8
Custom,47,1611,-0.149713,5
Custom,47,1615,-5.876226,4
Custom,47,1620,-1.734518,5
Custom,47,1624,-3.497971,4
Custom,47,1643,11.661361,19
Custom,47,1656,7.760927,13
Custom,47,1666,3.73577,10
Custom,47,1672,-0.248048,6
Custom,47,1677,0.217419,5
Custom,47,1684,3.142775,7
Custom,47,1699,10.403052,15
Custom,47,1707,3.210396,8
Custom,47,1717,5.876639,10
Custom,47,1725,-3.525468,8
Custom,47,1731,-9.385088,6
Custom,47,1738,-6.301324,7
Custom,47,1745,3.429136,7
Custom,47,1761,11.514346,16
Custom,47,1779,8.193606,18
Custom,47,1785,0.801585,6
Custom,47,1792,-1.869306,7
Custom,47,1826,24.314212,34
Custom,47,1834,3.329522,8
Custom,47,1839,1.793411,5
Custom,47,1844,-3.368793,5
Custom,47,1850,0.319126,6
Custom,47,1858,-4.651281,8
Custom,47,1868,-10.401374,10
Custom,47,1879,1.309906,11
Custom,47,1884,-7.950056,5
Custom,47,1889,-0.910426,5
Custom,47,1894,-1.498038,5
Custom,47,1901,2.272453,7
Custom,47,1907,0.908505,6
Custom,47,1916,-1.614287,9
Custom,47,1926,5.636638,10
Custom,47,1943,6.26372,17
Custom,47,1948,-0.254226,5
Custom,47,1962,5.935781,14
Custom,47,1968,0.715665,6
Custom,47,1979,-1.389402,11
Custom,47,1987,4.010399,8
Custom,47,1996,1.416136,9
Custom,47,2014,11.903061,18
Custom,47,2020,-2.411536,6
Custom,47,2037,2.368755,17
Custom,47,2043,2.667163,6
Custom,47,2050,3.833455,7
Custom,47,2060,6.124063,10
Custom,47,2067,3.253478,7
Custom,47,2083,6.404406,16
Custom,47,2087,-1.978534,4
Custom,47,2096,1.729949,9
Custom,47,2120,16.435411,24
Custom,47,2126,1.575886,6
Custom,47,2138,4.606611,12
Custom,47,2145,3.847601,7
Custom,47,2167,15.324431,22
Custom,47,2179,3.679498,12
Custom,47,2202,12.413579,23
Custom,47,2216,11.528872,14
Custom,47,2237,16.544387,21
Custom,47,2255,10.28338,18
Custom,47,2266,0.244449,11
Custom,47,2283,13.486553,17
Custom,47,2292,5.012367,9
Custom,47,2310,12.162865,18
Custom,47,2319,0.807347,9
Custom,47,2335,6.625696,16
Custom,47,2352,5.010382,17
Custom,47,2359,-0.200883,7
Custom,47,2362,-5.340631,3
Custom,47,2382,4.365132,20
Custom,47,2392,5.051062,10
Custom,47,2399,3.526061,7
Custom,47,2428,23.01821,29
Custom,47,2443,9.388952,15
Custom,47,2447,-1.920907,4
Custom,47,2453,0.079658,6
Custom,47,2463,0.797777,10
Custom,47,2475,8.387813,12
Custom,47,2479,-8.464951,4
Custom,47,2505,14.051717,26
Custom,47,2517,8.113466,12
Custom,47,2525,4.120241,8
Custom,47,2538,6.505697,13
Custom,47,2555,13.120391,17
Custom,47,2562,2.257708,7
Custom,47,2569,2.536068,7
Custom,47,2578,6.524599,9
Custom,47,2592,8.473342,14
Custom,47,2597,-3.02593,5
Custom,47,2619,14.96966,22
Custom,47,2632,3.487391,13
Custom,47,2644,6.230163,12
Custom,47,2648,-1.194263,4
Custom,47,2661,2.439749,13
Custom,47,2666,0.585451,5
Custom,47,2675,5.047536,9
Custom,47,2684,0.785734,9
Custom,47,2696,6.135639,12
Custom,47,2710,10.63514,14
Custom,47,2729,13.523135,19
Custom,47,2772,26.728853,43
Custom,47,2783,4.030295,11
Custom,47,2791,-4.926489,8
Custom,47,2799,4.410501,8
Custom,47,2816,4.494318,17
Custom,47,2821,-1.765203,5
Custom,47,2832,6.8116,11
Custom,47,2838,1.819826,6
Custom,47,2841,-7.186134,3
Custom,47,2846,-0.366,5
Custom,47,2863,9.405592,17
Custom,47,2879,8.92777,16
Custom,47,2885,1.308329,6
Custom,47,2893,0.229437,8
Custom,47,2918,17.532919,25
Custom,47,2928,5.023719,10
Custom,47,2939,5.626587,11
Custom,47,2949,5.001084,10
Custom,47,2955,-0.107368,6
Custom,47,2964,2.386978,9
Custom,47,2974,7.23868,10
Custom,47,2982,5.41475,8
Custom,47,2990,5.354596,8
Custom,47,3007,12.005865,17
Custom,47,3024,12.090555,17
Custom,47,3028,-2.176313,4
Custom,47,3057,15.366789,29
Custom,47,3065,4.651659,8
Custom,47,3070,0.41136,5
Custom,47,3075,-0.360374,5
Custom,47,3084,-2.301236,9
Custom,47,3107,17.808015,23
Custom,47,3113,0.752848,6
Custom,47,3123,2.541878,10
Custom,47,3138,9.90258,15
Custom,47,3142,-4.043342,4
Custom,47,3155,6.275486,13
Custom,47,3169,2.777906,14
Custom,47,3177,2.799839,8
Custom,47,3182,-0.032029,5
Custom,47,3192,3.059064,10
Custom,47,3215,16.569071,23
Custom,47,3220,-2.533613,5
Custom,47,3233,5.989648,13
Custom,47,3246,7.431921,13
Custom,47,3269,17.465423,23
Custom,47,3284,5.998142,15
Custom,47,3289,-4.808797,5
Custom,47,3296,-0.918185,7
Custom,47,3304,3.906815,8
Custom,47,3312,3.209073,8
Custom,47,3332,13.354268,20
Custom,47,3341,2.256254,9
Custom,47,3347,2.295881,6
Custom,47,3356,4.729533,9
Custom,47,3382,12.647732,26
Custom,47,3389,1.214567,7
Custom,47,3397,1.829346,8
Custom,47,3417,14.730847,20
Custom,47,3427,2.792085,10
Custom,47,3436,0.67128,9
Custom,47,3441,0.680953,5
Custom,47,3454,8.4263,13
Custom,47,3490,24.453764,36
Custom,47,3498,4.963308,8
Custom,47,3514,7.248666,16
Custom,47,3521,1.980359,7
Custom,47,3538,12.628121,17
Custom,47,3550,7.323211,12
Custom,47,3562,8.370505,12
Custom,47,3570,0.716429,8
Custom,47,3575,0.322723,5
Custom,47,3585,6.685265,10
Custom,47,3597,8.56503,12
Custom,47,3603,0.492267,6
Custom,47,3612,3.190812,9
Custom,47,3625,1.249189,13
Custom,47,3631,2.485939,6
Custom,47,3644,4.218562,13
Custom,47,3651,2.209393,7
Custom,47,3656,0.321509,5
Custom,47,3663,-2.787069,7
Custom,47,3674,3.537743,11
Custom,47,3695,7.900287,21
Custom,47,3710,10.306663,15
Custom,47,3735,17.244214,25
Custom,47,3741,-0.124276,6
Custom,47,3749,0.363104,8
Custom,47,3759,3.348379,10
Custom,47,3776,12.655019,17
Custom,47,3783,0.962043,7
Custom,47,3808,13.733974,25
Custom,47,3816,-0.279642,8
Custom,47,3840,17.526347,24
Custom,47,3851,7.683135,11
Custom,47,3854,-3.780759,3
Custom,47,3858,-4.363607,4
Custom,47,3866,2.021895,8
Custom,47,3872,-1.131421,6
Custom,47,3878,-1.718557,6
Custom,47,3883,-0.103523,5
Custom,47,3890,0.845981,7
Custom,47,3895,0.594923,5
Custom,47,3898,-8.104004,3
Custom,47,3913,10.808466,15
Custom,47,3919,-0.751092,6
Custom,47,3927,3.345909,8
Custom,47,3933,-0.346331,6
Custom,47,3947,7.076902,14
Custom,47,3951,-0.950317,4
Custom,47,3963,4.977472,12
Custom,47,3974,5.099087,11
Custom,47,3983,1.390793,9
Custom,47,4008,15.735391,25
Custom,47,4023,9.960795,15
Custom,47,4037,8.219707,14
Custom,47,4057,12.422394,20
Custom,47,4070,9.356834,13
Custom,47,4077,-4.100821,7
Custom,47,4093,1.247925,16
Custom,47,4101,2.998778,8
Custom,47,4117,7.438617,16
Custom,47,4167,32.441805,50
Custom,47,4186,13.780425,19
Custom,47,4193,3.832186,7
Custom,47,4208,6.472872,15
Custom,47,4213,-0.09865,5
Custom,47,4223,-0.56411,10
Custom,47,4244,12.886934,21
Custom,47,4260,13.115618,16
Custom,47,4295,19.470308,35
Custom,47,4301,0.782323,6
Custom,47,4307,0.527092,6
Custom,47,4319,7.933695,12
Custom,47,4341,14.264958,22
Custom,47,4433,64.326951,92
Custom,47,4446,9.022014,13
Custom,47,4455,3.487142,9
Custom,47,4477,16.316351,22
Custom,47,4482,0.45846,5
Custom,47,4492,6.681352,10
Custom,47,4510,11.499519,18
Custom,47,4525,11.530753,15
Custom,47,4549,17.897618,24
Custom,47,4587,27.490746,38
Custom,47,4606,14.633845,19
Custom,47,4612,2.37905,6
Custom,47,4616,-9.1076,4
Custom,47,4634,11.016035,18
Custom,47,4642,1.398222,8
Custom,47,4670,19.846171,28
Custom,47,4680,5.366921,10
Custom,47,4687,3.755255,7
Custom,47,4696,4.092656,9
Custom,47,4719,17.180288,23
Custom,47,4732,8.575006,13
Custom,47,4758,14.025439,26
Custom,47,4764,1.73431,6
Custom,47,4776,7.321486,12
Custom,47,4784,5.205399,8
Custom,47,4810,19.074418,26
Custom,47,4815,-0.075947,5
Custom,47,4854,29.43497,39
Custom,47,4870,11.194476,16
Custom,47,4886,9.026591,16
Custom,47,4900,6.890708,14
Custom,47,4911,5.709259,11
Custom,47,4953,34.368847,42
Custom,47,4960,2.115086,7
Custom,47,4975,8.939174,15
Custom,47,4998,13.206261,23
Custom,47,5022,15.639198,24
Custom,47,5037,11.71766,15
Custom,47,5042,-2.150075,5
Custom,47,5055,9.179114,13
Custom,47,5064,2.581267,9
Custom,47,5073,5.03063,9
Custom,47,5084,6.618341,11
Custom,47,5091,-0.769106,7
Custom,47,5119,17.422228,28
Custom,47,5139,15.629794,20
Custom,47,5156,11.869343,17
Custom,47,5165,3.682154,9
Custom,47,5178,6.977245,13
Custom,47,5194,10.113349,16
Custom,47,5228,22.833333,34
Custom,47,5242,10.327339,14
Custom,47,5262,13.687722,20
Custom,47,5274,6.367508,12
Custom,47,5298,18.805177,24
Custom,47,5324,19.022864,26
Custom,47,5329,0.238372,5
Custom,47,5344,10.768539,15
Custom,47,5362,13.380572,18
Custom,47,5377,9.049125,15
Custom,47,5385,5.183692,8
Custom,47,5405,14.700813,20
Custom,47,5416,3.012508,11
Custom,47,5426,5.233861,10
Custom,47,5440,6.920926,14
Custom,47,5459,15.819264,19
Custom,47,5469,4.161927,10
Custom,47,5476,3.795226,7
Custom,47,5500,17.238755,24
Custom,47,5511,4.440229,11
Custom,47,5525,9.401623,14
Custom,47,5534,5.604702,9
Custom,47,5589,39.120352,55
Custom,47,5616,17.053689,27
Custom,47,5622,1.997285,6
Custom,47,5680,35.743452,58
Custom,47,5690,6.023065,10
Custom,47,5754,44.532359,64
Custom,47,5782,20.806703,28
Custom,47,5790,4.263545,8
Custom,47,5798,3.679626,8
Custom,47,5837,32.38065,39
Custom,47,5854,12.288033,17
Custom,47,5865,6.606863,11
Custom,47,5882,11.791327,17
Custom,47,5911,22.121583,29
Custom,47,5925,7.939084,14
Custom,47,5947,15.395253,22
Custom,47,5955,4.59855,8
Custom,47,5967,3.087357,12
Custom,47,5982,11.237575,15
Custom,47,5989,-0.194121,7
Custom,47,6003,7.937089,14
Custom,47,6012,3.59291,9
Custom,47,6026,8.439585,14
Custom,47,6038,9.404223,12
Custom,47,6060,16.454508,22
Custom,47,6080,13.021232,20
Custom,47,6088,3.880068,8
Custom,47,6096,3.557433,8
Custom,47,6120,15.421494,24
Custom,47,6127,1.648202,7
Custom,47,6164,22.345998,37
Custom,47,6217,39.438902,53
Custom,47,6255,21.267178,38
Custom,47,6264,5.76624,9
Custom,47,6316,33.410236,52
Custom,47,6343,19.360735,27
Custom,47,6352,5.394337,9
Custom,47,6368,11.035393,16
Custom,47,6389,17.122255,21
Custom,47,6409,12.311924,20
Custom,47,6433,17.354449,24
Custom,47,6472,26.47133,39
Custom,47,6495,17.920653,23
Custom,47,6505,5.819851,10
Custom,47,6566,41.156424,61
Custom,47,6597,24.130961,31
Custom,47,6633,23.534867,36
Custom,47,6643,6.958743,10
Custom,47,6664,10.86074,21
Custom,47,6678,8.287393,14
Custom,47,6706,18.330107,28
Custom,47,6741,27.179974,35
Custom,47,6770,17.968427,29
Custom,47,6775,1.255919,5
Custom,47,6843,35.537999,68
Custom,47,6852,5.318548,9
Custom,47,6858,1.897378,6
Custom,47,6872,9.530134,14
Custom,47,6929,43.535429,57
Custom,47,7002,49.55702,73
Custom,47,7054,38.094715,52
Custom,47,7122,47.748364,68
Custom,47,7150,18.817868,28
Custom,47,7179,17.375614,29
Custom,47,7194,10.942219,15
Custom,47,7229,26.963549,35
Custom,47,7262,18.957978,33
Custom,47,7287,16.932736,25
Custom,47,7293,0.951575,6
Custom,47,7314,15.593376,21
Custom,47,7325,6.695725,11
Custom,47,7378,41.623407,53
Custom,47,7393,7.458917,15
Custom,47,7404,8.530786,11
Custom,47,7422,13.091368,18
Custom,47,7441,13.470697,19
Custom,47,7445,-2.317524,4
Custom,47,7506,40.897135,61
Custom,47,7519,10.537826,13
Custom,47,7538,9.709296,19
Custom,47,7573,19.340684,35
Custom,47,7592,9.02484,19
Custom,47,7618,18.502513,26
Custom,47,7626,1.877181,8
Custom,47,7669,32.309049,43
Custom,47,7684,11.5587,15
Custom,47,7725,19.043994,41
Custom,47,7738,8.942494,13
Custom,47,7760,16.173806,22
Custom,47,7799,10.291408,39
Custom,47,7829,22.929283,30
Custom,47,7870,30.892844,41
Custom,47,7899,22.346588,29
Custom,47,7917,12.919177,18
Custom,47,7922,1.096283,5
Custom,47,7987,33.022347,65
Custom,47,8033,30.113306,46
Custom,47,8060,17.050192,27
Custom,47,8066,0.527089,6
Custom,47,8098,21.85874,32
Custom,47,8116,12.167113,18
Custom,47,8172,41.102157,56
Custom,47,8180,5.092255,8
Custom,47,8208,20.584695,28
Custom,47,8257,28.242559,49
Custom,47,8270,9.683193,13
Custom,47,8324,34.318624,54
Custom,47,8374,35.79973,50
Custom,47,8426,41.675771,52
Custom,47,8479,27.929446,53
Custom,47,8502,16.77126,23
Custom,47,8525,18.674887,23
Custom,47,8531,1.678038,6
Custom,47,8552,15.555611,21
Custom,47,8574,17.42576,22
Custom,47,8645,42.723156,71
Custom,47,8707,48.035846,62
Custom,47,8743,7.671491,36
Custom,47,8800,35.700797,57
Custom,47,8840,22.966409,40
Custom,47,8884,29.648994,44
Custom,47,8914,16.836492,30
Custom,47,9024,82.185377,110
Custom,47,9102,59.892937,78
Custom,47,9116,9.480048,14
Custom,47,9141,19.715651,25
Custom,47,9172,22.197119,31
Custom,47,9191,13.547154,19
Custom,47,9220,22.013969,29
Custom,47,9268,35.131961,48
Custom,47,9296,21.232214,28
Custom,47,9332,25.295382,36
Custom,47,9352,14.782861,20
Custom,47,9430,53.160909,78
Custom,47,9488,34.770714,58
Custom,47,9551,42.545755,63
Custom,47,9604,39.442272,53
Custom,47,9632,21.195167,28
Custom,47,9687,38.718378,55
Custom,47,9694,3.441931,7
Custom,47,9729,25.749853,35
Custom,47,9733,-4.284701,4
Custom,47,9778,17.065975,45
Custom,47,9789,8.205408,11
Custom,47,9821,27.568749,32
Custom,47,9833,5.670508,12
Custom,47,9884,29.360036,51
Custom,47,9936,31.929978,52
Custom,47,10003,51.832861,67
Custom,47,10049,27.173117,46
Custom,47,10075,16.577842,26
Custom,47,10110,25.750491,35
Custom,47,10176,40.730846,66
Custom,47,10233,42.102741,57
Custom,47,10244,7.346962,11
Custom,47,10309,40.263572,65
Custom,47,10354,38.645753,45
Custom,47,10407,34.391384,53
Custom,47,10519,80.055032,112
Custom,47,10584,44.616126,65
Custom,47,10606,16.780091,22
Custom,47,10646,19.949943,40
Custom,47,10729,55.589574,83
Custom,47,10788,22.376536,59
Custom,47,10849,44.407617,61
Custom,47,10870,17.497428,21
Custom,47,10934,41.35014,64
Custom,47,11009,53.784251,75
Custom,47,11072,41.839014,63
Custom,47,11089,12.070212,17
Custom,47,11131,26.059074,42
Custom,47,11184,39.275554,53
Custom,47,11242,22.639812,58
Custom,47,11259,8.317497,17
Custom,47,11338,61.05608,79
Custom,47,11345,1.081652,7
Custom,47,11417,44.583794,72
Custom,47,11441,16.622469,24
Custom,47,11453,8.75445,12
Custom,47,11529,45.019969,76
Custom,47,11565,29.926884,36
Custom,47,11634,43.253573,69
Custom,47,11655,14.943821,21
Custom,47,11713,30.529095,58
Custom,47,11772,29.977556,59
Custom,47,11822,33.107225,50
Custom,47,11878,31.796779,56
Custom,47,11974,69.472947,96
Custom,47,12085,84.039506,111
Custom,47,12147,40.310348,62
Custom,47,12187,22.180258,40
Custom,47,12212,16.931086,25
Custom,47,12233,16.881739,21
Custom,47,12299,37.372766,66
Custom,47,12406,82.959206,107
Custom,47,12549,106.000938,143
Custom,47,12596,25.567072,47
Custom,47,12672,50.414685,76
Custom,47,12728,43.996004,56
Custom,47,12841,77.305902,113
Custom,47,12912,51.291798,71
Custom,47,13036,87.787281,124
Custom,47,13068,20.734212,32
Custom,47,13111,20.80951,43
Custom,47,13122,7.207101,11
Custom,47,13195,57.395418,73
Custom,47,13211,9.54241,16
Custom,47,13226,4.870846,15
Custom,47,13257,17.89504,31
Custom,47,13326,48.127391,69
Custom,47,13400,51.288994,74
Custom,47,13480,57.759945,80
Custom,47,13520,28.616163,40
Custom,47,13637,81.96298,117
Custom,47,13719,63.16771,82
Custom,47,13788,47.725006,69
Custom,47,13848,46.035052,60
Custom,47,13901,38.215561,53
Custom,47,13949,35.82918,48
Custom,47,14040,73.145264,91
Custom,47,14090,35.589861,50
Custom,47,14130,28.452303,40
Custom,47,14193,44.802317,63
Custom,47,14223,20.886001,30
Custom,47,14351,87.986534,128
Custom,47,14450,63.139475,99
Custom,47,14546,72.007976,96
Custom,47,14652,70.062447,106
Custom,47,14715,45.662333,63
Custom,47,14785,44.705876,70
Custom,47,14840,36.05263,55
Custom,47,14896,36.494912,56
Custom,47,14985,57.060932,89
Custom,47,15069,58.114277,84
Custom,47,15165,64.345118,96
Custom,47,15255,68.271296,90
Custom,47,15349,65.412002,94
Custom,47,15423,52.145696,74
Custom,47,15548,92.781167,125
Custom,47,15638,65.395117,90
Custom,47,15728,65.0567,90
Custom,47,15924,151.949738,196
Custom,47,16006,64.14126,82
Custom,47,16068,42.973532,62
Custom,47,16107,11.485135,39
Custom,47,16215,83.146554,108
Custom,47,16300,66.000563,85
Custom,47,16408,81.231476,108
Custom,47,16422,5.982689,14
Custom,47,16535,75.561254,113
Custom,47,16598,45.535738,63
Custom,47,16657,48.836937,59
Custom,47,17022,275.661681,365
Custom,47,17204,126.873411,182
Custom,47,17387,141.409503,183
Custom,47,17465,57.781577,78
Custom,47,17554,67.852998,89
Custom,47,17840,221.850356,286
Custom,47,17928,67.296095,88
Custom,47,18011,66.314183,83
Custom,47,18196,141.28563,185
Custom,47,18307,84.020992,111
Custom,47,18364,44.41555,57
Custom,47,18552,138.287504,188
Custom,47,18775,167.041595,223
Custom,47,18988,159.013407,213
Custom,47,19144,119.259914,156
Custom,47,19583,333.452971,439
Custom,47,19717,98.476277,134
Custom,47,19939,164.250277,222
Custom,47,20071,100.964329,132
Custom,47,20309,184.217962,238
Custom,47,20419,81.131212,110
Custom,47,20963,421.21209,544
Custom,47,21963,776.820971,1000
Custom,47,21991,16.319823,28
Custom,47,22991,775.859042,1000
Custom,47,23991,776.457328,1000
Custom,47,24991,811.316327,1000
Custom,47,25143,126.327379,152
Custom,47,26143,837.696306,1000
Custom,47,27143,842.994199,1000
Custom,47,28143,839.132738,1000
Custom,47,29143,861.163114,1000
Custom,47,30143,876.167525,1000
Custom,47,31143,892.534773,1000
Custom,47,32143,889.554876,1000
Custom,47,33143,906.837279,1000
Custom,47,34143,910.697783,1000
Custom,47,35143,914.230367,1000
Custom,47,36143,928.823243,1000
Custom,47,37143,931.939584,1000
Custom,47,38143,933.227574,1000
Custom,47,39143,936.659604,1000
Custom,47,40143,944.311095,1000
Custom,47,41143,943.579865,1000
Custom,47,42143,954.740664,1000
Custom,47,42578,410.990455,435
Custom,47,43578,950.829805,1000
Custom,47,44578,953.34303,1000
Custom,47,45578,961.422424,1000
Custom,47,46578,963.953796,1000
Custom,47,47578,965.539084,1000
Custom,47,48578,964.361099,1000
Custom,47,49578,967.183466,1000
Custom,47,50578,968.890677,1000
Custom,47,51578,971.476963,1000
Custom,47,52578,974.128409,1000
Custom,47,53578,975.339153,1000
Custom,47,54578,978.39102,1000
Custom,47,55578,977.99777,1000
Custom,47,56578,979.218973,1000
Custom,47,57578,980.611717,1000
Custom,47,58578,981.766812,1000
Custom,47,59578,982.612112,1000
Custom,47,60578,984.684289,1000
Custom,47,61578,984.227391,1000
Custom,47,62578,986.661187,1000
Custom,47,63578,985.919738,1000
Custom,47,64578,988.488222,1000
Custom,47,65578,988.861146,1000
Custom,47,66578,990.182349,1000
Custom,47,67578,991.277542,1000
Custom,47,68578,990.79256,1000
Custom,47,69578,990.512794,1000
Custom,47,70578,992.152443,1000
Custom,47,71578,991.05221,1000
Custom,47,72578,992.659445,1000
Custom,47,73578,993.296353,1000
Custom,47,74578,994.443588,1000
Custom,47,75578,994.197033,1000
Custom,47,76578,994.875381,1000
Custom,47,77578,994.734558,1000
Custom,47,78578,994.901172,1000
Custom,47,79578,995.667718,1000
Custom,47,80578,995.537624,1000
Custom,47,81578,995.291248,1000
Custom,47,82578,996.055853,1000
Custom,47,83578,996.136495,1000
Custom,47,84578,996.45446,1000
Custom,47,85578,996.68375,1000
Custom,47,86578,996.900408,1000
Custom,47,87578,997.212438,1000
Custom,47,88578,997.071696,1000
Custom,47,89578,997.349959,1000
Custom,47,90578,997.432661,1000
Custom,47,91578,997.548167,1000
Custom,47,92578,998.08044,1000
Custom,47,93578,997.998445,1000
Custom,47,94578,998.020479,1000
Custom,47,95578,998.08929,1000
Custom,47,96578,997.996519,1000
Custom,47,97578,998.407712,1000
Custom,47,98578,998.377161,1000
Custom,47,99578,998.337322,1000
Custom,48,9,-1.044164,9
Custom,48,13,-4.905628,4
Custom,48,26,-0.839155,13
Custom,48,32,-1.769038,6
Custom,48,37,0.453477,5
Custom,48,48,5.783886,11
Custom,48,55,2.763489,7
Custom,48,61,1.151066,6
Custom,48,65,-1.419281,4
Custom,48,79,7.577132,14
Custom,48,91,7.003561,12
Custom,48,99,3.463205,8
Custom,48,109,5.482777,10
Custom,48,116,-1.584948,7
Custom,48,131,11.481285,15
Custom,48,140,3.781273,9
Custom,48,148,4.494306,8
Custom,48,155,1.040054,7
Custom,48,163,-2.590257,8
Custom,48,168,0.48513,5
Custom,48,184,3.867506,16
Custom,48,191,-4.157998,7
Custom,48,195,-4.305337,4
Custom,48,205,4.894841,10
Custom,48,224,8.932672,19
Custom,48,231,3.945298,7
Custom,48,237,1.995534,6
Custom,48,241,-6.245327,4
Custom,48,256,3.412162,15
Custom,48,274,12.885254,18
Custom,48,280,-2.318915,6
Custom,48,286,-2.036099,6
Custom,48,289,-17.905909,3
Custom,48,294,-2.413265,5
Custom,48,297,-5.586625,3
Custom,48,302,0.620368,5
Custom,48,305,-5.605067,3
Custom,48,315,5.001256,10
Custom,48,323,0.029446,8
Custom,48,328,0.36837,5
Custom,48,335,0.027146,7
Custom,48,348,7.700487,13
Custom,48,364,2.814557,16
Custom,48,370,-5.945281,6
Custom,48,378,4.118647,8
Custom,48,383,0.498408,5
Custom,48,389,2.800224,6
Custom,48,394,-0.893497,5
Custom,48,422,18.581076,28
Custom,48,428,-0.137905,6
Custom,48,438,0.191443,10
Custom,48,445,0.82638,7
Custom,48,450,-3.325311,5
Custom,48,457,1.430615,7
Custom,48,463,2.034684,6
Custom,48,476,6.341595,13
Custom,48,485,0.928723,9
Custom,48,490,0.782354,5
Custom,48,501,6.025615,11
Custom,48,507,0.115577,6
Custom,48,512,-1.033818,5
Custom,48,517,0.871148,5
Custom,48,523,1.224107,6
Custom,48,533,1.654138,10
Custom,48,541,2.236666,8
Custom,48,552,6.971631,11
Custom,48,565,4.399762,13
Custom,48,578,4.257366,13
Custom,48,583,-6.331174,5
Custom,48,589,2.340463,6
Custom,48,612,12.498845,23
Custom,48,620,-0.372329,8
Custom,48,626,-0.126144,6
Custom,48,631,-1.56376,5
Custom,48,637,1.918157,6
Custom,48,643,-4.801163,6
Custom,48,646,-4.860721,3
Custom,48,658,8.875131,12
Custom,48,676,6.9228,18
Custom,48,682,-0.594339,6
Custom,48,689,1.732061,7
Custom,48,695,0.558008,6
Custom,48,700,-3.5566,5
Custom,48,711,4.788098,11
Custom,48,717,-8.3505,6
Custom,48,723,-2.81073,6
Custom,48,728,-1.717983,5
Custom,48,735,1.25781,7
Custom,48,740,-5.146686,5
Custom,48,760,5.490621,20
Custom,48,768,3.304105,8
Custom,48,779,4.079262,11
Custom,48,783,-1.760323,4
Custom,48,795,8.31799,12
Custom,48,808,4.692081,13
Custom,48,817,-0.815647,9
Custom,48,821,-2.217585,4
Custom,48,825,-4.904067,4
Custom,48,829,-16.041323,4
Custom,48,837,2.800742,8
Custom,48,859,11.622903,22
Custom,48,863,-4.338967,4
Custom,48,870,1.571438,7
Custom,48,874,-3.596974,4
Custom,48,879,-3.754921,5
Custom,48,889,0.682094,10
Custom,48,896,1.126405,7
Custom,48,902,0.568496,6
Custom,48,909,1.028928,7
Custom,48,918,-9.74505,9
Custom,48,927,-3.241093,9
Custom,48,936,-5.417686,9
Custom,48,941,-4.541816,5
Custom,48,949,2.26681,8
Custom,48,954,0.182766,5
Custom,48,962,-0.12574,8
Custom,48,966,-1.097055,4
Custom,48,972,-2.966245,6
Custom,48,978,-2.391636,6
Custom,48,989,3.978956,11
Custom,48,1010,13.510217,21
Custom,48,1017,1.977844,7
Custom,48,1026,3.407907,9
Custom,48,1031,-1.797323,5
Custom,48,1039,2.491429,8
Custom,48,1045,-4.525094,6
Custom,48,1050,-7.412106,5
Custom,48,1057,3.916476,7
Custom,48,1065,3.21324,8
Custom,48,1070,-4.461422,5
Custom,48,1081,3.581818,11
Custom,48,1087,-0.235277,6
Custom,48,1094,-1.038991,7
Custom,48,1100,2.158851,6
Custom,48,1108,4.092587,8
Custom,48,1114,1.136653,6
Custom,48,1118,-5.156142,4
Custom,48,1123,-2.948633,5
Custom,48,1126,-5.17476,3
Custom,48,1139,2.453956,13
Custom,48,1145,-0.400254,6
Custom,48,1153,1.173284,8
Custom,48,1164,6.782452,11
Custom,48,1176,7.630974,12
Custom,48,1184,-3.021363,8
Custom,48,1191,-0.906012,7
Custom,48,1195,-9.417084,4
Custom,48,1202,0.084014,7
Custom,48,1213,-0.834831,11
Custom,48,1218,-2.234002,5
Custom,48,1223,-0.404623,5
Custom,48,1227,-0.717836,4
Custom,48,1232,0.664665,5
Custom,48,1239,2.861366,7
Custom,48,1243,-3.722124,4
Custom,48,1249,2.651081,6
Custom,48,1253,-4.764593,4
Custom,48,1262,-1.750187,9
Custom,48,1268,-1.423459,6
Custom,48,1276,2.267625,8
Custom,48,1282,-6.233623,6
Custom,48,1292,4.906566,10
Custom,48,1300,4.352596,8
Custom,48,1310,6.416747,10
Custom,48,1316,2.26186,6
Custom,48,1328,5.732489,12
Custom,48,1333,-1.465277,5
Custom,48,1347,0.346777,14
Custom,48,1360,-1.891429,13
Custom,48,1364,-5.271875,4
Custom,48,1381,9.79746,17
Custom,48,1386,-2.404707,5
Custom,48,1396,4.847158,10
Custom,48,1401,-2.676056,5
Custom,48,1413,-3.220085,12
Custom,48,1427,6.063952,14
Custom,48,1436,-4.102847,9
Custom,48,1453,11.692529,17
Custom,48,1456,-7.726174,3
Custom,48,1472,10.388574,16
Custom,48,1479,-0.474926,7
Custom,48,1484,-2.752516,5
Custom,48,1488,-2.369567,4
Custom,48,1496,1.622748,8
Custom,48,1504,-1.914304,8
Custom,48,1509,-0.839058,5
Custom,48,1514,-7.072781,5
Custom,48,1525,-2.480199,11
Custom,48,1533,1.618018,8
Custom,48,1551,14.251683,18
Custom,48,1561,3.258495,10
Custom,48,1567,1.093427,6
Custom,48,1572,-9.495512,5
Custom,48,1579,2.861704,7
Custom,48,1584,-3.50254,5
Custom,48,1589,-2.091939,5
Custom,48,1594,-1.607221,5
Custom,48,1598,-6.024325,4
Custom,48,1615,5.815423,17
Custom,48,1623,1.936178,8
Custom,48,1628,-2.077622,5
Custom,48,1632,-13.428516,4
Custom,48,1636,-3.982544,4
Custom,48,1649,9.283418,13
Custom,48,1655,-3.684685,6
Custom,48,1662,0.777942,7
Custom,48,1677,6.859957,15
Custom,48,1683,1.471943,6
Custom,48,1696,3.448753,13
Custom,48,1712,6.734126,16
Custom,48,1716,-8.425833,4
Custom,48,1720,-1.989511,4
Custom,48,1727,2.33174,7
Custom,48,1737,5.310136,10
Custom,48,1745,0.073705,8
Custom,48,1753,3.64538,8
Custom,48,1757,-6.469416,4
Custom,48,1762,-0.924628,5
Custom,48,1773,8.177144,11
Custom,48,1780,1.853864,7
Custom,48,1787,-0.347929,7
Custom,48,1793,0.993767,6
Custom,48,1799,-3.809532,6
Custom,48,1810,0.196252,11
Custom,48,1819,2.531706,9
Custom,48,1825,-1.613261,6
Custom,48,1830,-0.689163,5
Custom,48,1839,-0.752602,9
Custom,48,1854,9.196072,15
Custom,48,1859,-1.276406,5
Custom,48,1863,-4.475371,4
Custom,48,1869,2.273653,6
Custom,48,1875,1.949718,6
Custom,48,1880,1.347182,5
Custom,48,1886,-4.934599,6
Custom,48,1901,10.717698,15
Custom,48,1914,7.844391,13
Custom,48,1928,6.788859,14
Custom,48,1935,-3.452127,7
Custom,48,1944,-4.675485,9
Custom,48,1951,2.009047,7
Custom,48,1958,-5.106487,7
Custom,48,1964,2.615443,6
Custom,48,1978,5.498787,14
Custom,48,1984,1.799119,6
Custom,48,1989,-0.146876,5
Custom,48,1995,0.103833,6
Custom,48,2004,4.865566,9
Custom,48,2008,-1.326776,4
Custom,48,2022,9.966114,14
Custom,48,2028,2.91864,6
Custom,48,2038,5.606355,10
Custom,48,2044,-1.84448,6
Custom,48,2073,19.34935,29
Custom,48,2081,0.380116,8
Custom,48,2090,3.914408,9
Custom,48,2095,-0.967135,5
Custom,48,2117,10.383171,22
Custom,48,2130,5.658437,13
Custom,48,2167,21.219177,37
Custom,48,2182,4.390844,15
Custom,48,2203,11.087499,21
Custom,48,2212,1.269909,9
Custom,48,2228,9.211821,16
Custom,48,2233,-1.262889,5
Custom,48,2253,13.825618,20
Custom,48,2262,5.452601,9
Custom,48,2272,6.233162,10
Custom,48,2279,3.33155,7
Custom,48,2297,12.865484,18
Custom,48,2308,6.841223,11
Custom,48,2313,0.132958,5
Custom,48,2320,-1.483021,7
Custom,48,2336,6.647701,16
Custom,48,2341,-1.639529,5
Custom,48,2358,7.272042,17
Custom,48,2369,-2.727634,11
Custom,48,2382,9.833111,13
Custom,48,2386,-4.224158,4
Custom,48,2391,0.661872,5
Custom,48,2408,12.575782,17
Custom,48,2415,1.62089,7
Custom,48,2430,7.738822,15
Custom,48,2454,12.343042,24
Custom,48,2458,-6.955431,4
Custom,48,2472,4.805356,14
Custom,48,2491,14.572954,19
Custom,48,2500,4.285175,9
Custom,48,2511,7.370733,11
Custom,48,2519,3.064987,8
Custom,48,2540,9.953213,21
Custom,48,2561,11.548072,21
Custom,48,2585,16.172912,24
Custom,48,2595,-1.573879,10
Custom,48,2610,5.68665,15
Custom,48,2616,0.869898,6
Custom,48,2621,-1.141515,5
Custom,48,2627,-1.009756,6
Custom,48,2635,3.981219,8
Custom,48,2639,-9.060296,4
Custom,48,2648,5.806272,9
Custom,48,2655,1.96157,7
Custom,48,2671,12.316941,16
Custom,48,2677,0.085995,6
Custom,48,2715,17.941833,38
Custom,48,2724,3.619435,9
Custom,48,2728,-5.230702,4
Custom,48,2749,11.73713,21
Custom,48,2755,1.082319,6
Custom,48,2785,21.972595,30
Custom,48,2805,15.372369,20
Custom,48,2814,5.56583,9
Custom,48,2822,3.303585,8
Custom,48,2826,-1.359593,4
Custom,48,2845,14.51876,19
Custom,48,2853,4.447237,8
Custom,48,2866,1.336323,13
Custom,48,2873,1.86077,7
Custom,48,2879,1.490585,6
Custom,48,2887,2.72592,8
Custom,48,2906,13.000255,19
Custom,48,2911,0.51202,5
Custom,48,2917,2.204486,6
Custom,48,2925,3.681221,8
Custom,48,2931,-1.388366,6
Custom,48,2938,3.092087,7
Custom,48,2947,4.157339,9
Custom,48,2981,23.533528,34
Custom,48,2987,-3.328758,6
Custom,48,3006,13.447848,19
Custom,48,3037,19.849741,31
Custom,48,3050,9.775159,13
Custom,48,3056,2.774956,6
Custom,48,3069,10.058836,13
Custom,48,3074,-0.196188,5
Custom,48,3079,-3.646412,5
Custom,48,3106,17.422958,27
Custom,48,3128,15.238968,22
Custom,48,3134,0.510961,6
Custom,48,3142,-1.184019,8
Custom,48,3147,-0.567243,5
Custom,48,3168,16.686121,21
Custom,48,3181,7.337369,13
Custom,48,3188,4.055868,7
Custom,48,3196,-1.717415,8
Custom,48,3203,-0.419798,7
Custom,48,3212,3.911234,9
Custom,48,3221,5.341821,9
Custom,48,3229,1.19061,8
Custom,48,3235,-1.696815,6
Custom,48,3239,-2.911979,4
Custom,48,3247,3.666775,8
Custom,48,3254,-0.163067,7
Custom,48,3262,2.348073,8
Custom,48,3273,5.821506,11
Custom,48,3282,5.610147,9
Custom,48,3288,-2.59316,6
Custom,48,3298,6.994211,10
Custom,48,3309,7.351564,11
Custom,48,3316,2.825622,7
Custom,48,3321,0.990591,5
Custom,48,3328,-0.441416,7
Custom,48,3334,-0.033603,6
Custom,48,3343,1.846842,9
Custom,48,3383,20.233375,40
Custom,48,3391,3.948976,8
Custom,48,3398,2.699979,7
Custom,48,3404,-1.209872,6
Custom,48,3409,-0.287101,5
Custom,48,3418,4.79683,9
Custom,48,3425,0.535512,7
Custom,48,3430,-1.776994,5
Custom,48,3436,-6.159735,6
Custom,48,3453,9.922707,17
Custom,48,3484,22.431808,31
Custom,48,3516,19.157776,32
Custom,48,3526,6.771372,10
Custom,48,3556,22.94235,30
Custom,48,3566,-1.191164,10
Custom,48,3608,28.202942,42
Custom,48,3616,3.605722,8
Custom,48,3624,1.793746,8
Custom,48,3635,6.924512,11
Custom,48,3642,-1.759481,7
Custom,48,3660,7.740225,18
Custom,48,3665,-1.313645,5
Custom,48,3672,2.547589,7
Custom,48,3682,5.297905,10
Custom,48,3694,5.409522,12
Custom,48,3706,5.44683,12
Custom,48,3718,6.5234,12
Custom,48,3730,8.983592,12
Custom,48,3735,-1.112559,5
Custom,48,3742,3.79455,7
Custom,48,3753,5.623937,11
Custom,48,3762,6.34831,9
Custom,48,3770,3.773465,8
Custom,48,3777,-12.276511,7
Custom,48,3790,8.841568,13
Custom,48,3796,1.009056,6
Custom,48,3816,12.875123,20
Custom,48,3822,-2.303361,6
Custom,48,3827,0.088985,5
Custom,48,3841,1.24764,14
Custom,48,3861,14.635922,20
Custom,48,3867,1.095278,6
Custom,48,3892,14.722385,25
Custom,48,3897,-1.124221,5
Custom,48,3904,2.892163,7
Custom,48,3910,2.150018,6
Custom,48,3916,1.252879,6
Custom,48,3920,-2.523299,4
Custom,48,3926,1.920797,6
Custom,48,3944,13.039129,18
Custom,48,3954,2.716354,10
Custom,48,3959,-1.17534,5
Custom,48,3965,2.509279,6
Custom,48,3975,4.444212,10
Custom,48,3988,6.464979,13
Custom,48,4003,8.678229,15
Custom,48,4018,9.023952,15
Custom,48,4056,24.983875,38
Custom,48,4067,7.755968,11
Custom,48,4115,37.541553,48
Custom,48,4124,5.859464,9
Custom,48,4133,3.070278,9
Custom,48,4143,7.286019,10
Custom,48,4192,31.386488,49
Custom,48,4199,3.281588,7
Custom,48,4208,5.458946,9
Custom,48,4216,3.880908,8
Custom,48,4226,4.056617,10
Custom,48,4233,1.658747,7
Custom,48,4246,4.69727,13
Custom,48,4251,-3.831627,5
Custom,48,4260,3.397809,9
Custom,48,4281,12.956238,21
Custom,48,4345,46.005145,64
Custom,48,4352,2.224438,7
Custom,48,4379,21.000736,27
Custom,48,4397,13.158267,18
Custom,48,4425,17.438601,28
Custom,48,4434,6.09575,9
Custom,48,4445,5.786866,11
Custom,48,4453,4.603903,8
Custom,48,4490,30.266426,37
Custom,48,4495,1.31985,5
Custom,48,4516,14.060719,21
Custom,48,4531,10.006938,15
Custom,48,4538,3.785094,7
Custom,48,4556,11.736329,18
Custom,48,4595,15.48913,39
Custom,48,4602,3.86041,7
Custom,48,4638,24.468243,36
Custom,48,4655,11.184014,17
Custom,48,4671,7.258425,16
Custom,48,4699,17.969839,28
Custom,48,4706,1.742595,7
Custom,48,4732,19.364546,26
Custom,48,4746,9.473781,14
Custom,48,4760,9.738818,14
Custom,48,4784,20.236165,24
Custom,48,4801,10.290796,17
Custom,48,4835,19.14313,34
Custom,48,4853,11.998221,18
Custom,48,4871,11.24746,18
Custom,48,4880,5.689495,9
Custom,48,4890,2.303398,10
Custom,48,4918,18.013177,28
Custom,48,4938,11.276311,20
Custom,48,4956,10.128427,18
Custom,48,4994,22.843988,38
Custom,48,5003,5.062061,9
Custom,48,5017,10.689003,14
Custom,48,5030,8.020466,13
Custom,48,5035,-0.563712,5
Custom,48,5062,19.534365,27
Custom,48,5070,4.260872,8
Custom,48,5091,15.049558,21
Custom,48,5115,15.440364,24
Custom,48,5126,2.674447,11
Custom,48,5132,0.574115,6
Custom,48,5136,-0.99074,4
Custom,48,5147,8.099797,11
Custom,48,5173,18.970551,26
Custom,48,5178,0.812785,5
Custom,48,5188,6.27585,10
Custom,48,5193,-4.399631,5
Custom,48,5204,7.108499,11
Custom,48,5226,10.8865,22
Custom,48,5234,3.833842,8
Custom,48,5245,2.738459,11
Custom,48,5272,18.868619,27
Custom,48,5291,12.515165,19
Custom,48,5296,-0.75161,5
Custom,48,5303,0.14602,7
Custom,48,5312,3.197014,9
Custom,48,5317,-0.741243,5
Custom,48,5324,2.015522,7
Custom,48,5351,22.518897,27
Custom,48,5359,1.180969,8
Custom,48,5369,6.744758,10
Custom,48,5385,11.510915,16
Custom,48,5391,-0.808153,6
Custom,48,5413,15.729644,22
Custom,48,5437,13.712072,24
Custom,48,5443,-2.606801,6
Custom,48,5492,34.089368,49
Custom,48,5549,30.646608,57
Custom,48,5556,2.934974,7
Custom,48,5576,10.61908,20
Custom,48,5591,10.884218,15
Custom,48,5608,12.481541,17
Custom,48,5615,1.968062,7
Custom,48,5633,14.478312,18
Custom,48,5649,11.788444,16
Custom,48,5661,9.107171,12
Custom,48,5672,6.544271,11
Custom,48,5688,11.279627,16
Custom,48,5697,4.028432,9
Custom,48,5709,4.831294,12
Custom,48,5713,-5.381057,4
Custom,48,5756,31.718001,43
Custom,48,5764,4.579955,8
Custom,48,5772,4.228921,8
Custom,48,5778,0.099803,6
Custom,48,5796,11.034806,18
Custom,48,5800,-3.24738,4
Custom,48,5821,14.823112,21
Custom,48,5841,12.955744,20
Custom,48,5846,0.359782,5
Custom,48,5857,4.701455,11
Custom,48,5884,22.194264,27
Custom,48,5892,3.610892,8
Custom,48,5905,7.700099,13
Custom,48,5917,3.935837,12
Custom,48,5922,-0.927156,5
Custom,48,5965,28.254166,43
Custom,48,5982,13.045459,17
Custom,48,6000,12.406699,18
Custom,48,6006,2.103716,6
Custom,48,6028,18.395463,22
Custom,48,6069,32.162099,41
Custom,48,6073,-1.227728,4
Custom,48,6080,2.35558,7
Custom,48,6107,14.921249,27
Custom,48,6113,-2.741974,6
Custom,48,6122,3.057023,9
Custom,48,6157,22.404613,35
Custom,48,6166,4.064968,9
Custom,48,6189,17.708178,23
Custom,48,6204,7.273276,15
Custom,48,6219,11.08395,15
Custom,48,6243,19.158582,24
Custom,48,6278,22.209529,35
Custom,48,6342,48.322507,64
Custom,48,6390,36.456317,48
Custom,48,6416,20.122102,26
Custom,48,6431,8.433851,15
Custom,48,6450,14.658201,19
Custom,48,6473,15.598623,23
Custom,48,6483,6.612168,10
Custom,48,6491,3.464089,8
Custom,48,6514,19.91271,23
Custom,48,6548,27.397889,34
Custom,48,6558,5.609296,10
Custom,48,6602,31.307958,44
Custom,48,6615,7.820927,13
Custom,48,6640,18.15039,25
Custom,48,6646,1.261795,6
Custom,48,6658,8.3608,12
Custom,48,6679,13.470473,21
Custom,48,6685,0.035193,6
Custom,48,6711,18.478207,26
Custom,48,6716,0.576116,5
Custom,48,6729,6.713099,13
Custom,48,6766,27.445405,37
Custom,48,6778,7.919612,12
Custom,48,6818,21.047489,40
Custom,48,6823,-1.507328,5
Custom,48,6847,19.027235,24
Custom,48,6873,18.853091,26
Custom,48,6881,4.718122,8
Custom,48,6890,3.883954,9
Custom,48,6914,14.684527,24
Custom,48,7026,85.617608,112
Custom,48,7060,20.68316,34
Custom,48,7065,-0.287925,5
Custom,48,7106,29.422073,41
Custom,48,7115,5.272992,9
Custom,48,7149,21.53003,34
Custom,48,7167,13.483347,18
Custom,48,7176,5.012081,9
Custom,48,7215,16.628606,39
Custom,48,7229,6.83095,14
Custom,48,7243,6.859547,14
Custom,48,7289,26.312914,46
Custom,48,7298,6.083144,9
Custom,48,7303,-1.336503,5
Custom,48,7319,11.544425,16
Custom,48,7334,11.07869,15
Custom,48,7343,3.19872,9
Custom,48,7392,33.9037,49
Custom,48,7401,1.847245,9
Custom,48,7411,-1.344732,10
Custom,48,7453,22.052823,42
Custom,48,7459,0.034024,6
Custom,48,7486,20.423005,27
Custom,48,7540,38.691237,54
Custom,48,7580,28.787239,40
Custom,48,7585,-1.552153,5
Custom,48,7638,31.086592,53
Custom,48,7668,20.329143,30
Custom,48,7680,7.893048,12
Custom,48,7724,20.073602,44
Custom,48,7730,2.896311,6
Custom,48,7779,30.719213,49
Custom,48,7853,54.406989,74
Custom,48,7896,30.084595,43
Custom,48,7909,5.978287,13
Custom,48,7938,19.052011,29
Custom,48,7990,35.995147,52
Custom,48,8054,49.018145,64
Custom,48,8093,26.553239,39
Custom,48,8112,12.900083,19
Custom,48,8124,9.174403,12
Custom,48,8146,15.068282,22
Custom,48,8156,5.972783,10
Custom,48,8168,5.54872,12
Custom,48,8195,18.84076,27
Custom,48,8217,14.172839,22
Custom,48,8244,19.751083,27
Custom,48,8312,52.271101,68
Custom,48,8381,51.662233,69
Custom,48,8430,22.511225,49
Custom,48,8466,24.063618,36
Custom,48,8513,33.986348,47
Custom,48,8525,7.719148,12
Custom,48,8578,30.316836,53
Custom,48,8603,17.014264,25
Custom,48,8642,26.815,39
Custom,48,8687,32.593579,45
Custom,48,8711,16.985312,24
Custom,48,8717,-1.198047,6
Custom,48,8737,11.57386,20
Custom,48,8844,69.234738,107
Custom,48,8897,32.035681,53
Custom,48,8936,29.633096,39
Custom,48,9019,61.840673,83
Custom,48,9043,17.656759,24
Custom,48,9083,16.135323,40
Custom,48,9110,14.115969,27
Custom,48,9145,23.060888,35
Custom,48,9171,18.302651,26
Custom,48,9206,21.250869,35
Custom,48,9279,45.686364,73
Custom,48,9308,17.918125,29
Custom,48,9313,0.92539,5
Custom,48,9423,79.660775,110
Custom,48,9472,35.944131,49
Custom,48,9497,19.350444,25
Custom,48,9535,27.353863,38
Custom,48,9548,9.846275,13
Custom,48,9594,25.315549,46
Custom,48,9607,6.658793,13
Custom,48,9624,9.434689,17
Custom,48,9684,33.744164,60
Custom,48,9724,31.769169,40
Custom,48,9793,53.017527,69
Custom,48,9835,11.976391,42
Custom,48,9885,31.122908,50
Custom,48,9917,18.335378,32
Custom,48,9964,17.718118,47
Custom,48,10059,66.933027,95
Custom,48,10147,58.355565,88
Custom,48,10162,11.63703,15
Custom,48,10172,4.190428,10
Custom,48,10278,78.488683,106
Custom,48,10326,26.642876,48
Custom,48,10436,78.490202,110
Custom,48,10509,43.408061,73
Custom,48,10542,21.885993,33
Custom,48,10621,51.180831,79
Custom,48,10686,50.209542,65
Custom,48,10750,41.600793,64
Custom,48,10785,24.131989,35
Custom,48,10806,15.256229,21
Custom,48,10857,39.198538,51
Custom,48,10867,4.943968,10
Custom,48,10898,20.766654,31
Custom,48,10970,54.675577,72
Custom,48,11049,56.983827,79
Custom,48,11122,49.470736,73
Custom,48,11153,21.202704,31
Custom,48,11210,43.46382,57
Custom,48,11318,79.422426,108
Custom,48,11457,112.404427,139
Custom,48,11530,49.395078,73
Custom,48,11602,40.154873,72
Custom,48,11608,2.667925,6
Custom,48,11691,66.185013,83
Custom,48,11836,95.878519,145
Custom,48,11927,60.278534,91
Custom,48,12018,72.58167,91
Custom,48,12067,38.751753,49
Custom,48,12108,29.785435,41
Custom,48,12114,1.7693,6
Custom,48,12138,15.885633,24
Custom,48,12197,38.500223,59
Custom,48,12209,7.995995,12
Custom,48,12278,50.676113,69
Custom,48,12337,37.91283,59
Custom,48,12378,30.856962,41
Custom,48,12458,55.059275,80
Custom,48,12516,35.745772,58
Custom,48,12601,59.718084,85
Custom,48,12718,83.023911,117
Custom,48,12780,40.980223,62
Custom,48,12855,52.15396,75
Custom,48,12930,50.226862,75
Custom,48,13009,57.344037,79
Custom,48,13149,104.194784,140
Custom,48,13200,32.390467,51
Custom,48,13242,19.159392,42
Custom,48,13276,24.501132,34
Custom,48,13341,48.499143,65
Custom,48,13369,22.548268,28
Custom,48,13427,31.069454,58
Custom,48,13508,50.094486,81
Custom,48,13579,53.513216,71
Custom,48,13648,47.484295,69
Custom,48,13673,15.549534,25
Custom,48,13729,44.44123,56
Custom,48,13857,88.988876,128
Custom,48,13868,6.042106,11
Custom,48,13927,39.560023,59
Custom,48,13950,14.661112,23
Custom,48,14002,41.454305,52
Custom,48,14051,37.023817,49
Custom,48,14118,51.610384,67
Custom,48,14133,11.92602,15
Custom,48,14184,33.291791,51
Custom,48,14252,49.581294,68
Custom,48,14300,21.275325,48
Custom,48,14375,58.912787,75
Custom,48,14442,46.490715,67
Custom,48,14507,44.231521,65
Custom,48,14561,39.540589,54
Custom,48,14624,40.854025,63
Custom,48,14715,66.918946,91
Custom,48,14835,85.936279,120
Custom,48,15106,182.703488,271
Custom,48,15275,124.499791,169
Custom,48,15339,41.663386,64
Custom,48,15461,82.000622,122
Custom,48,15514,37.443734,53
Custom,48,15600,54.348462,86
Custom,48,15694,65.386287,94
Custom,48,15777,57.369801,83
Custom,48,15848,50.258953,71
Custom,48,15910,41.158783,62
Custom,48,15957,36.530281,47
Custom,48,16049,64.419203,92
Custom,48,16120,44.470831,71
Custom,48,16331,154.419645,211
Custom,48,16375,27.37407,44
Custom,48,16469,64.980511,94
Custom,48,16583,87.343243,114
Custom,48,16714,99.960759,131
Custom,48,16795,56.55597,81
Custom,48,16861,45.770842,66
Custom,48,17006,103.600661,145
Custom,48,17147,110.235104,141
Custom,48,17274,98.279714,127
Custom,48,17389,81.955376,115
Custom,48,17487,72.337047,98
Custom,48,17522,23.48246,35
Custom,48,17665,105.502735,143
Custom,48,17825,118.743709,160
Custom,48,18023,146.012039,198
Custom,48,18088,46.693166,65
Custom,48,18154,47.61451,66
Custom,48,18281,95.958233,127
Custom,48,18402,82.550475,121
Custom,48,18496,55.532067,94
Custom,48,18791,219.878274,295
Custom,48,19074,216.646494,283
Custom,48,19340,203.085305,266
Custom,48,19492,116.938269,152
Custom,48,19638,103.506486,146
Custom,48,19795,118.460081,157
Custom,48,19964,120.794899,169
Custom,48,20210,183.259044,246
Custom,48,20303,67.946815,93
Custom,48,20389,62.916987,86
Custom,48,20480,69.467259,91
Custom,48,20532,32.807536,52
Custom,48,21213,511.851553,681
Custom,48,22213,786.475819,1000
Custom,48,22371,108.568248,158
Custom,48,22684,238.340256,313
Custom,48,23684,785.584861,1000
Custom,48,24684,793.129482,1000
Custom,48,25684,814.992516,1000
Custom,48,26684,814.635046,1000
Custom,48,27432,621.429536,748
Custom,48,28432,844.889713,1000
Custom,48,28600,140.081271,168
Custom,48,29600,860.817774,1000
Custom,48,30600,867.884559,1000
Custom,48,31600,878.057104,1000
Custom,48,32600,884.581312,1000
Custom,48,33600,897.09189,1000
Custom,48,34600,903.500136,1000
Custom,48,35600,908.329706,1000
Custom,48,36600,914.691765,1000
Custom,48,37600,933.351112,1000
Custom,48,38600,925.246355,1000
Custom,48,39600,936.39009,1000
Custom,48,40600,940.085962,1000
Custom,48,41600,944.340907,1000
Custom,48,42600,945.882838,1000
Custom,48,43600,954.99514,1000
Custom,48,44600,955.722626,1000
Custom,48,45378,746.25755,778
Custom,48,46378,965.622223,1000
Custom,48,46698,304.161586,320
Custom,48,46921,211.684777,223
Custom,48,47154,221.164365,233
Custom,48,48154,962.560353,1000
Custom,48,49154,961.946967,1000
Custom,48,50154,963.07366,1000
Custom,48,51154,960.859439,1000
Custom,48,52154,967.959955,1000
Custom,48,53154,968.319501,1000
Custom,48,54154,970.712592,1000
Custom,48,55154,971.514432,1000
Custom,48,56154,973.760544,1000
Custom,48,57154,977.051501,1000
Custom,48,58154,979.504791,1000
Custom,48,59154,980.619581,1000
Custom,48,60154,981.593767,1000
Custom,48,61154,984.020651,1000
Custom,48,62154,985.956112,1000
Custom,48,63154,984.684543,1000
Custom,48,64154,986.549179,1000
Custom,48,65154,987.73838,1000
Custom,48,66154,988.16599,1000
Custom,48,67154,988.524287,1000
Custom,48,68154,989.693689,1000
Custom,48,69154,990.689089,1000
Custom,48,70154,989.718549,1000
Custom,48,71154,991.650284,1000
Custom,48,72154,991.481893,1000
Custom,48,73154,992.057108,1000
Custom,48,74154,992.578144,1000
Custom,48,75154,993.761718,1000
Custom,48,76154,993.812714,1000
Custom,48,77154,994.325599,1000
Custom,48,78154,994.568664,1000
Custom,48,79154,994.457445,1000
Custom,48,80154,994.92376,1000
Custom,48,81154,995.346092,1000
Custom,48,82154,995.805093,1000
Custom,48,83154,996.099493,1000
Custom,48,84154,996.317802,1000
Custom,48,85154,996.520154,1000
Custom,48,86154,996.526399,1000
Custom,48,87154,996.79814,1000
Custom,48,88154,996.756202,1000
Custom,48,89154,997.262027,1000
Custom,48,90154,997.364172,1000
Custom,48,91154,997.644045,1000
Custom,48,92154,997.656374,1000
Custom,48,93154,997.774113,1000
Custom,48,94154,997.726341,1000
Custom,48,95154,997.905723,1000
Custom,48,96154,997.941714,1000
Custom,48,97154,998.179266,1000
Custom,48,98154,998.25394,1000
Custom,48,99154,998.384519,1000
Custom,48,100154,998.214764,1000
Custom,49,6,1.809511,6
Custom,49,11,-0.071932,5
Custom,49,17,1.668265,6
Custom,49,22,-3.537761,5
Custom,49,26,-0.826882,4
Custom,49,32,-1.110711,6
Custom,49,36,-8.712923,4
Custom,49,41,-4.289486,5
Custom,49,48,3.049189,7
Custom,49,53,-1.121122,5
Custom,49,59,1.265373,6
Custom,49,75,9.391972,16
Custom,49,80,0.289175,5
Custom,49,86,-5.181769,6
Custom,49,90,-6.951771,4
Custom,49,99,4.922764,9
Custom,49,106,3.227296,7
Custom,49,110,-6.406963,4
Custom,49,123,4.687471,13
Custom,49,133,1.810168,10
Custom,49,137,-3.904971,4
Custom,49,143,-1.085475,6
Custom,49,157,0.341292,14
Custom,49,168,6.009747,11
Custom,49,175,-2.135025,7
Custom,49,181,-1.192527,6
Custom,49,192,-1.618742,11
Custom,49,197,-1.616935,5
Custom,49,213,10.512475,16
Custom,49,220,-1.819032,7
Custom,49,230,-2.381416,10
Custom,49,236,-0.594225,6
Custom,49,240,-2.169736,4
Custom,49,247,0.380819,7
Custom,49,261,-9.158189,14
Custom,49,277,7.309689,16
Custom,49,303,13.298778,26
Custom,49,314,5.503388,11
Custom,49,321,3.486264,7
Custom,49,329,-3.570409,8
Custom,49,340,6.653313,11
Custom,49,344,-1.575554,4
Custom,49,351,-0.631722,7
Custom,49,358,-2.616364,7
Custom,49,363,-1.755621,5
Custom,49,369,-1.524609,6
Custom,49,383,3.969255,14
Custom,49,395,6.358376,12
Custom,49,401,-0.185398,6
Custom,49,407,-0.143648,6
Custom,49,417,5.436246,10
Custom,49,422,-5.895033,5
Custom,49,426,-3.52708,4
Custom,49,433,2.699803,7
Custom,49,442,3.330329,9
Custom,49,448,2.164006,6
Custom,49,452,-5.915115,4
Custom,49,462,5.170729,10
Custom,49,473,3.399262,11
Custom,49,485,7.471449,12
Custom,49,494,0.246044,9
Custom,49,502,4.793541,8
Custom,49,507,-4.269237,5
Custom,49,520,-6.365354,13
Custom,49,527,2.699999,7
Custom,49,537,3.912753,10
Custom,49,542,-6.833263,5
Custom,49,549,-2.072334,7
Custom,49,556,-0.572465,7
Custom,49,560,-10.457837,4
Custom,49,566,1.33075,6
Custom,49,585,9.462238,19
Custom,49,593,2.753794,8
Custom,49,600,-2.328475,7
Custom,49,609,2.720309,9
Custom,49,615,2.917402,6
Custom,49,630,6.262889,15
Custom,49,648,11.82583,18
Custom,49,666,3.143105,18
Custom,49,672,-1.658715,6
Custom,49,677,-1.439192,5
Custom,49,691,10.96763,14
Custom,49,697,-4.014006,6
Custom,49,703,1.166894,6
Custom,49,709,1.597162,6
Custom,49,715,1.528732,6
Custom,49,735,7.230009,20
Custom,49,741,1.463693,6
Custom,49,753,3.27819,12
Custom,49,759,-2.254625,6
Custom,49,777,6.282764,18
Custom,49,795,2.263756,18
Custom,49,802,2.798915,7
Custom,49,810,2.014646,8
Custom,49,822,3.234754,12
Custom,49,830,3.459051,8
Custom,49,834,-7.266573,4
Custom,49,837,-8.585306,3
Custom,49,841,-2.357165,4
Custom,49,846,-1.942928,5
Custom,49,852,-0.222996,6
Custom,49,857,1.429005,5
Custom,49,863,-2.329787,6
Custom,49,868,-7.069578,5
Custom,49,877,2.635462,9
Custom,49,883,-2.788891,6
Custom,49,888,-1.363525,5
Custom,49,893,-1.43655,5
Custom,49,903,6.501587,10
Custom,49,911,2.965954,8
Custom,49,915,-1.441133,4
Custom,49,921,-2.720597,6
Custom,49,926,-1.308997,5
Custom,49,932,2.297398,6
Custom,49,940,-0.075115,8
Custom,49,952,-9.093755,12
Custom,49,957,-0.468352,5
Custom,49,962,-1.850061,5
Custom,49,970,1.168598,8
Custom,49,991,12.415936,21
Custom,49,998,1.110947,7
Custom,49,1007,3.966892,9
Custom,49,1020,9.378561,13
Custom,49,1026,2.58131,6
Custom,49,1039,-3.323706,13
Custom,49,1046,0.992122,7
Custom,49,1054,2.716551,8
Custom,49,1059,0.442562,5
Custom,49,1074,7.563373,15
Custom,49,1083,2.788531,9
Custom,49,1089,-0.82416,6
Custom,49,1108,9.381662,19
Custom,49,1112,-1.900322,4
Custom,49,1119,1.22968,7
Custom,49,1123,-6.45803,4
Custom,49,1134,8.885649,11
Custom,49,1146,5.63248,12
Custom,49,1153,-1.211115,7
Custom,49,1157,-5.822702,4
Custom,49,1163,-1.098919,6
Custom,49,1174,-1.215388,11
Custom,49,1182,-2.000971,8
Custom,49,1186,-1.296154,4
Custom,49,1193,3.750851,7
Custom,49,1197,-3.169816,4
Custom,49,1201,-0.879095,4
Custom,49,1205,-8.837458,4
Custom,49,1209,-7.329499,4
Custom,49,1217,3.604039,8
Custom,49,1224,1.952419,7
Custom,49,1242,7.241942,18
Custom,49,1246,-4.367712,4
Custom,49,1254,1.219359,8
Custom,49,1263,-1.81634,9
Custom,49,1272,3.50702,9
Custom,49,1280,1.934902,8
Custom,49,1297,6.513281,17
Custom,49,1303,0.958245,6
Custom,49,1312,5.747746,9
Custom,49,1315,-6.768043,3
Custom,49,1321,-0.240674,6
Custom,49,1326,-2.582258,5
Custom,49,1330,-0.96677,4
Custom,49,1334,-6.655354,4
Custom,49,1340,-2.387115,6
Custom,49,1351,-1.861713,11
Custom,49,1357,0.389164,6
Custom,49,1364,-0.711226,7
Custom,49,1371,-1.300357,7
Custom,49,1376,-0.335899,5
Custom,49,1382,-2.28586,6
Custom,49,1388,3.08583,6
Custom,49,1407,14.017271,19
Custom,49,1412,0.076209,5
Custom,49,1419,-1.942435,7
Custom,49,1441,12.368974,22
Custom,49,1446,-2.540873,5
Custom,49,1451,-3.662177,5
Custom,49,1455,-1.911966,4
Custom,49,1459,-2.316713,4
Custom,49,1466,0.574677,7
Custom,49,1471,-1.390058,5
Custom,49,1476,-0.972285,5
Custom,49,1483,2.538331,7
Custom,49,1490,3.13025,7
Custom,49,1503,9.298024,13
Custom,49,1510,-5.099255,7
Custom,49,1528,10.673228,18
Custom,49,1534,-1.143247,6
Custom,49,1541,1.679961,7
Custom,49,1557,10.382225,16
Custom,49,1561,-3.121433,4
Custom,49,1567,0.498842,6
Custom,49,1572,-0.717988,5
Custom,49,1579,0.258061,7
Custom,49,1587,0.549447,8
Custom,49,1594,3.171489,7
Custom,49,1602,-6.56181,8
Custom,49,1612,1.893559,10
Custom,49,1618,2.356137,6
Custom,49,1626,3.297612,8
Custom,49,1638,5.235706,12
Custom,49,1641,-3.814189,3
Custom,49,1653,2.169124,12
Custom,49,1659,-0.137044,6
Custom,49,1672,1.488265,13
Custom,49,1679,-3.197006,7
Custom,49,1689,1.309955,10
Custom,49,1701,0.959037,12
Custom,49,1712,3.591592,11
Custom,49,1719,4.044192,7
Custom,49,1723,-4.753201,4
Custom,49,1730,1.13693,7
Custom,49,1741,4.578826,11
Custom,49,1749,4.876229,8
Custom,49,1758,3.407637,9
Custom,49,1768,-0.491995,10
Custom,49,1774,-2.417962,6
Custom,49,1783,3.45596,9
Custom,49,1792,5.119825,9
Custom,49,1800,1.951204,8
Custom,49,1804,-1.275467,4
Custom,49,1811,0.904749,7
Custom,49,1818,-5.188002,7
Custom,49,1823,-3.583494,5
Custom,49,1831,3.22635,8
Custom,49,1844,6.13368,13
Custom,49,1848,-6.476177,4
Custom,49,1852,-8.121531,4
Custom,49,1859,0.952413,7
Custom,49,1868,6.239524,9
Custom,49,1874,-2.034796,6
Custom,49,1885,4.843971,11
Custom,49,1896,-4.214863,11
Custom,49,1902,-1.52272,6
Custom,49,1914,-0.126795,12
Custom,49,1919,-1.294867,5
Custom,49,1930,3.165199,11
Custom,49,1935,-1.239237,5
Custom,49,1943,4.135519,8
Custom,49,1969,12.460401,26
Custom,49,1976,2.832299,7
Custom,49,1983,-6.325818,7
Custom,49,1987,-2.838947,4
Custom,49,2000,9.731055,13
Custom,49,2007,-1.289428,7
Custom,49,2011,-4.447454,4
Custom,49,2017,0.52898,6
Custom,49,2023,-0.850347,6
Custom,49,2034,4.790218,11
Custom,49,2037,-6.318266,3
Custom,49,2041,-5.758169,4
Custom,49,2048,-0.082457,7
Custom,49,2062,6.282076,14
Custom,49,2076,6.589239,14
Custom,49,2083,3.229365,7
Custom,49,2110,20.882366,27
Custom,49,2120,7.280328,10
Custom,49,2125,-0.475348,5
Custom,49,2147,14.290519,22
Custom,49,2154,1.763148,7
Custom,49,2170,10.581627,16
Custom,49,2185,9.106517,15
Custom,49,2190,0.921877,5
Custom,49,2195,-1.155119,5
Custom,49,2208,8.338996,13
Custom,49,2223,12.056773,15
Custom,49,2235,7.898673,12
Custom,49,2261,18.873771,26
Custom,49,2267,1.537159,6
Custom,49,2274,0.552241,7
Custom,49,2281,-0.534919,7
Custom,49,2287,2.440628,6
Custom,49,2293,-3.114383,6
Custom,49,2306,7.563793,13
Custom,49,2323,6.698447,17
Custom,49,2329,1.112686,6
Custom,49,2335,1.265426,6
Custom,49,2341,1.777302,6
Custom,49,2350,5.249168,9
Custom,49,2368,11.127031,18
Custom,49,2380,8.771748,12
Custom,49,2394,7.617734,14
Custom,49,2408,10.212584,14
Custom,49,2413,-0.129181,5
Custom,49,2419,0.463473,6
Custom,49,2433,9.609912,14
Custom,49,2443,-4.895134,10
Custom,49,2449,-0.643106,6
Custom,49,2455,1.646258,6
Custom,49,2461,-1.562284,6
Custom,49,2468,2.09829,7
Custom,49,2481,9.221737,13
Custom,49,2485,-1.171583,4
Custom,49,2499,1.821275,14
Custom,49,2520,15.226459,21
Custom,49,2532,6.052994,12
Custom,49,2550,12.021701,18
Custom,49,2557,2.625045,7
Custom,49,2564,-1.767309,7
Custom,49,2577,2.529403,13
Custom,49,2584,-1.557542,7
Custom,49,2618,23.645009,34
Custom,49,2629,5.326238,11
Custom,49,2637,3.610651,8
Custom,49,2648,6.562075,11
Custom,49,2655,3.408146,7
Custom,49,2714,37.239531,59
Custom,49,2730,8.517149,16
Custom,49,2740,4.326717,10
Custom,49,2752,5.695193,12
Custom,49,2757,0.051288,5
Custom,49,2761,-0.251562,4
Custom,49,2767,1.576342,6
Custom,49,2772,-0.068594,5
Custom,49,2779,1.955488,7
Custom,49,2791,9.755716,12
Custom,49,2796,-0.39365,5
Custom,49,2804,3.719055,8
Custom,49,2814,5.891351,10
Custom,49,2820,1.666344,6
Custom,49,2831,3.164295,11
Custom,49,2843,5.438028,12
Custom,49,2848,-3.685522,5
Custom,49,2853,-1.274976,5
Custom,49,2892,24.337124,39
Custom,49,2898,-2.733243,6
Custom,49,2913,10.048901,15
Custom,49,2923,4.250346,10
Custom,49,2928,0.438609,5
Custom,49,2939,2.237452,11
Custom,49,2948,4.334852,9
Custom,49,2955,0.0982,7
Custom,49,2961,-1.410453,6
Custom,49,2970,5.86109,9
Custom,49,2982,7.434994,12
Custom,49,2988,1.024401,6
Custom,49,3001,8.832687,13
Custom,49,3006,0.620572,5
Custom,49,3014,2.103143,8
Custom,49,3022,3.571332,8
Custom,49,3027,-0.403256,5
Custom,49,3032,-1.136545,5
Custom,49,3046,8.468337,14
Custom,49,3060,9.230733,14
Custom,49,3086,14.183893,26
Custom,49,3103,9.855044,17
Custom,49,3116,9.450809,13
Custom,49,3127,3.639565,11
Custom,49,3133,2.19306,6
Custom,49,3176,31.745901,43
Custom,49,3181,-0.039293,5
Custom,49,3197,12.754671,16
Custom,49,3210,6.263183,13
Custom,49,3218,3.780556,8
Custom,49,3242,15.995876,24
Custom,49,3255,2.693831,13
Custom,49,3263,3.895976,8
Custom,49,3270,3.016168,7
Custom,49,3275,-0.59561,5
Custom,49,3283,1.7816,8
Custom,49,3288,-1.27984,5
Custom,49,3292,-3.279136,4
Custom,49,3302,-0.975785,10
Custom,49,3314,7.595713,12
Custom,49,3319,-0.921418,5
Custom,49,3361,26.042039,42
Custom,49,3375,8.215524,14
Custom,49,3389,7.890047,14
Custom,49,3395,1.040112,6
Custom,49,3402,3.213127,7
Custom,49,3407,-2.102974,5
Custom,49,3411,-0.833661,4
Custom,49,3415,-6.139421,4
Custom,49,3421,2.444307,6
Custom,49,3427,-2.065879,6
Custom,49,3437,4.039986,10
Custom,49,3442,0.70566,5
Custom,49,3451,4.578434,9
Custom,49,3457,1.88533,6
Custom,49,3474,13.672825,17
Custom,49,3482,4.560416,8
Custom,49,3494,3.484432,12
Custom,49,3508,7.466263,14
Custom,49,3513,-2.924045,5
Custom,49,3518,-6.346859,5
Custom,49,3543,10.130552,25
Custom,49,3547,-3.788828,4
Custom,49,3559,6.097076,12
Custom,49,3581,10.283713,22
Custom,49,3590,5.383171,9
Custom,49,3598,4.340535,8
Custom,49,3614,9.22105,16
Custom,49,3620,2.319618,6
Custom,49,3639,11.004489,19
Custom,49,3644,0.18937,5
Custom,49,3654,6.653477,10
Custom,49,3682,17.521858,28
Custom,49,3701,12.38428,19
Custom,49,3708,-1.774806,7
Custom,49,3715,1.659161,7
Custom,49,3720,-5.883124,5
Custom,49,3732,9.522903,12
Custom,49,3748,10.52281,16
Custom,49,3753,-1.579428,5
Custom,49,3763,4.956266,10
Custom,49,3773,4.494227,10
Custom,49,3781,3.836817,8
Custom,49,3795,5.694761,14
Custom,49,3802,3.693855,7
Custom,49,3810,3.99637,8
Custom,49,3823,3.156793,13
Custom,49,3829,2.045058,6
Custom,49,3843,2.406418,14
Custom,49,3861,13.042072,18
Custom,49,3868,4.31039,7
Custom,49,3876,-0.11039,8
Custom,49,3896,12.273577,20
Custom,49,3901,0.128865,5
Custom,49,3908,2.736509,7
Custom,49,3934,14.971291,26
Custom,49,3948,5.747378,14
Custom,49,3960,7.413437,12
Custom,49,3967,2.500407,7
Custom,49,3997,12.200307,30
Custom,49,4012,8.577739,15
Custom,49,4017,-2.542114,5
Custom,49,4026,2.079816,9
Custom,49,4035,4.93536,9
Custom,49,4045,1.786976,10
Custom,49,4051,1.92003,6
Custom,49,4059,0.893425,8
Custom,49,4063,-1.192889,4
Custom,49,4072,5.214579,9
Custom,49,4078,2.889378,6
Custom,49,4083,1.112767,5
Custom,49,4093,4.747304,10
Custom,49,4107,8.715829,14
Custom,49,4116,5.132623,9
Custom,49,4145,18.873404,29
Custom,49,4176,24.741238,31
Custom,49,4200,16.500159,24
Custom,49,4214,8.851969,14
Custom,49,4226,8.818494,12
Custom,49,4246,13.110957,20
Custom,49,4251,0.643763,5
Custom,49,4263,2.66987,12
Custom,49,4273,5.515864,10
Custom,49,4286,10.416349,13
Custom,49,4291,-1.295503,5
Custom,49,4306,11.243033,15
Custom,49,4320,9.613883,14
Custom,49,4332,6.283665,12
Custom,49,4337,0.926094,5
Custom,49,4346,-0.762915,9
Custom,49,4355,4.683124,9
Custom,49,4371,6.97694,16
Custom,49,4386,7.300032,15
Custom,49,4390,-8.61707,4
Custom,49,4395,-1.531056,5
Custom,49,4411,9.517987,16
Custom,49,4416,0.471485,5
Custom,49,4426,6.617794,10
Custom,49,4446,15.208035,20
Custom,49,4456,1.297488,10
Custom,49,4481,16.521691,25
Custom,49,4487,-0.041978,6
Custom,49,4491,-1.622765,4
Custom,49,4501,7.016492,10
Custom,49,4508,2.072629,7
Custom,49,4519,4.531763,11
Custom,49,4554,26.970437,35
Custom,49,4569,7.296321,15
Custom,49,4584,10.032607,15
Custom,49,4604,15.68318,20
Custom,49,4620,8.875424,16
Custom,49,4639,14.792362,19
Custom,49,4650,8.307634,11
Custom,49,4679,21.061447,29
Custom,49,4725,32.371644,46
Custom,49,4732,3.347068,7
Custom,49,4743,6.773897,11
Custom,49,4752,-1.295707,9
Custom,49,4781,23.007253,29
Custom,49,4798,13.356607,17
Custom,49,4841,27.307758,43
Custom,49,4848,1.170601,7
Custom,49,4863,9.655888,15
Custom,49,4872,4.692607,9
Custom,49,4881,3.582942,9
Custom,49,4888,3.512072,7
Custom,49,4909,11.108763,21
Custom,49,4922,7.269189,13
Custom,49,4944,12.555106,22
Custom,49,4951,3.661768,7
Custom,49,4970,12.826343,19
Custom,49,4988,11.369835,18
Custom,49,4994,0.632256,6
Custom,49,5019,18.334262,25
Custom,49,5025,-1.42022,6
Custom,49,5039,8.687718,14
Custom,49,5056,12.667313,17
Custom,49,5063,0.454971,7
Custom,49,5070,3.857344,7
Custom,49,5131,38.639014,61
Custom,49,5136,-0.650963,5
Custom,49,5142,-0.779135,6
Custom,49,5151,5.94903,9
Custom,49,5169,10.278084,18
Custom,49,5186,13.661084,17
Custom,49,5206,13.78572,20
Custom,49,5222,7.531763,16
Custom,49,5227,0.170427,5
Custom,49,5233,2.177217,6
Custom,49,5254,14.343639,21
Custom,49,5259,-0.4184,5
Custom,49,5281,11.635822,22
Custom,49,5297,12.319216,16
Custom,49,5313,10.682925,16
Custom,49,5342,19.576806,29
Custom,49,5356,6.479592,14
Custom,49,5415,42.656835,59
Custom,49,5424,4.678225,9
Custom,49,5443,13.932029,19
Custom,49,5452,3.29695,9
Custom,49,5459,3.377514,7
Custom,49,5465,2.821122,6
Custom,49,5485,15.458907,20
Custom,49,5513,19.54664,28
Custom,49,5520,3.713839,7
Custom,49,5526,2.275303,6
Custom,49,5535,4.758677,9
Custom,49,5558,15.113861,23
Custom,49,5567,5.470259,9
Custom,49,5578,5.950276,11
Custom,49,5662,67.698524,84
Custom,49,5666,-2.114007,4
Custom,49,5672,0.602476,6
Custom,49,5684,7.928966,12
Custom,49,5692,2.766271,8
Custom,49,5700,3.591189,8
Custom,49,5707,2.502661,7
Custom,49,5715,4.992611,8
Custom,49,5734,12.759447,19
Custom,49,5740,1.194302,6
Custom,49,5765,17.522304,25
Custom,49,5777,5.373882,12
Custom,49,5784,0.107952,7
Custom,49,5812,22.281799,28
Custom,49,5823,6.210123,11
Custom,49,5837,5.894095,14
Custom,49,5848,7.568605,11
Custom,49,5859,5.084297,11
Custom,49,5868,2.632015,9
Custom,49,5886,12.013889,18
Custom,49,5915,23.115238,29
Custom,49,5941,18.45523,26
Custom,49,5982,30.542294,41
Custom,49,5989,2.923428,7
Custom,49,5993,-1.59724,4
Custom,49,6009,10.560418,16
Custom,49,6050,23.251367,41
Custom,49,6062,7.623296,12
Custom,49,6075,6.633584,13
Custom,49,6082,1.246725,7
Custom,49,6093,1.819993,11
Custom,49,6099,2.062725,6
Custom,49,6107,0.654121,8
Custom,49,6115,4.59997,8
Custom,49,6122,3.716623,7
Custom,49,6132,6.877488,10
Custom,49,6145,9.316886,13
Custom,49,6175,20.885716,30
Custom,49,6211,27.81455,36
Custom,49,6225,9.129461,14
Custom,49,6239,8.87174,14
Custom,49,6245,1.425719,6
Custom,49,6254,4.377231,9
Custom,49,6350,70.303737,96
Custom,49,6391,20.05279,41
Custom,49,6430,13.884759,39
Custom,49,6443,9.169092,13
Custom,49,6451,2.854452,8
Custom,49,6487,8.395117,36
Custom,49,6504,9.264186,17
Custom,49,6514,4.869751,10
Custom,49,6530,10.70309,16
Custom,49,6542,7.446146,12
Custom,49,6577,25.015903,35
Custom,49,6593,10.744475,16
Custom,49,6608,8.78359,15
Custom,49,6621,7.397048,13
Custom,49,6642,12.111407,21
Custom,49,6663,13.660294,21
Custom,49,6695,22.650677,32
Custom,49,6706,7.787434,11
Custom,49,6716,5.028635,10
Custom,49,6721,0.601553,5
Custom,49,6760,28.673632,39
Custom,49,6799,28.438432,39
Custom,49,6862,32.076307,63
Custom,49,6881,14.423812,19
Custom,49,6888,3.4318,7
Custom,49,6899,8.386266,11
Custom,49,6921,13.51962,22
Custom,49,6943,17.81766,22
Custom,49,6993,41.258202,50
Custom,49,6997,-0.62111,4
Custom,49,7069,55.775008,72
Custom,49,7099,22.123938,30
Custom,49,7111,6.613323,12
Custom,49,7149,26.945365,38
Custom,49,7159,4.325663,10
Custom,49,7188,18.54013,29
Custom,49,7229,24.39259,41
Custom,49,7266,21.436567,37
Custom,49,7296,21.040096,30
Custom,49,7318,14.944284,22
Custom,49,7372,34.078682,54
Custom,49,7427,40.921528,55
Custom,49,7459,24.005066,32
Custom,49,7481,10.14871,22
Custom,49,7517,27.531356,36
Custom,49,7541,19.046935,24
Custom,49,7560,10.786231,19
Custom,49,7606,33.800503,46
Custom,49,7622,12.188968,16
Custom,49,7646,15.4916,24
Custom,49,7686,28.295868,40
Custom,49,7703,7.033203,17
Custom,49,7710,0.93563,7
Custom,49,7738,17.373233,28
Custom,49,7780,24.041096,42
Custom,49,7795,10.823957,15
Custom,49,7823,20.408108,28
Custom,49,7839,13.118331,16
Custom,49,7855,7.522257,16
Custom,49,7874,11.619187,19
Custom,49,7886,6.756215,12
Custom,49,7936,36.879895,50
Custom,49,7963,15.636618,27
Custom,49,8008,33.701818,45
Custom,49,8022,5.008823,14
Custom,49,8075,30.649619,53
Custom,49,8108,25.235843,33
Custom,49,8140,20.852561,32
Custom,49,8173,25.66038,33
Custom,49,8238,42.822577,65
Custom,49,8302,47.63233,64
Custom,49,8349,33.837222,47
Custom,49,8395,26.589374,46
Custom,49,8423,21.345337,28
Custom,49,8436,9.218622,13
Custom,49,8490,40.880216,54
Custom,49,8529,29.997459,39
Custom,49,8544,9.668136,15
Custom,49,8574,23.898427,30
Custom,49,8607,26.149438,33
Custom,49,8612,0.613028,5
Custom,49,8617,0.411954,5
Custom,49,8689,57.15423,72
Custom,49,8707,9.649539,18
Custom,49,8746,28.396297,39
Custom,49,8802,47.914462,56
Custom,49,8885,66.119525,83
Custom,49,8898,8.554199,13
Custom,49,8906,2.585397,8
Custom,49,8952,32.343825,46
Custom,49,8978,17.04248,26
Custom,49,9034,41.129599,56
Custom,49,9068,23.573573,34
Custom,49,9167,78.561954,99
Custom,49,9218,40.214507,51
Custom,49,9263,32.151455,45
Custom,49,9327,47.140222,64
Custom,49,9361,23.517915,34
Custom,49,9393,25.870122,32
Custom,49,9433,26.580776,40
Custom,49,9462,17.672299,29
Custom,49,9533,48.190319,71
Custom,49,9596,38.810447,63
Custom,49,9627,22.236737,31
Custom,49,9682,46.034349,55
Custom,49,9710,22.08716,28
Custom,49,9728,12.278935,18
Custom,49,9768,23.595245,40
Custom,49,9853,59.12363,85
Custom,49,9860,3.749339,7
Custom,49,9899,19.79127,39
Custom,49,9949,35.787534,50
Custom,49,9980,20.61227,31
Custom,49,9995,11.040548,15
Custom,49,10026,19.22876,31
Custom,49,10033,3.632069,7
Custom,49,10097,45.298735,64
Custom,49,10133,20.776317,36
Custom,49,10168,27.289175,35
Custom,49,10179,6.634902,11
Custom,49,10217,23.972533,38
Custom,49,10276,30.204817,59
Custom,49,10339,34.406599,63
Custom,49,10399,43.758665,60
Custom,49,10466,47.439082,67
Custom,49,10547,62.4183,81
Custom,49,10597,32.56284,50
Custom,49,10652,31.098721,55
Custom,49,10732,48.485797,80
Custom,49,10789,35.715835,57
Custom,49,10821,20.512023,32
Custom,49,10920,76.328147,99
Custom,49,10974,27.659466,54
Custom,49,11058,69.497662,84
Custom,49,11338,208.345735,280
Custom,49,11411,56.476513,73
Custom,49,11497,65.816909,86
Custom,49,11559,36.329548,62
Custom,49,11654,60.071949,95
Custom,49,11756,59.101883,102
Custom,49,11768,6.982454,12
Custom,49,11859,64.456413,91
Custom,49,11963,69.390396,104
Custom,49,11971,4.530762,8
Custom,49,12059,60.885625,88
Custom,49,12122,49.895343,63
Custom,49,12133,6.640939,11
Custom,49,12161,21.012518,28
Custom,49,12280,85.403585,119
Custom,49,12335,35.477154,55
Custom,49,12399,42.479114,64
Custom,49,12412,6.884005,13
Custom,49,12462,27.912164,50
Custom,49,12544,55.005249,82
Custom,49,12643,73.184951,99
Custom,49,12713,45.560933,70
Custom,49,12799,55.585381,86
Custom,49,12897,67.108081,98
Custom,49,13009,80.966606,112
Custom,49,13078,48.934993,69
Custom,49,13202,87.742207,124
Custom,49,13252,38.806566,50
Custom,49,13322,48.019634,70
Custom,49,13394,42.689612,72
Custom,49,13454,45.277147,60
Custom,49,13504,39.027857,50
Custom,49,13586,54.499957,82
Custom,49,13685,70.829679,99
Custom,49,13757,46.868767,72
Custom,49,13877,85.651122,120
Custom,49,13931,30.906918,54
Custom,49,13992,49.437279,61
Custom,49,14071,58.993651,79
Custom,49,14082,5.583881,11
Custom,49,14205,94.884714,123
Custom,49,14429,180.40033,224
Custom,49,14514,57.340794,85
Custom,49,14675,123.377664,161
Custom,49,14807,97.02591,132
Custom,49,14885,56.320151,78
Custom,49,14999,86.790667,114
Custom,49,15095,64.61435,96
Custom,49,15150,39.511205,55
Custom,49,15187,23.591234,37
Custom,49,15275,68.75415,88
Custom,49,15390,87.219072,115
Custom,49,15485,72.597391,95
Custom,49,15587,76.80643,102
Custom,49,15627,31.330375,40
Custom,49,15740,78.406525,113
Custom,49,15835,56.069243,95
Custom,49,15910,57.778113,75
Custom,49,16026,91.061734,116
Custom,49,16206,144.72116,180
Custom,49,16524,234.68205,318
Custom,49,16654,100.409803,130
Custom,49,16749,67.223914,95
Custom,49,16912,124.046503,163
Custom,49,17037,95.012936,125
Custom,49,17151,80.933654,114
Custom,49,17295,104.243583,144
Custom,49,17382,67.746337,87
Custom,49,17597,165.873969,215
Custom,49,17733,104.729444,136
Custom,49,17924,140.662965,191
Custom,49,17991,37.166454,67
Custom,49,18083,69.346033,92
Custom,49,18266,131.935228,183
Custom,49,18293,18.32424,27
Custom,49,18487,153.648387,194
Custom,49,19046,426.839854,559
Custom,49,19215,132.939252,169
Custom,49,19552,263.834945,337
Custom,49,19659,80.637679,107
Custom,49,19831,132.980451,172
Custom,49,20275,340.709406,444
Custom,49,21163,697.160803,888
Custom,49,22163,789.28752,1000
Custom,49,23163,800.494273,1000
Custom,49,24163,802.279285,1000
Custom,49,25163,843.88287,1000
Custom,49,26163,861.671334,1000
Custom,49,27163,857.190076,1000
Custom,49,28163,870.18121,1000
Custom,49,29163,892.726078,1000
Custom,49,30163,888.323904,1000
Custom,49,31163,887.436514,1000
Custom,49,32163,903.747241,1000
Custom,49,33163,907.850796,1000
Custom,49,34163,918.231815,1000
Custom,49,35163,921.743395,1000
Custom,49,36163,922.098708,1000
Custom,49,37163,925.46638,1000
Custom,49,38163,942.08129,1000
Custom,49,39163,943.105618,1000
Custom,49,40163,949.978142,1000
Custom,49,41163,950.548821,1000
Custom,49,42163,954.001359,1000
Custom,49,43163,950.075319,1000
Custom,49,44163,960.589391,1000
Custom,49,45163,964.103384,1000
Custom,49,46163,967.737032,1000
Custom,49,47163,968.2724,1000
Custom,49,48163,966.199961,1000
Custom,49,48656,472.842866,493
Custom,49,49656,970.785532,1000
Custom,49,50656,970.480117,1000
Custom,49,51656,968.289957,1000
Custom,49,52656,975.402123,1000
Custom,49,53656,975.383023,1000
Custom,49,54656,979.218662,1000
Custom,49,54836,172.495938,180
Custom,49,55836,978.254235,1000
Custom,49,56836,980.453039,1000
Custom,49,57836,978.610529,1000
Custom,49,58836,982.387776,1000
Custom,49,59836,983.346347,1000
Custom,49,60836,984.532091,1000
Custom,49,61836,985.842406,1000
Custom,49,62836,987.166034,1000
Custom,49,63836,987.334478,1000
Custom,49,64836,987.881154,1000
Custom,49,65836,988.485072,1000
Custom,49,66836,989.37909,1000
Custom,49,67836,990.590796,1000
Custom,49,68836,991.696702,1000
Custom,49,69836,991.087216,1000
Custom,49,70836,992.483177,1000
Custom,49,71836,992.557946,1000
Custom,49,72836,993.294921,1000
Custom,49,73836,993.015532,1000
Custom,49,74836,994.373355,1000
Custom,49,75836,994.462819,1000
Custom,49,76836,994.721113,1000
Custom,49,77836,994.766005,1000
Custom,49,78836,995.248717,1000
Custom,49,79836,995.223348,1000
Custom,49,80836,995.96735,1000
Custom,49,81836,996.082248,1000
Custom,49,82836,996.087499,1000
Custom,49,83836,996.36744,1000
Custom,49,84836,996.901114,1000
Custom,49,85836,996.816711,1000
Custom,49,86836,997.158542,1000
Custom,49,87836,996.98943,1000
Custom,49,88836,997.453614,1000
Custom,49,89836,997.164,1000
Custom,49,90836,997.668333,1000
Custom,49,91836,997.741721,1000
Custom,49,92836,997.939301,1000
Custom,49,93836,998.031272,1000
Custom,49,94836,998.129628,1000
Custom,49,95836,998.316522,1000
Custom,49,96836,998.313155,1000
Custom,49,97836,998.529678,1000
Custom,49,98836,998.461359,1000
Custom,49,99836,998.67361,1000
Custom,50,12,4.136234,12
Custom,50,32,11.545679,20
Custom,50,43,6.035834,11
Custom,50,47,-5.243427,4
Custom,50,54,2.538603,7
Custom,50,59,-6.467587,5
Custom,50,65,1.890802,6
Custom,50,73,-0.012577,8
Custom,50,93,10.252428,20
Custom,50,100,2.112504,7
Custom,50,110,5.469314,10
Custom,50,123,8.942683,13
Custom,50,133,4.413547,10
Custom,50,138,-0.926838,5
Custom,50,142,-2.12271,4
Custom,50,148,-3.328166,6
Custom,50,155,3.180771,7
Custom,50,162,1.106584,7
Custom,50,169,-2.395456,7
Custom,50,181,2.748777,12
Custom,50,197,3.884392,16
Custom,50,202,-0.120803,5
Custom,50,206,-3.73089,4
Custom,50,214,0.0906,8
Custom,50,223,5.746464,9
Custom,50,233,3.341452,10
Custom,50,237,-7.19018,4
Custom,50,244,2.206323,7
Custom,50,250,-0.34548,6
Custom,50,262,5.039781,12
Custom,50,281,11.682463,19
Custom,50,292,-4.462029,11
Custom,50,296,-2.685463,4
Custom,50,300,-2.356417,4
Custom,50,311,0.507808,11
Custom,50,316,-5.028169,5
Custom,50,329,-1.554814,13
Custom,50,332,-4.911241,3
Custom,50,338,0.745205,6
Custom,50,343,-2.462299,5
Custom,50,358,8.385679,15
Custom,50,368,6.08404,10
Custom,50,373,-2.64236,5
Custom,50,394,8.426401,21
Custom,50,399,-4.380075,5
Custom,50,414,-0.18041,15
Custom,50,418,-3.181547,4
Custom,50,434,1.884096,16
Custom,50,438,-1.967584,4
Custom,50,449,4.885967,11
Custom,50,458,5.342842,9
Custom,50,466,3.301872,8
Custom,50,470,-1.491454,4
Custom,50,476,-0.430409,6
Custom,50,487,-4.075571,11
Custom,50,495,4.561152,8
Custom,50,499,-2.176654,4
Custom,50,509,3.648738,10
Custom,50,518,4.411965,9
Custom,50,527,-4.484871,9
Custom,50,532,0.048484,5
Custom,50,547,5.88316,15
Custom,50,554,1.913107,7
Custom,50,559,-10.086286,5
Custom,50,568,5.647365,9
Custom,50,581,1.11977,13
Custom,50,591,4.770338,10
Custom,50,597,-3.808916,6
Custom,50,610,-1.806477,13
Custom,50,616,0.180213,6
Custom,50,624,3.951986,8
Custom,50,632,-0.840695,8
Custom,50,645,0.170094,13
Custom,50,651,-0.496236,6
Custom,50,657,2.274909,6
Custom,50,666,-0.73265,9
Custom,50,673,-4.847766,7
Custom,50,685,-1.709665,12
Custom,50,694,1.739791,9
Custom,50,700,0.925583,6
Custom,50,704,-9.124612,4
Custom,50,708,-4.9184,4
Custom,50,716,4.465838,8
Custom,50,729,4.308997,13
Custom,50,735,0.305974,6
Custom,50,741,2.093126,6
Custom,50,753,4.346969,12
Custom,50,763,4.999131,10
Custom,50,768,-0.251526,5
Custom,50,776,3.573715,8
Custom,50,780,-1.35779,4
Custom,50,787,0.721002,7
Custom,50,804,13.823333,17
Custom,50,812,4.795492,8
Custom,50,820,1.163543,8
Custom,50,824,-4.073029,4
Custom,50,832,-1.160855,8
Custom,50,845,7.725155,13
Custom,50,850,-1.751098,5
Custom,50,855,-0.427109,5
Custom,50,872,3.410516,17
Custom,50,885,7.828145,13
Custom,50,890,-1.636958,5
Custom,50,902,5.908477,12
Custom,50,908,-0.101278,6
Custom,50,918,1.686382,10
Custom,50,924,-2.165696,6
Custom,50,928,-6.669448,4
Custom,50,934,2.656239,6
Custom,50,939,0.256438,5
Custom,50,958,12.878758,19
Custom,50,974,10.333876,16
Custom,50,981,2.942138,7
Custom,50,987,-5.864756,6
Custom,50,990,-10.035714,3
Custom,50,1000,-1.262283,10
Custom,50,1007,2.27762,7
Custom,50,1014,-2.090808,7
Custom,50,1019,-5.340384,5
Custom,50,1026,2.015812,7
Custom,50,1030,-3.54987,4
Custom,50,1036,1.42205,6
Custom,50,1041,-1.949282,5
Custom,50,1049,3.470624,8
Custom,50,1064,5.90281,15
Custom,50,1069,-6.162826,5
Custom,50,1073,-3.033024,4
Custom,50,1086,5.167265,13
Custom,50,1096,4.221926,10
Custom,50,1112,10.920264,16
Custom,50,1118,1.003843,6
Custom,50,1137,10.170479,19
Custom,50,1149,5.291187,12
Custom,50,1153,-5.12301,4
Custom,50,1164,4.791419,11
Custom,50,1171,0.594055,7
Custom,50,1179,0.070282,8
Custom,50,1185,1.310475,6
Custom,50,1191,-7.932016,6
Custom,50,1203,3.916476,12
Custom,50,1212,5.279176,9
Custom,50,1216,-6.664631,4
Custom,50,1225,6.033954,9
Custom,50,1230,-3.02329,5
Custom,50,1236,2.080461,6
Custom,50,1254,10.121646,18
Custom,50,1274,14.159203,20
Custom,50,1278,-1.233156,4
Custom,50,1289,4.082926,11
Custom,50,1293,-2.966048,4
Custom,50,1303,5.041861,10
Custom,50,1311,2.621082,8
Custom,50,1322,5.574124,11
Custom,50,1340,6.81246,18
Custom,50,1344,-7.893821,4
Custom,50,1357,8.369126,13
Custom,50,1361,-4.068865,4
Custom,50,1366,-1.686584,5
Custom,50,1372,1.82017,6
Custom,50,1378,2.343865,6
Custom,50,1382,-8.40426,4
Custom,50,1393,5.595384,11
Custom,50,1408,7.795721,15
Custom,50,1412,-3.4177,4
Custom,50,1417,0.678199,5
Custom,50,1422,-0.805762,5
Custom,50,1432,-9.988858,10
Custom,50,1443,6.676702,11
Custom,50,1459,7.487791,16
Custom,50,1464,-0.364206,5
Custom,50,1471,1.210213,7
Custom,50,1482,6.440389,11
Custom,50,1493,6.578339,11
Custom,50,1498,-3.255296,5
Custom,50,1503,-2.143739,5
Custom,50,1516,3.84575,13
Custom,50,1522,1.769869,6
Custom,50,1535,1.991434,13
Custom,50,1554,8.44397,19
Custom,50,1576,8.272174,22
Custom,50,1584,0.835329,8
Custom,50,1591,3.55647,7
Custom,50,1597,-1.005478,6
Custom,50,1603,-2.015082,6
Custom,50,1616,7.465676,13
Custom,50,1637,10.055014,21
Custom,50,1646,1.289545,9
Custom,50,1661,2.964282,15
Custom,50,1677,9.478343,16
Custom,50,1682,1.309308,5
Custom,50,1692,4.594107,10
Custom,50,1700,4.990277,8
Custom,50,1709,0.384461,9
Custom,50,1716,-3.556006,7
Custom,50,1725,6.227275,9
Custom,50,1731,2.248098,6
Custom,50,1743,9.588783,12
Custom,50,1749,-0.453431,6
Custom,50,1755,0.376942,6
Custom,50,1769,4.849632,14
Custom,50,1775,1.642708,6
Custom,50,1784,2.017815,9
Custom,50,1790,-2.253281,6
Custom,50,1798,3.134281,8
Custom,50,1812,2.487526,14
Custom,50,1820,-1.525911,8
Custom,50,1828,2.95818,8
Custom,50,1838,-5.449229,10
Custom,50,1850,2.307638,12
Custom,50,1856,1.464692,6
Custom,50,1862,0.415005,6
Custom,50,1872,0.257969,10
Custom,50,1879,-0.098226,7
Custom,50,1883,-4.985092,4
Custom,50,1904,16.716326,21
Custom,50,1915,5.444053,11
Custom,50,1921,0.061078,6
Custom,50,1932,6.465378,11
Custom,50,1939,-1.541812,7
Custom,50,1943,-1.871618,4
Custom,50,1951,3.305749,8
Custom,50,1961,-3.483995,10
Custom,50,1967,-2.996302,6
Custom,50,1977,2.146793,10
Custom,50,1983,-1.494094,6
Custom,50,1988,-0.245622,5
Custom,50,2000,4.32234,12
Custom,50,2005,-5.456241,5
Custom,50,2015,4.860219,10
Custom,50,2034,12.092735,19
Custom,50,2043,1.86629,9
Custom,50,2057,0.811375,14
Custom,50,2067,5.10821,10
Custom,50,2086,12.323717,19
Custom,50,2113,21.141736,27
Custom,50,2123,0.583592,10
Custom,50,2132,5.1023,9
Custom,50,2165,21.595496,33
Custom,50,2174,1.478728,9
Custom,50,2194,9.086991,20
Custom,50,2201,4.033251,7
Custom,50,2209,1.676253,8
Custom,50,2219,3.600674,10
Custom,50,2224,-0.057188,5
Custom,50,2239,9.144949,15
Custom,50,2250,7.682583,11
Custom,50,2259,5.975391,9
Custom,50,2264,-0.264582,5
Custom,50,2276,5.558989,12
Custom,50,2282,1.151868,6
Custom,50,2309,10.562117,27
Custom,50,2350,26.291578,41
Custom,50,2367,13.786083,17
Custom,50,2385,11.313843,18
Custom,50,2413,19.696853,28
Custom,50,2418,0.955885,5
Custom,50,2424,2.093968,6
Custom,50,2436,5.8011,12
Custom,50,2451,6.419717,15
Custom,50,2462,4.399636,11
Custom,50,2484,15.056162,22
Custom,50,2511,14.955152,27
Custom,50,2523,5.916724,12
Custom,50,2541,9.560937,18
Custom,50,2546,-0.121674,5
Custom,50,2572,17.324375,26
Custom,50,2586,4.079752,14
Custom,50,2600,3.582069,14
Custom,50,2609,5.943823,9
Custom,50,2625,10.508028,16
Custom,50,2649,3.718054,24
Custom,50,2662,-1.165876,13
Custom,50,2673,6.310055,11
Custom,50,2678,0.677932,5
Custom,50,2685,3.922143,7
Custom,50,2691,2.216311,6
Custom,50,2703,8.294011,12
Custom,50,2713,6.475174,10
Custom,50,2741,19.901803,28
Custom,50,2778,29.699873,37
Custom,50,2787,2.626411,9
Custom,50,2802,6.304389,15
Custom,50,2809,0.566156,7
Custom,50,2819,4.470864,10
Custom,50,2824,-10.980393,5
Custom,50,2833,5.126047,9
Custom,50,2837,-7.02213,4
Custom,50,2845,4.616182,8
Custom,50,2862,11.261003,17
Custom,50,2883,14.778568,21
Custom,50,2890,0.546523,7
Custom,50,2899,3.779532,9
Custom,50,2919,14.121952,20
Custom,50,2923,-1.551901,4
Custom,50,2927,-3.221777,4
Custom,50,2938,6.573088,11
Custom,50,2946,4.489794,8
Custom,50,2955,5.276087,9
Custom,50,2961,0.824343,6
Custom,50,2968,3.987489,7
Custom,50,2981,7.470944,13
Custom,50,2986,-0.050816,5
Custom,50,2993,2.710654,7
Custom,50,3000,2.289055,7
Custom,50,3004,-6.567546,4
Custom,50,3009,-0.235794,5
Custom,50,3016,-2.796062,7
Custom,50,3026,5.450859,10
Custom,50,3035,-0.626502,9
Custom,50,3043,3.059426,8
Custom,50,3049,1.317557,6
Custom,50,3064,11.045371,15
Custom,50,3073,3.071098,9
Custom,50,3078,0.439756,5
Custom,50,3086,3.644945,8
Custom,50,3100,10.860258,14
Custom,50,3112,7.716619,12
Custom,50,3119,-1.815111,7
Custom,50,3128,2.913287,9
Custom,50,3134,-0.001224,6
Custom,50,3141,-1.62336,7
Custom,50,3154,8.382326,13
Custom,50,3167,7.508328,13
Custom,50,3176,4.895935,9
Custom,50,3198,14.609608,22
Custom,50,3207,5.247419,9
Custom,50,3216,5.307423,9
Custom,50,3226,7.495999,10
Custom,50,3245,9.927236,19
Custom,50,3265,12.326191,20
Custom,50,3286,13.975063,21
Custom,50,3312,18.447982,26
Custom,50,3328,10.161925,16
Custom,50,3340,5.389163,12
Custom,50,3347,2.96009,7
Custom,50,3354,3.180961,7
Custom,50,3380,15.52638,26
Custom,50,3385,-0.339773,5
Custom,50,3391,0.372801,6
Custom,50,3425,22.700644,34
Custom,50,3442,9.295027,17
Custom,50,3449,-7.838728,7
Custom,50,3465,13.068284,16
Custom,50,3478,7.711894,13
Custom,50,3504,7.685355,26
Custom,50,3526,8.694766,22
Custom,50,3534,2.286942,8
Custom,50,3544,5.71747,10
Custom,50,3549,-0.147741,5
Custom,50,3558,3.524186,9
Custom,50,3580,17.035331,22
Custom,50,3598,13.93304,18
Custom,50,3610,8.878218,12
Custom,50,3629,6.823157,19
Custom,50,3646,-1.427329,17
Custom,50,3655,6.944615,9
Custom,50,3664,6.39515,9
Custom,50,3672,1.268721,8
Custom,50,3685,4.154471,13
Custom,50,3693,3.322978,8
Custom,50,3712,14.711519,19
Custom,50,3721,5.90697,9
Custom,50,3750,18.163335,29
Custom,50,3776,17.86164,26
Custom,50,3802,11.345559,26
Custom,50,3819,9.317452,17
Custom,50,3841,15.086907,22
Custom,50,3861,14.559403,20
Custom,50,3868,3.656292,7
Custom,50,3883,11.833928,15
Custom,50,3891,4.449225,8
Custom,50,3907,6.975801,16
Custom,50,3915,3.659492,8
Custom,50,3931,7.567944,16
Custom,50,3962,19.953802,31
Custom,50,3978,8.850957,16
Custom,50,3998,14.154687,20
Custom,50,4004,1.833453,6
Custom,50,4022,11.060836,18
Custom,50,4026,-1.975385,4
Custom,50,4033,-1.126246,7
Custom,50,4042,4.851384,9
Custom,50,4046,-1.944557,4
Custom,50,4052,-4.218015,6
Custom,50,4074,16.959952,22
Custom,50,4087,8.093403,13
Custom,50,4098,4.380273,11
Custom,50,4103,0.280194,5
Custom,50,4110,-0.066034,7
Custom,50,4119,5.736862,9
Custom,50,4127,3.34673,8
Custom,50,4133,0.838959,6
Custom,50,4137,-1.838672,4
Custom,50,4147,2.292104,10
Custom,50,4169,13.252343,22
Custom,50,4177,2.845708,8
Custom,50,4186,5.540539,9
Custom,50,4195,3.767747,9
Custom,50,4223,19.136195,28
Custom,50,4227,-2.066173,4
Custom,50,4231,-3.264791,4
Custom,50,4245,10.895104,14
Custom,50,4250,1.141625,5
Custom,50,4260,4.090977,10
Custom,50,4266,2.465456,6
Custom,50,4275,5.900708,9
Custom,50,4281,1.284431,6
Custom,50,4300,10.509088,19
Custom,50,4319,14.699378,19
Custom,50,4343,14.810111,24
Custom,50,4353,-0.034344,10
Custom,50,4371,12.840788,18
Custom,50,4381,4.459972,10
Custom,50,4440,40.325295,59
Custom,50,4451,7.023382,11
Custom,50,4477,18.274314,26
Custom,50,4509,25.963888,32
Custom,50,4522,8.824392,13
Custom,50,4559,23.297407,37
Custom,50,4565,2.147914,6
Custom,50,4593,21.504439,28
Custom,50,4606,6.634927,13
Custom,50,4639,20.159251,33
Custom,50,4658,10.165003,19
Custom,50,4664,0.495819,6
Custom,50,4675,7.646409,11
Custom,50,4681,1.612939,6
Custom,50,4689,4.29992,8
Custom,50,4697,3.263586,8
Custom,50,4744,33.62099,47
Custom,50,4760,9.800961,16
Custom,50,4806,25.912447,46
Custom,50,4817,5.078509,11
Custom,50,4833,10.950424,16
Custom,50,4841,5.578494,8
Custom,50,4862,5.354118,21
Custom,50,4875,7.625961,13
Custom,50,4881,1.821852,6
Custom,50,4897,4.102026,16
Custom,50,4905,5.122179,8
Custom,50,4929,16.38382,24
Custom,50,4940,7.161001,11
Custom,50,4955,10.769334,15
Custom,50,4960,0.86907,5
Custom,50,4970,-0.107942,10
Custom,50,5005,25.093192,35
Custom,50,5014,3.009327,9
Custom,50,5019,1.000784,5
Custom,50,5030,8.818298,11
Custom,50,5038,5.227704,8
Custom,50,5060,14.872804,22
Custom,50,5074,9.496699,14
Custom,50,5111,26.13075,37
Custom,50,5116,0.093199,5
Custom,50,5146,21.850012,30
Custom,50,5154,-1.022399,8
Custom,50,5184,20.413014,30
Custom,50,5191,2.357407,7
Custom,50,5220,19.925995,29
Custom,50,5224,-3.960194,4
Custom,50,5231,0.307256,7
Custom,50,5244,8.042448,13
Custom,50,5258,6.463393,14
Custom,50,5267,2.349957,9
Custom,50,5303,27.197916,36
Custom,50,5309,2.532668,6
Custom,50,5319,6.457684,10
Custom,50,5341,16.351449,22
Custom,50,5359,11.507868,18
Custom,50,5364,-5.252514,5
Custom,50,5376,8.792914,12
Custom,50,5385,1.769285,9
Custom,50,5395,6.09587,10
Custom,50,5404,-1.583918,9
Custom,50,5415,6.547799,11
Custom,50,5420,1.168564,5
Custom,50,5442,12.122362,22
Custom,50,5464,15.820479,22
Custom,50,5470,2.323739,6
Custom,50,5493,16.71528,23
Custom,50,5497,-3.664447,4
Custom,50,5510,7.159359,13
Custom,50,5514,-1.319501,4
Custom,50,5533,11.921176,19
Custom,50,5547,9.288661,14
Custom,50,5559,5.736584,12
Custom,50,5593,17.819175,34
Custom,50,5600,3.825523,7
Custom,50,5607,3.597073,7
Custom,50,5615,0.371076,8
Custom,50,5620,-3.464046,5
Custom,50,5626,1.871736,6
Custom,50,5641,11.040125,15
Custom,50,5657,8.303533,16
Custom,50,5668,7.416532,11
Custom,50,5677,4.317625,9
Custom,50,5685,4.133051,8
Custom,50,5694,5.316562,9
Custom,50,5713,9.96063,19
Custom,50,5737,15.051958,24
Custom,50,5772,26.211561,35
Custom,50,5782,7.015621,10
Custom,50,5786,-1.37852,4
Custom,50,5795,5.458799,9
Custom,50,5808,9.247451,13
Custom,50,5818,5.962101,10
Custom,50,5822,-4.692713,4
Custom,50,5839,11.032169,17
Custom,50,5850,6.955369,11
Custom,50,5868,6.621599,18
Custom,50,5876,3.865718,8
Custom,50,5884,0.414523,8
Custom,50,5894,2.471588,10
Custom,50,5908,10.783423,14
Custom,50,5921,7.914822,13
Custom,50,5928,2.631903,7
Custom,50,5937,5.263467,9
Custom,50,5946,5.042369,9
Custom,50,5959,9.827121,13
Custom,50,5966,3.851601,7
Custom,50,5971,-0.643703,5
Custom,50,5982,8.194323,11
Custom,50,5996,8.782249,14
Custom,50,6003,1.840675,7
Custom,50,6014,6.26579,11
Custom,50,6019,1.037787,5
Custom,50,6050,23.123857,31
Custom,50,6057,1.093939,7
Custom,50,6062,-0.276989,5
Custom,50,6109,35.569001,47
Custom,50,6121,7.146812,12
Custom,50,6137,12.136195,16
Custom,50,6228,68.136202,91
Custom,50,6239,7.546198,11
Custom,50,6252,4.447498,13
Custom,50,6276,17.178766,24
Custom,50,6283,3.556301,7
Custom,50,6319,22.444493,36
Custom,50,6348,18.599853,29
Custom,50,6388,30.572294,40
Custom,50,6418,16.422131,30
Custom,50,6464,33.659972,46
Custom,50,6472,4.089521,8
Custom,50,6487,9.569496,15
Custom,50,6494,3.726878,7
Custom,50,6533,25.608556,39
Custom,50,6546,10.024838,13
Custom,50,6554,1.756118,8
Custom,50,6609,34.785571,55
Custom,50,6615,2.422797,6
Custom,50,6625,7.035214,10
Custom,50,6646,16.936425,21
Custom,50,6664,14.258074,18
Custom,50,6737,56.383955,73
Custom,50,6747,6.775868,10
Custom,50,6758,6.53645,11
Custom,50,6794,26.748645,36
Custom,50,6830,24.142801,36
Custom,50,6868,25.013907,38
Custom,50,6875,3.627418,7
Custom,50,6930,41.598753,55
Custom,50,6946,9.523227,16
Custom,50,6955,4.545668,9
Custom,50,6969,6.882889,14
Custom,50,6990,14.197848,21
Custom,50,7001,6.722517,11
Custom,50,7030,22.298717,29
Custom,50,7076,31.005965,46
Custom,50,7096,14.549325,20
Custom,50,7158,46.392019,62
Custom,50,7200,30.396071,42
Custom,50,7236,23.146634,36
Custom,50,7248,7.474027,12
Custom,50,7255,3.42291,7
Custom,50,7291,26.675395,36
Custom,50,7301,7.337756,10
Custom,50,7311,6.342285,10
Custom,50,7328,13.049027,17
Custom,50,7366,15.753291,38
Custom,50,7374,3.536585,8
Custom,50,7395,15.263137,21
Custom,50,7416,16.588627,21
Custom,50,7425,5.162007,9
Custom,50,7461,27.034441,36
Custom,50,7475,9.665501,14
Custom,50,7486,7.356162,11
Custom,50,7500,9.219675,14
Custom,50,7519,10.623191,19
Custom,50,7527,4.895606,8
Custom,50,7542,10.89379,15
Custom,50,7550,3.347191,8
Custom,50,7558,3.526575,8
Custom,50,7567,6.625212,9
Custom,50,7596,18.184725,29
Custom,50,7621,18.577476,25
Custom,50,7626,-2.882533,5
Custom,50,7635,4.027015,9
Custom,50,7688,35.052319,53
Custom,50,7713,15.275873,25
Custom,50,7754,29.372255,41
Custom,50,7771,6.756378,17
Custom,50,7778,3.77457,7
Custom,50,7825,28.069615,47
Custom,50,7870,31.715937,45
Custom,50,7904,18.495884,34
Custom,50,7915,7.407693,11
Custom,50,7929,7.551664,14
Custom,50,7983,33.977912,54
Custom,50,8002,13.422722,19
Custom,50,8012,6.767066,10
Custom,50,8032,13.35276,20
Custom,50,8055,15.162429,23
Custom,50,8094,12.918826,39
Custom,50,8108,8.59456,14
Custom,50,8115,0.642578,7
Custom,50,8125,4.471829,10
Custom,50,8154,22.462109,29
Custom,50,8160,1.284413,6
Custom,50,8169,5.925966,9
Custom,50,8211,18.678738,42
Custom,50,8225,5.543795,14
Custom,50,8249,7.133011,24
Custom,50,8273,17.691181,24
Custom,50,8280,2.511983,7
Custom,50,8307,20.880341,27
Custom,50,8327,9.201046,20
Custom,50,8362,25.209328,35
Custom,50,8410,20.258473,48
Custom,50,8420,6.946337,10
Custom,50,8464,34.268665,44
Custom,50,8523,34.707193,59
Custom,50,8550,20.711066,27
Custom,50,8585,27.720212,35
Custom,50,8593,0.463636,8
Custom,50,8629,25.473199,36
Custom,50,8660,21.624024,31
Custom,50,8697,27.036542,37
Custom,50,8723,11.649487,26
Custom,50,8814,60.615394,91
Custom,50,8870,40.621751,56
Custom,50,8883,9.232011,13
Custom,50,8893,4.882592,10
Custom,50,8944,29.981643,51
Custom,50,9044,75.605219,100
Custom,50,9079,18.236663,35
Custom,50,9131,23.486254,52
Custom,50,9166,21.44465,35
Custom,50,9206,25.47314,40
Custom,50,9222,10.708555,16
Custom,50,9246,16.447358,24
Custom,50,9253,2.40718,7
Custom,50,9308,36.594152,55
Custom,50,9378,53.80461,70
Custom,50,9421,26.264164,43
Custom,50,9448,17.458976,27
Custom,50,9460,6.822727,12
Custom,50,9530,52.590341,70
Custom,50,9579,31.393336,49
Custom,50,9593,9.970983,14
Custom,50,9608,9.321369,15
Custom,50,9669,38.725275,61
Custom,50,9673,-1.182077,4
Custom,50,9733,45.963274,60
Custom,50,9796,43.617923,63
Custom,50,9810,10.007131,14
Custom,50,9818,4.880143,8
Custom,50,9831,10.123435,13
Custom,50,9852,13.082003,21
Custom,50,9888,28.234062,36
Custom,50,9963,52.879122,75
Custom,50,9984,16.313297,21
Custom,50,10031,35.3578,47
Custom,50,10047,12.826141,16
Custom,50,10117,51.482409,70
Custom,50,10153,29.013631,36
Custom,50,10201,37.093621,48
Custom,50,10241,30.277343,40
Custom,50,10289,24.796962,48
Custom,50,10357,42.357175,68
Custom,50,10436,56.10658,79
Custom,50,10490,33.80839,54
Custom,50,10516,17.790832,26
Custom,50,10604,64.514216,88
Custom,50,10652,27.381488,48
Custom,50,10705,34.737321,53
Custom,50,10735,16.089354,30
Custom,50,10748,8.481005,13
Custom,50,10836,63.148523,88
Custom,50,10884,34.716962,48
Custom,50,10960,49.30922,76
Custom,50,11030,44.872723,70
Custom,50,11056,19.36713,26
Custom,50,11117,47.697285,61
Custom,50,11124,2.058365,7
Custom,50,11230,82.637318,106
Custom,50,11323,60.912418,93
Custom,50,11380,39.320526,57
Custom,50,11447,53.735363,67
Custom,50,11510,39.30793,63
Custom,50,11572,42.902513,62
Custom,50,11614,30.502771,42
Custom,50,11659,34.696032,45
Custom,50,11718,43.389097,59
Custom,50,11747,23.927816,29
Custom,50,11770,9.97307,23
Custom,50,11812,29.489058,42
Custom,50,11852,25.927216,40
Custom,50,11860,1.818524,8
Custom,50,11919,31.924097,59
Custom,50,11987,41.703667,68
Custom,50,12013,11.906889,26
Custom,50,12092,62.162846,79
Custom,50,12119,14.772885,27
Custom,50,12159,26.382567,40
Custom,50,12166,3.222431,7
Custom,50,12224,38.905325,58
Custom,50,12279,33.172793,55
Custom,50,12293,10.22443,14
Custom,50,12367,54.73526,74
Custom,50,12426,42.699973,59
Custom,50,12528,73.611535,102
Custom,50,12559,22.059849,31
Custom,50,12641,57.809889,82
Custom,50,12699,34.950776,58
Custom,50,12810,85.46541,111
Custom,50,12844,22.7878,34
Custom,50,12898,31.069857,54
Custom,50,12944,34.83445,46
Custom,50,13057,84.682321,113
Custom,50,13140,63.946795,83
Custom,50,13238,75.555019,98
Custom,50,13291,37.477011,53
Custom,50,13347,43.005752,56
Custom,50,13413,41.89834,66
Custom,50,13455,25.088648,42
Custom,50,13471,10.812824,16
Custom,50,13523,40.553529,52
Custom,50,13631,78.785832,108
Custom,50,13692,46.411013,61
Custom,50,13759,31.081582,67
Custom,50,13876,87.58186,117
Custom,50,13963,63.804782,87
Custom,50,14038,48.073727,75
Custom,50,14102,34.572218,64
Custom,50,14235,105.445155,133
Custom,50,14254,14.007403,19
Custom,50,14304,30.618132,50
Custom,50,14381,38.493527,77
Custom,50,14466,55.57075,85
Custom,50,14509,19.258454,43
Custom,50,14779,209.059902,270
Custom,50,14868,63.704505,89
Custom,50,14934,41.966452,66
Custom,50,15008,55.767281,74
Custom,50,15198,145.402618,190
Custom,50,15242,32.74595,44
Custom,50,15344,68.474718,102
Custom,50,15393,37.759578,49
Custom,50,15455,46.923614,62
Custom,50,15522,55.126615,67
Custom,50,15591,51.952302,69
Custom,50,15658,50.107039,67
Custom,50,15734,57.957984,76
Custom,50,15829,51.850494,95
Custom,50,15915,59.25113,86
Custom,50,15957,21.681137,42
Custom,50,16131,130.139554,174
Custom,50,16178,28.402074,47
Custom,50,16265,50.764377,87
Custom,50,16337,42.252526,72
Custom,50,16455,90.616782,118
Custom,50,16510,44.275054,55
Custom,50,16674,124.527629,164
Custom,50,16739,46.321964,65
Custom,50,16791,30.718487,52
Custom,50,16869,60.946125,78
Custom,50,16958,67.205453,89
Custom,50,17069,81.651808,111
Custom,50,17164,68.388914,95
Custom,50,17233,44.335931,69
Custom,50,17494,208.05873,261
Custom,50,17587,72.420611,93
Custom,50,17733,107.343273,146
Custom,50,17840,74.456704,107
Custom,50,17890,31.955304,50
Custom,50,17965,62.900134,75
Custom,50,18054,66.309435,89
Custom,50,18136,59.260393,82
Custom,50,18216,57.580397,80
Custom,50,18285,46.356499,69
Custom,50,18541,198.344276,256
Custom,50,18638,75.289795,97
Custom,50,18767,100.229764,129
Custom,50,18892,91.12798,125
Custom,50,18959,41.799547,67
Custom,50,19064,78.906008,105
Custom,50,19274,165.913036,210
Custom,50,19400,96.589834,126
Custom,50,19638,185.454683,238
Custom,50,19740,72.163973,102
Custom,50,19858,84.268846,118
Custom,50,19943,62.497111,85
Custom,50,20065,93.505316,122
Custom,50,20238,140.475775,173
Custom,50,20348,85.554914,110
Custom,50,20425,59.523186,77
Custom,50,20775,267.772326,350
Custom,50,20987,157.205008,212
Custom,50,21091,73.435601,104
Custom,50,21637,422.772072,546
Custom,50,21857,179.529746,220
Custom,50,22542,547.541301,685
Custom,50,23542,802.128499,1000
Custom,50,24542,788.451392,1000
Custom,50,25542,819.848821,1000
Custom,50,26542,806.860872,1000
Custom,50,27542,850.983746,1000
Custom,50,27982,377.026694,440
Custom,50,28982,848.558826,1000
Custom,50,29982,867.047736,1000
Custom,50,30982,879.618247,1000
Custom,50,31982,898.610091,1000
Custom,50,32982,896.322951,1000
Custom,50,33982,905.449787,1000
Custom,50,34982,902.870486,1000
Custom,50,35982,918.608245,1000
Custom,50,36982,923.886429,1000
Custom,50,37982,933.445217,1000
Custom,50,38982,935.487249,1000
Custom,50,39982,941.333118,1000
Custom,50,40982,946.402383,1000
Custom,50,41982,951.550146,1000
Custom,50,42982,948.942554,1000
Custom,50,43982,956.035476,1000
Custom,50,44982,957.312778,1000
Custom,50,45982,962.392162,1000
Custom,50,46982,960.511795,1000
Custom,50,47982,966.044238,1000
Custom,50,48982,968.257034,1000
Custom,50,49982,969.677513,1000
Custom,50,50982,972.325159,1000
Custom,50,51982,973.659053,1000
Custom,50,52982,975.328081,1000
Custom,50,53982,977.279831,1000
Custom,50,54982,978.932998,1000
Custom,50,55982,980.491596,1000
Custom,50,56982,980.775818,1000
Custom,50,57982,983.191324,1000
Custom,50,58982,982.506334,1000
Custom,50,59982,985.472541,1000
Custom,50,60982,987.22063,1000
Custom,50,61982,987.399408,1000
Custom,50,62982,988.362874,1000
Custom,50,63982,987.653901,1000
Custom,50,64982,989.17706,1000
Custom,50,65982,989.175085,1000
Custom,50,66982,990.944434,1000
Custom,50,67982,991.003449,1000
Custom,50,68982,991.683722,1000
Custom,50,69982,992.207811,1000
Custom,50,70982,992.617193,1000
Custom,50,71982,993.422619,1000
Custom,50,72982,993.366521,1000
Custom,50,73982,993.674299,1000
Custom,50,74982,994.32417,1000
Custom,50,75982,994.386653,1000
Custom,50,76982,994.902095,1000
Custom,50,77982,994.815845,1000
Custom,50,78982,995.861565,1000
Custom,50,79982,995.553665,1000
Custom,50,80982,995.871336,1000
Custom,50,81982,996.027857,1000
Custom,50,82982,995.947967,1000
Custom,50,83982,996.342523,1000
Custom,50,84982,996.709844,1000
Custom,50,85982,996.902763,1000
Custom,50,86982,997.269138,1000
Custom,50,87982,997.135897,1000
Custom,50,88982,997.421204,1000
Custom,50,89982,997.598145,1000
Custom,50,90982,997.771357,1000
Custom,50,91982,998.021392,1000
Custom,50,92982,997.864521,1000
Custom,50,93982,997.665772,1000
Custom,50,94982,997.622688,1000
Custom,50,95982,998.189318,1000
Custom,50,96982,998.106726,1000
Custom,50,97982,998.351569,1000
Custom,50,98982,998.347881,1000
Custom,50,99982,998.511933,1000
Custom,51,4,-3.396019,4
Custom,51,10,2.70699,6
Custom,51,21,2.431626,11
Custom,51,28,2.241351,7
Custom,51,33,-3.453916,5
Custom,51,39,-2.01289,6
Custom,51,43,-14.411439,4
Custom,51,48,-3.614866,5
Custom,51,52,-2.127045,4
Custom,51,57,0.868618,5
Custom,51,68,2.949921,11
Custom,51,81,6.009652,13
Custom,51,85,-3.106021,4
Custom,51,90,-2.589905,5
Custom,51,101,6.788132,11
Custom,51,106,-2.856562,5
Custom,51,121,9.328427,15
Custom,51,134,7.689389,13
Custom,51,139,-0.87959,5
Custom,51,146,0.915053,7
Custom,51,149,-6.004531,3
Custom,51,159,4.167092,10
Custom,51,168,-6.792172,9
Custom,51,176,-1.487141,8
Custom,51,182,0.742523,6
Custom,51,194,6.922511,12
Custom,51,211,3.122083,17
Custom,51,221,2.402125,10
Custom,51,227,-5.061233,6
Custom,51,235,2.04108,8
Custom,51,245,4.246214,10
Custom,51,250,-1.336735,5
Custom,51,261,5.324216,11
Custom,51,264,-5.932916,3
Custom,51,270,-1.370475,6
Custom,51,278,-0.024728,8
Custom,51,285,-4.648326,7
Custom,51,295,5.485969,10
Custom,51,302,2.431312,7
Custom,51,305,-5.145023,3
Custom,51,309,-3.063044,4
Custom,51,315,-2.294122,6
Custom,51,320,-3.731908,5
Custom,51,334,10.347424,14
Custom,51,344,-4.36292,10
Custom,51,350,-0.947233,6
Custom,51,372,14.097577,22
Custom,51,379,2.34111,7
Custom,51,387,-3.587908,8
Custom,51,409,14.502397,22
Custom,51,413,-1.57035,4
Custom,51,439,9.411461,26
Custom,51,454,9.742182,15
Custom,51,458,-13.438872,4
Custom,51,461,-5.724597,3
Custom,51,491,18.948222,30
Custom,51,502,5.068236,11
Custom,51,524,12.614109,22
Custom,51,540,11.070468,16
Custom,51,548,-3.720768,8
Custom,51,563,6.626325,15
Custom,51,566,-3.675815,3
Custom,51,571,-3.17182,5
Custom,51,578,0.223188,7
Custom,51,597,10.696889,19
Custom,51,606,6.004731,9
Custom,51,618,6.376682,12
Custom,51,625,-2.314787,7
Custom,51,631,-0.483178,6
Custom,51,644,0.116078,13
Custom,51,649,1.658767,5
Custom,51,659,0.4369,10
Custom,51,675,11.42598,16
Custom,51,680,-1.17975,5
Custom,51,684,-4.900402,4
Custom,51,701,10.262695,17
Custom,51,705,-4.098464,4
Custom,51,712,0.831547,7
Custom,51,717,-0.323292,5
Custom,51,725,2.653427,8
Custom,51,730,-4.546091,5
Custom,51,754,13.880802,24
Custom,51,765,2.646489,11
Custom,51,769,-6.362111,4
Custom,51,777,3.719996,8
Custom,51,785,-2.410795,8
Custom,51,797,6.939859,12
Custom,51,812,10.606325,15
Custom,51,822,-0.669793,10
Custom,51,833,5.917262,11
Custom,51,843,5.914477,10
Custom,51,850,-2.516015,7
Custom,51,861,1.936195,11
Custom,51,865,-7.491888,4
Custom,51,881,6.112682,16
Custom,51,889,2.604486,8
Custom,51,893,-10.59381,4
Custom,51,900,-4.693793,7
Custom,51,905,0.591917,5
Custom,51,911,0.691657,6
Custom,51,917,2.213272,6
Custom,51,923,-5.113142,6
Custom,51,934,2.18612,11
Custom,51,941,-2.31231,7
Custom,51,945,-4.239333,4
Custom,51,955,2.600612,10
Custom,51,965,3.536038,10
Custom,51,993,15.507697,28
Custom,51,1002,4.740423,9
Custom,51,1009,1.00343,7
Custom,51,1014,0.343882,5
Custom,51,1019,-0.171361,5
Custom,51,1028,4.055109,9
Custom,51,1033,-0.605522,5
Custom,51,1041,1.23393,8
Custom,51,1057,10.357335,16
Custom,51,1065,2.991009,8
Custom,51,1069,-2.437567,4
Custom,51,1073,-6.248209,4
Custom,51,1081,2.335219,8
Custom,51,1087,-4.215685,6
Custom,51,1098,6.016094,11
Custom,51,1121,16.876525,23
Custom,51,1127,1.402389,6
Custom,51,1138,5.320823,11
Custom,51,1146,2.349418,8
Custom,51,1154,-1.820397,8
Custom,51,1162,-2.404022,8
Custom,51,1168,-1.119924,6
Custom,51,1171,-5.520235,3
Custom,51,1180,-3.518904,9
Custom,51,1191,2.299615,11
Custom,51,1202,6.929675,11
Custom,51,1222,9.627919,20
Custom,51,1234,8.179405,12
Custom,51,1247,8.164146,13
Custom,51,1296,29.639223,49
Custom,51,1308,8.614111,12
Custom,51,1313,-5.55224,5
Custom,51,1321,4.260183,8
Custom,51,1326,-0.875199,5
Custom,51,1334,-3.903608,8
Custom,51,1350,0.703712,16
Custom,51,1359,-2.14921,9
Custom,51,1369,6.838118,10
Custom,51,1382,8.527535,13
Custom,51,1387,0.495755,5
Custom,51,1392,-5.367124,5
Custom,51,1397,-0.456619,5
Custom,51,1400,-9.308373,3
Custom,51,1406,1.675927,6
Custom,51,1412,1.898211,6
Custom,51,1417,-2.2185,5
Custom,51,1422,-0.571814,5
Custom,51,1427,-2.315557,5
Custom,51,1431,-1.871478,4
Custom,51,1436,0.638631,5
Custom,51,1458,10.620906,22
Custom,51,1472,8.548335,14
Custom,51,1477,-10.918802,5
Custom,51,1490,7.742422,13
Custom,51,1508,11.019621,18
Custom,51,1512,-7.167792,4
Custom,51,1520,3.524485,8
Custom,51,1531,7.448126,11
Custom,51,1539,4.862992,8
Custom,51,1543,-6.475002,4
Custom,51,1549,-4.76587,6
Custom,51,1558,3.601755,9
Custom,51,1567,4.986701,9
Custom,51,1576,4.314918,9
Custom,51,1586,5.528466,10
Custom,51,1590,-2.269539,4
Custom,51,1593,-4.745451,3
Custom,51,1597,-1.730155,4
Custom,51,1601,-5.926886,4
Custom,51,1612,7.445841,11
Custom,51,1618,-3.851177,6
Custom,51,1623,-3.346797,5
Custom,51,1635,2.202073,12
Custom,51,1641,-0.049906,6
Custom,51,1647,-0.242662,6
Custom,51,1654,3.211134,7
Custom,51,1659,-1.877368,5
Custom,51,1666,-0.473875,7
Custom,51,1674,3.122585,8
Custom,51,1678,-7.517821,4
Custom,51,1682,-6.701611,4
Custom,51,1687,-2.674698,5
Custom,51,1693,-2.138574,6
Custom,51,1698,-3.921052,5
Custom,51,1706,2.556524,8
Custom,51,1711,-2.450648,5
Custom,51,1718,-4.174986,7
Custom,51,1724,0.293838,6
Custom,51,1728,-3.178417,4
Custom,51,1739,7.681371,11
Custom,51,1752,8.197479,13
Custom,51,1756,-2.009064,4
Custom,51,1768,6.618806,12
Custom,51,1773,-5.289178,5
Custom,51,1786,-2.956448,13
Custom,51,1793,0.190845,7
Custom,51,1801,-1.005458,8
Custom,51,1806,-2.481573,5
Custom,51,1811,-5.767912,5
Custom,51,1816,-1.910359,5
Custom,51,1822,-2.852819,6
Custom,51,1828,1.92451,6
Custom,51,1833,-0.338772,5
Custom,51,1839,-1.371306,6
Custom,51,1845,-0.074015,6
Custom,51,1851,-8.375207,6
Custom,51,1857,0.526754,6
Custom,51,1861,-10.192005,4
Custom,51,1865,-3.272451,4
Custom,51,1878,5.488419,13
Custom,51,1885,2.754164,7
Custom,51,1890,-6.942511,5
Custom,51,1895,0.984767,5
Custom,51,1899,-4.249395,4
Custom,51,1908,1.406471,9
Custom,51,1922,4.715904,14
Custom,51,1929,-2.797171,7
Custom,51,1933,-7.082371,4
Custom,51,1938,-4.089216,5
Custom,51,1942,-11.468168,4
Custom,51,1948,0.754287,6
Custom,51,1954,-0.617531,6
Custom,51,1959,-0.814464,5
Custom,51,1964,-1.076652,5
Custom,51,1971,1.829574,7
Custom,51,1978,-2.998217,7
Custom,51,1986,0.355758,8
Custom,51,1999,1.962665,13
Custom,51,2003,-3.154689,4
Custom,51,2010,1.766411,7
Custom,51,2016,1.842185,6
Custom,51,2033,7.97885,17
Custom,51,2038,-5.043343,5
Custom,51,2043,-4.442556,5
Custom,51,2049,-0.814558,6
Custom,51,2060,5.656719,11
Custom,51,2075,6.389222,15
Custom,51,2081,2.985459,6
Custom,51,2086,-1.132746,5
Custom,51,2098,5.554836,12
Custom,51,2111,9.277107,13
Custom,51,2117,-0.521856,6
Custom,51,2137,10.739729,20
Custom,51,2141,-4.786782,4
Custom,51,2150,2.197341,9
Custom,51,2165,9.817823,15
Custom,51,2174,3.63169,9
Custom,51,2184,6.933359,10
Custom,51,2198,8.264775,14
Custom,51,2204,0.68868,6
Custom,51,2216,8.859085,12
Custom,51,2224,1.004585,8
Custom,51,2245,15.393668,21
Custom,51,2258,7.789802,13
Custom,51,2265,-0.656335,7
Custom,51,2300,19.241371,35
Custom,51,2310,4.70622,10
Custom,51,2322,3.704712,12
Custom,51,2354,18.084966,32
Custom,51,2378,8.603202,24
Custom,51,2383,0.509698,5
Custom,51,2395,3.898714,12
Custom,51,2400,-1.76693,5
Custom,51,2405,-2.063166,5
Custom,51,2425,9.781901,20
Custom,51,2437,3.424401,12
Custom,51,2455,13.503467,18
Custom,51,2460,0.253032,5
Custom,51,2475,9.256018,15
Custom,51,2492,14.405631,17
Custom,51,2497,-10.337344,5
Custom,51,2503,1.515274,6
Custom,51,2510,1.018035,7
Custom,51,2525,8.666251,15
Custom,51,2546,4.113757,21
Custom,51,2553,1.806831,7
Custom,51,2571,10.484521,18
Custom,51,2583,5.724783,12
Custom,51,2594,4.338255,11
Custom,51,2604,4.847531,10
Custom,51,2621,13.788345,17
Custom,51,2631,6.831101,10
Custom,51,2637,-0.501406,6
Custom,51,2645,-0.133214,8
Custom,51,2652,3.33493,7
Custom,51,2659,3.096392,7
Custom,51,2669,5.592455,10
Custom,51,2693,16.197426,24
Custom,51,2721,18.310542,28
Custom,51,2731,-4.708562,10
Custom,51,2737,1.428624,6
Custom,51,2745,-0.852676,8
Custom,51,2760,9.814279,15
Custom,51,2791,21.285493,31
Custom,51,2811,11.515298,20
Custom,51,2824,10.312021,13
Custom,51,2829,-1.644852,5
Custom,51,2836,-0.014774,7
Custom,51,2843,4.052129,7
Custom,51,2849,-1.073488,6
Custom,51,2876,15.863902,27
Custom,51,2908,23.904909,32
Custom,51,2921,8.52335,13
Custom,51,2944,10.711821,23
Custom,51,2959,3.275785,15
Custom,51,2963,-8.780744,4
Custom,51,2982,15.738196,19
Custom,51,2989,1.084627,7
Custom,51,2993,-3.126405,4
Custom,51,3012,14.38783,19
Custom,51,3016,-3.090052,4
Custom,51,3043,17.957042,27
Custom,51,3051,4.557728,8
Custom,51,3058,-4.686522,7
Custom,51,3065,2.63011,7
Custom,51,3075,7.196693,10
Custom,51,3081,-0.446273,6
Custom,51,3110,13.592109,29
Custom,51,3117,0.297708,7
Custom,51,3123,-10.303955,6
Custom,51,3133,1.358196,10
Custom,51,3139,-0.380671,6
Custom,51,3149,6.867333,10
Custom,51,3171,11.052827,22
Custom,51,3186,11.559701,15
Custom,51,3195,-3.080501,9
Custom,51,3209,3.333201,14
Custom,51,3214,-3.341438,5
Custom,51,3218,-5.118065,4
Custom,51,3236,11.289996,18
Custom,51,3241,0.443071,5
Custom,51,3256,11.801911,15
Custom,51,3272,9.489884,16
Custom,51,3279,3.099621,7
Custom,51,3306,14.105854,27
Custom,51,3337,13.076052,31
Custom,51,3343,2.439606,6
Custom,51,3353,5.468334,10
Custom,51,3360,-2.21221,7
Custom,51,3364,-3.930541,4
Custom,51,3371,1.870951,7
Custom,51,3384,8.025509,13
Custom,51,3393,-0.892634,9
Custom,51,3399,-0.531731,6
Custom,51,3413,10.533168,14
Custom,51,3439,19.088661,26
Custom,51,3447,3.623248,8
Custom,51,3455,4.737828,8
Custom,51,3462,0.941916,7
Custom,51,3480,13.006469,18
Custom,51,3485,-4.447451,5
Custom,51,3492,-6.156266,7
Custom,51,3503,5.172271,11
Custom,51,3526,17.187716,23
Custom,51,3532,0.302277,6
Custom,51,3538,1.014824,6
Custom,51,3562,15.708454,24
Custom,51,3572,6.961038,10
Custom,51,3585,7.541086,13
Custom,51,3598,0.021134,13
Custom,51,3609,4.818139,11
Custom,51,3626,7.64992,17
Custom,51,3637,8.39671,11
Custom,51,3645,3.929646,8
Custom,51,3653,4.552921,8
Custom,51,3662,2.242732,9
Custom,51,3667,1.158212,5
Custom,51,3684,8.592911,17
Custom,51,3690,2.528443,6
Custom,51,3702,4.009526,12
Custom,51,3726,15.975429,24
Custom,51,3731,1.173496,5
Custom,51,3745,5.410691,14
Custom,51,3751,2.815847,6
Custom,51,3763,6.887231,12
Custom,51,3774,7.788139,11
Custom,51,3785,6.229047,11
Custom,51,3791,0.921067,6
Custom,51,3836,29.966742,45
Custom,51,3849,6.771719,13
Custom,51,3860,4.939867,11
Custom,51,3875,4.717493,15
Custom,51,3882,-3.31113,7
Custom,51,3895,10.08725,13
Custom,51,3902,2.600278,7
Custom,51,3917,9.203564,15
Custom,51,3924,2.363984,7
Custom,51,3935,7.469382,11
Custom,51,3942,2.441225,7
Custom,51,3952,7.056715,10
Custom,51,3969,12.209089,17
Custom,51,3973,-4.154289,4
Custom,51,3984,8.616375,11
Custom,51,3994,6.58283,10
Custom,51,4000,1.295815,6
Custom,51,4004,-2.874245,4
Custom,51,4011,3.056548,7
Custom,51,4018,1.090486,7
Custom,51,4029,4.023267,11
Custom,51,4037,2.663114,8
Custom,51,4043,-0.427571,6
Custom,51,4053,4.967434,10
Custom,51,4063,-3.945062,10
Custom,51,4074,5.56473,11
Custom,51,4084,1.504614,10
Custom,51,4141,40.667239,57
Custom,51,4154,8.441968,13
Custom,51,4165,7.202305,11
Custom,51,4209,18.550477,44
Custom,51,4231,13.003376,22
Custom,51,4244,9.104991,13
Custom,51,4255,6.451927,11
Custom,51,4262,3.820987,7
Custom,51,4271,2.68967,9
Custom,51,4285,7.398852,14
Custom,51,4291,-1.951664,6
Custom,51,4318,22.415969,27
Custom,51,4330,6.241027,12
Custom,51,4340,5.095897,10
Custom,51,4361,16.321236,21
Custom,51,4367,1.133582,6
Custom,51,4380,8.629566,13
Custom,51,4401,12.356329,21
Custom,51,4408,2.921115,7
Custom,51,4432,18.136373,24
Custom,51,4442,5.563558,10
Custom,51,4449,4.280531,7
Custom,51,4456,3.330773,7
Custom,51,4492,23.491033,36
Custom,51,4509,6.590837,17
Custom,51,4527,14.810075,18
Custom,51,4533,2.737362,6
Custom,51,4547,5.952645,14
Custom,51,4596,16.209468,49
Custom,51,4615,13.221644,19
Custom,51,4621,-1.886109,6
Custom,51,4644,12.177524,23
Custom,51,4657,7.588245,13
Custom,51,4697,31.506136,40
Custom,51,4722,16.019658,25
Custom,51,4729,2.684423,7
Custom,51,4762,23.37366,33
Custom,51,4790,17.589916,28
Custom,51,4812,12.518457,22
Custom,51,4855,27.561454,43
Custom,51,4862,3.198244,7
Custom,51,4933,32.351962,71
Custom,51,4941,4.518622,8
Custom,51,4983,28.390626,42
Custom,51,4997,9.937896,14
Custom,51,5010,-1.297746,13
Custom,51,5058,31.889782,48
Custom,51,5063,-2.281813,5
Custom,51,5070,0.668122,7
Custom,51,5080,6.71872,10
Custom,51,5095,10.164332,15
Custom,51,5111,8.07191,16
Custom,51,5165,30.168415,54
Custom,51,5171,2.29233,6
Custom,51,5179,4.201761,8
Custom,51,5206,16.43211,27
Custom,51,5212,1.145952,6
Custom,51,5221,4.0389,9
Custom,51,5228,-0.907012,7
Custom,51,5242,4.223849,14
Custom,51,5254,2.160295,12
Custom,51,5303,32.882203,49
Custom,51,5334,17.826538,31
Custom,51,5361,19.756512,27
Custom,51,5368,0.401364,7
Custom,51,5389,12.986068,21
Custom,51,5394,-0.802811,5
Custom,51,5403,2.718049,9
Custom,51,5423,8.163029,20
Custom,51,5429,1.251787,6
Custom,51,5441,8.534049,12
Custom,51,5452,7.310724,11
Custom,51,5466,9.567378,14
Custom,51,5484,7.090431,18
Custom,51,5489,0.553865,5
Custom,51,5514,17.121848,25
Custom,51,5526,7.127152,12
Custom,51,5538,6.020967,12
Custom,51,5561,17.601011,23
Custom,51,5637,55.893765,76
Custom,51,5644,4.050884,7
Custom,51,5652,3.542251,8
Custom,51,5691,23.32251,39
Custom,51,5710,12.618174,19
Custom,51,5738,21.640541,28
Custom,51,5753,5.989067,15
Custom,51,5783,20.550251,30
Custom,51,5795,7.171447,12
Custom,51,5803,4.606753,8
Custom,51,5813,4.800338,10
Custom,51,5820,4.262745,7
Custom,51,5833,9.448855,13
Custom,51,5846,9.387905,13
Custom,51,5850,-3.090146,4
Custom,51,5855,-3.081486,5
Custom,51,5861,0.309949,6
Custom,51,5865,-7.852763,4
Custom,51,5871,1.280129,6
Custom,51,5887,7.366294,16
Custom,51,5896,4.666883,9
Custom,51,5902,2.174135,6
Custom,51,5906,-0.379517,4
Custom,51,5930,14.26604,24
Custom,51,5941,6.676317,11
Custom,51,5956,10.898416,15
Custom,51,5977,16.70981,21
Custom,51,5983,1.523812,6
Custom,51,5993,5.065586,10
Custom,51,5998,0.121844,5
Custom,51,6019,11.318039,21
Custom,51,6048,13.80013,29
Custom,51,6060,7.190673,12
Custom,51,6066,0.652366,6
Custom,51,6084,13.236853,18
Custom,51,6133,29.043117,49
Custom,51,6152,12.455664,19
Custom,51,6160,5.129828,8
Custom,51,6187,19.718218,27
Custom,51,6194,3.227798,7
Custom,51,6261,45.105699,67
Custom,51,6301,29.078481,40
Custom,51,6327,17.99104,26
Custom,51,6354,19.152911,27
Custom,51,6380,17.355373,26
Custom,51,6423,25.8023,43
Custom,51,6434,6.205498,11
Custom,51,6446,6.495354,12
Custom,51,6456,6.53539,10
Custom,51,6538,63.084502,82
Custom,51,6582,33.058814,44
Custom,51,6628,29.756367,46
Custom,51,6652,16.877139,24
Custom,51,6670,12.330471,18
Custom,51,6678,4.542059,8
Custom,51,6684,2.092553,6
Custom,51,6702,12.490094,18
Custom,51,6733,24.174351,31
Custom,51,6756,18.184012,23
Custom,51,6798,31.016056,42
Custom,51,6833,25.651417,35
Custom,51,6851,10.817806,18
Custom,51,6876,20.036532,25
Custom,51,6914,29.210701,38
Custom,51,6926,7.538018,12
Custom,51,6987,37.879262,61
Custom,51,7027,28.631788,40
Custom,51,7045,10.314634,18
Custom,51,7092,33.021952,47
Custom,51,7102,4.786667,10
Custom,51,7147,33.119065,45
Custom,51,7162,7.172351,15
Custom,51,7174,9.262881,12
Custom,51,7189,9.118382,15
Custom,51,7231,11.079509,42
Custom,51,7265,25.62949,34
Custom,51,7271,2.39208,6
Custom,51,7294,11.743776,23
Custom,51,7338,24.463475,44
Custom,51,7357,13.759411,19
Custom,51,7365,2.450016,8
Custom,51,7381,10.257617,16
Custom,51,7420,25.468297,39
Custom,51,7446,20.380583,26
Custom,51,7497,26.445326,51
Custom,51,7541,32.800975,44
Custom,51,7556,10.039147,15
Custom,51,7569,6.026798,13
Custom,51,7611,20.011237,42
Custom,51,7668,36.214826,57
Custom,51,7685,12.710123,17
Custom,51,7707,16.826265,22
Custom,51,7742,22.222487,35
Custom,51,7767,18.432116,25
Custom,51,7782,10.353501,15
Custom,51,7802,15.685465,20
Custom,51,7819,13.566702,17
Custom,51,7848,14.79858,29
Custom,51,7876,19.783347,28
Custom,51,7929,36.564848,53
Custom,51,7946,8.921246,17
Custom,51,7961,9.765488,15
Custom,51,8002,29.732869,41
Custom,51,8048,36.932939,46
Custom,51,8066,10.480383,18
Custom,51,8115,39.119554,49
Custom,51,8136,13.794343,21
Custom,51,8217,53.448155,81
Custom,51,8231,9.847338,14
Custom,51,8250,11.695411,19
Custom,51,8266,11.76735,16
Custom,51,8290,15.54154,24
Custom,51,8337,30.671423,47
Custom,51,8382,26.678302,45
Custom,51,8430,37.322327,48
Custom,51,8459,23.686595,29
Custom,51,8490,19.781716,31
Custom,51,8509,11.779224,19
Custom,51,8550,27.788829,41
Custom,51,8615,37.921619,65
Custom,51,8629,11.649286,14
Custom,51,8681,34.079179,52
Custom,51,8746,47.487543,65
Custom,51,8774,20.235696,28
Custom,51,8820,34.698539,46
Custom,51,8883,43.548603,63
Custom,51,8980,72.018031,97
Custom,51,9033,41.309405,53
Custom,51,9043,7.46592,10
Custom,51,9056,9.240154,13
Custom,51,9081,19.137983,25
Custom,51,9118,28.575676,37
Custom,51,9176,42.262784,58
Custom,51,9181,-1.608379,5
Custom,51,9218,15.291093,37
Custom,51,9222,-0.83477,4
Custom,51,9266,17.845644,44
Custom,51,9272,1.389979,6
Custom,51,9361,64.769485,89
Custom,51,9414,33.664352,53
Custom,51,9461,27.326417,47
Custom,51,9472,7.592742,11
Custom,51,9528,41.416467,56
Custom,51,9595,51.326853,67
Custom,51,9627,19.719158,32
Custom,51,9645,12.549019,18
Custom,51,9686,30.763236,41
Custom,51,9766,51.137676,80
Custom,51,9814,39.444608,48
Custom,51,9863,28.242946,49
Custom,51,9928,45.881905,65
Custom,51,9965,30.1539,37
Custom,51,10032,44.283152,67
Custom,51,10079,38.187156,47
Custom,51,10108,23.55748,29
Custom,51,10119,7.565714,11
Custom,51,10155,9.752638,36
Custom,51,10252,75.194183,97
Custom,51,10359,77.039284,107
Custom,51,10492,95.03115,133
Custom,51,10500,4.838752,8
Custom,51,10523,18.647675,23
Custom,51,10660,97.790052,137
Custom,51,10713,34.228872,53
Custom,51,10764,39.179229,51
Custom,51,10791,18.507597,27
Custom,51,10832,26.481367,41
Custom,51,10904,55.428259,72
Custom,51,10944,29.890536,40
Custom,51,10998,37.149643,54
Custom,51,11037,32.027943,39
Custom,51,11081,33.311099,44
Custom,51,11157,55.824048,76
Custom,51,11267,77.943805,110
Custom,51,11313,35.203647,46
Custom,51,11381,48.201627,68
Custom,51,11434,33.364449,53
Custom,51,11484,23.766875,50
Custom,51,11542,41.955358,58
Custom,51,11603,41.812216,61
Custom,51,11667,47.254294,64
Custom,51,11715,36.382044,48
Custom,51,11733,13.379156,18
Custom,51,11792,38.587239,59
Custom,51,11824,24.00217,32
Custom,51,11888,47.908687,64
Custom,51,11934,32.528381,46
Custom,51,11998,49.444183,64
Custom,51,12071,41.98732,73
Custom,51,12160,63.796456,89
Custom,51,12247,53.881872,87
Custom,51,12368,84.495905,121
Custom,51,12453,61.916745,85
Custom,51,12499,23.044055,46
Custom,51,12582,63.140982,83
Custom,51,12629,31.461052,47
Custom,51,12654,19.436346,25
Custom,51,12799,110.493004,145
Custom,51,12887,67.397255,88
Custom,51,12980,68.213109,93
Custom,51,13028,28.882443,48
Custom,51,13078,39.015435,50
Custom,51,13124,24.7409,46
Custom,51,13195,51.483244,71
Custom,51,13279,61.897816,84
Custom,51,13323,28.680134,44
Custom,51,13374,27.635531,51
Custom,51,13448,53.878409,74
Custom,51,13528,54.524884,80
Custom,51,13610,58.60039,82
Custom,51,13724,82.724382,114
Custom,51,13802,47.427069,78
Custom,51,13809,2.72995,7
Custom,51,13895,66.507544,86
Custom,51,13923,18.279332,28
Custom,51,13967,32.128072,44
Custom,51,14059,69.109672,92
Custom,51,14108,39.014983,49
Custom,51,14251,97.977558,143
Custom,51,14275,16.286077,24
Custom,51,14341,33.702863,66
Custom,51,14518,138.006634,177
Custom,51,14612,64.77774,94
Custom,51,14666,37.257995,54
Custom,51,14733,46.983875,67
Custom,51,14872,104.906763,139
Custom,51,14948,57.204588,76
Custom,51,15059,83.733492,111
Custom,51,15218,118.795125,159
Custom,51,15285,45.348108,67
Custom,51,15363,58.631891,78
Custom,51,15626,200.150276,263
Custom,51,15700,56.394784,74
Custom,51,15802,74.464576,102
Custom,51,15876,48.814526,74
Custom,51,16007,100.844551,131
Custom,51,16085,62.091749,78
Custom,51,16222,105.542479,137
Custom,51,16289,44.510082,67
Custom,51,16362,54.76534,73
Custom,51,16491,98.568287,129
Custom,51,16620,97.258033,129
Custom,51,16742,100.497299,122
Custom,51,16858,84.037066,116
Custom,51,17080,169.771509,222
Custom,51,17160,57.450625,80
Custom,51,17228,45.877309,68
Custom,51,17394,121.961019,166
Custom,51,17530,104.059982,136
Custom,51,17652,88.053008,122
Custom,51,17729,56.082061,77
Custom,51,17907,130.994931,178
Custom,51,18057,109.829351,150
Custom,51,18081,14.653451,24
Custom,51,18255,128.402605,174
Custom,51,18485,179.066038,230
Custom,51,18702,162.009206,217
Custom,51,18835,102.772097,133
Custom,51,18946,74.797874,111
Custom,51,19157,165.273084,211
Custom,51,19255,77.162651,98
Custom,51,19406,108.546773,151
Custom,51,19529,86.523103,123
Custom,51,19662,107.665822,133
Custom,51,19773,82.145245,111
Custom,51,19894,85.567206,121
Custom,51,20115,163.545433,221
Custom,51,20225,81.494999,110
Custom,51,20349,95.138042,124
Custom,51,20504,121.485791,155
Custom,51,20690,142.827413,186
Custom,51,20791,78.005772,101
Custom,51,20990,159.9967,199
Custom,51,21408,332.161739,418
Custom,51,21651,191.676853,243
Custom,51,21697,38.111087,46
Custom,51,22049,278.3611,352
Custom,51,22394,270.04169,345
Custom,51,23394,767.15985,1000
Custom,51,24153,613.203691,759
Custom,51,25153,805.060811,1000
Custom,51,26153,811.673922,1000
Custom,51,27153,818.088715,1000
Custom,51,28153,854.822044,1000
Custom,51,29153,857.23315,1000
Custom,51,30153,876.963892,1000
Custom,51,31153,877.687153,1000
Custom,51,32153,900.596297,1000
Custom,51,33153,896.544168,1000
Custom,51,34153,905.321701,1000
Custom,51,35153,910.709693,1000
Custom,51,36153,919.041359,1000
Custom,51,37153,930.151697,1000
Custom,51,38153,936.861897,1000
Custom,51,39153,932.070982,1000
Custom,51,40153,940.650205,1000
Custom,51,41153,943.164197,1000
Custom,51,42153,953.371913,1000
Custom,51,43153,951.553723,1000
Custom,51,44153,955.963734,1000
Custom,51,45153,959.920174,1000
Custom,51,46153,962.716826,1000
Custom,51,47153,961.676388,1000
Custom,51,48153,968.615622,1000
Custom,51,49153,969.738541,1000
Custom,51,50153,972.762096,1000
Custom,51,51153,971.90927,1000
Custom,51,52153,975.661633,1000
Custom,51,53153,976.807239,1000
Custom,51,54153,980.498826,1000
Custom,51,55153,978.824311,1000
Custom,51,56153,981.016151,1000
Custom,51,57153,981.340768,1000
Custom,51,58153,984.353621,1000
Custom,51,59153,986.632724,1000
Custom,51,60153,986.410753,1000
Custom,51,61153,987.23056,1000
Custom,51,62153,988.238196,1000
Custom,51,63153,987.680424,1000
Custom,51,64153,990.758844,1000
Custom,51,65153,989.470257,1000
Custom,51,66153,990.248257,1000
Custom,51,67153,990.524914,1000
Custom,51,68153,991.240446,1000
Custom,51,69153,991.057086,1000
Custom,51,70153,992.390888,1000
Custom,51,71153,992.234784,1000
Custom,51,72153,992.774625,1000
Custom,51,73153,993.59685,1000
Custom,51,74153,993.522936,1000
Custom,51,75153,994.572011,1000
Custom,51,76153,994.088028,1000
Custom,51,77153,994.318859,1000
Custom,51,78153,994.887447,1000
Custom,51,79153,995.097881,1000
Custom,51,80153,995.384803,1000
Custom,51,81153,995.915548,1000
Custom,51,82153,995.692058,1000
Custom,51,83153,996.49642,1000
Custom,51,84153,996.191917,1000
Custom,51,85153,996.980915,1000
Custom,51,86153,996.969776,1000
Custom,51,87153,996.984934,1000
Custom,51,87742,584.842507,589
Custom,51,88458,712.063111,716
Custom,51,89227,763.859462,769
Custom,51,89781,550.353518,554
Custom,51,90068,284.366105,287
Custom,51,91068,997.09437,1000
Custom,51,92068,997.183957,1000
Custom,51,93068,997.15889,1000
Custom,51,94068,997.165278,1000
Custom,51,95068,997.538357,1000
Custom,51,96068,997.491291,1000
Custom,51,97068,997.783545,1000
Custom,51,98068,997.896625,1000
Custom,51,99068,998.176906,1000
Custom,51,100068,998.360212,1000
